{"type":"FeatureCollection","features":[{"type":"Feature","id":"vvm_e9095_analysedata_polygon_areal_fase_3.2148112","bbox":[9.83710151,56.98936037,9.94658115,57.12763032],"geometry":{"type":"MultiPolygon","coordinates":[[[[9.84966032,57.03892444],[9.84920173,57.03934427],[9.84902303,57.03954314],[9.84888859,57.03951305],[9.8486907,57.03981738],[9.84840405,57.0403565],[9.8482557,57.04078401],[9.84810931,57.04145101],[9.8491419,57.04151915],[9.84888124,57.04296298],[9.84844914,57.04306753],[9.84834311,57.04308017],[9.84830762,57.04314132],[9.84825356,57.04319654],[9.84817955,57.04324583],[9.84807642,57.04327872],[9.84793215,57.04328839],[9.847867,57.04328563],[9.84783431,57.043927],[9.84775216,57.04392203],[9.84762387,57.04387255],[9.84724512,57.04372029],[9.84725557,57.04320117],[9.84728846,57.04244479],[9.84742082,57.04124429],[9.84761903,57.04023438],[9.84778876,57.03946041],[9.84762106,57.03944414],[9.8478402,57.03851601],[9.84714158,57.03846458],[9.84715246,57.03839113],[9.84723894,57.03780724],[9.84726234,57.03763279],[9.84729192,57.03761442],[9.84731807,57.037206],[9.84729458,57.03721042],[9.84721548,57.03719435],[9.84717015,57.03716225],[9.84637105,57.03703259],[9.84530688,57.03690089],[9.84440347,57.03677723],[9.84194483,57.03671497],[9.84114737,57.03671787],[9.84010326,57.03666685],[9.83965725,57.0366563],[9.83940372,57.03661821],[9.83939088,57.03661626],[9.83908013,57.03653894],[9.83838826,57.03646927],[9.8378094,57.0363897],[9.83710151,57.03628113],[9.83721423,57.03605841],[9.83750829,57.03609857],[9.83826152,57.03621235],[9.83875246,57.03628536],[9.83881316,57.03628578],[9.83901275,57.03629501],[9.83908985,57.03630754],[9.8395844,57.03633001],[9.83998455,57.03633714],[9.84062882,57.03632881],[9.84150648,57.03628193],[9.84191292,57.03627751],[9.84229272,57.03623039],[9.84249553,57.03621768],[9.84301785,57.03618777],[9.84336828,57.03618275],[9.84394177,57.03619611],[9.84473524,57.03622999],[9.84531737,57.03627838],[9.84556685,57.03630122],[9.84567668,57.03601141],[9.84576182,57.03579083],[9.84586321,57.03561095],[9.84599029,57.03547003],[9.84615432,57.03532376],[9.84651355,57.03512702],[9.84695242,57.03497653],[9.84755763,57.03476806],[9.8480606,57.03465561],[9.84847077,57.03449646],[9.84892328,57.03426804],[9.84935858,57.0339915],[9.84973572,57.03368761],[9.85001597,57.03340224],[9.8504264,57.03282172],[9.85161157,57.03086081],[9.85248397,57.0294538],[9.85374293,57.02703979],[9.85484964,57.02463607],[9.85539342,57.0233669],[9.85627109,57.02099714],[9.85601093,57.02106105],[9.85566895,57.02115829],[9.85541578,57.02121503],[9.85530072,57.02123288],[9.85518896,57.02122837],[9.8551468,57.02112242],[9.85531728,57.02110424],[9.85539076,57.02110218],[9.85547802,57.02107413],[9.85565074,57.02103422],[9.85570363,57.02102957],[9.85576593,57.02100026],[9.85584909,57.02098736],[9.85619724,57.02087066],[9.85630933,57.02083578],[9.85669611,57.0196971],[9.85703588,57.01853359],[9.85730534,57.01706891],[9.85738171,57.01655184],[9.85739475,57.01608811],[9.85734967,57.01576651],[9.85722179,57.01531007],[9.85716641,57.01529362],[9.85715029,57.01515237],[9.85690268,57.01476983],[9.85660419,57.01448496],[9.85622063,57.01403176],[9.85609166,57.01381109],[9.85602822,57.01360941],[9.85403589,57.01357213],[9.85291487,57.01355823],[9.8529302,57.01405334],[9.85272102,57.01355522],[9.8529302,57.01405334],[9.85153317,57.01407736],[9.85127599,57.01408199],[9.85119493,57.01387049],[9.85116005,57.01360588],[9.8511278,57.01356105],[9.85121696,57.01354229],[9.85271694,57.01350371],[9.85269862,57.01327181],[9.85339475,57.01324843],[9.8545206,57.01313787],[9.85565917,57.01307022],[9.8560894,57.01304061],[9.85621604,57.01271464],[9.85641215,57.01248511],[9.85665076,57.01224232],[9.85724852,57.0117255],[9.85769058,57.01131991],[9.85797418,57.01093887],[9.8582654,57.01032569],[9.85837844,57.00980276],[9.85840948,57.00959181],[9.85841862,57.00950309],[9.85841515,57.00942119],[9.8584245,57.00934992],[9.85843575,57.00920116],[9.85845582,57.00900541],[9.85846759,57.00890312],[9.85847924,57.00877027],[9.85848737,57.00863692],[9.85850611,57.00854211],[9.85851997,57.00807844],[9.85854638,57.0079322],[9.85855602,57.00788206],[9.85854417,57.00776535],[9.85855886,57.00764654],[9.85857209,57.00757104],[9.85857278,57.00742984],[9.85857986,57.0073731],[9.85859243,57.00727278],[9.85860557,57.00719051],[9.85861919,57.00699106],[9.85864094,57.00671582],[9.85865368,57.00643462],[9.8586475,57.00620068],[9.85865316,57.00614892],[9.85865623,57.00603847],[9.85865173,57.00592479],[9.85865036,57.0058239],[9.85867883,57.00575631],[9.85865318,57.00558459],[9.85850467,57.0055186],[9.857968,57.00559314],[9.85714688,57.0057424],[9.85702431,57.00576608],[9.85700726,57.00574418],[9.85650048,57.00585076],[9.85625371,57.00589707],[9.8560668,57.00592928],[9.85597492,57.0057682],[9.85616492,57.00573513],[9.85676943,57.00561206],[9.8570868,57.00552929],[9.85751071,57.00541841],[9.85765583,57.00538176],[9.85771929,57.00534367],[9.85798131,57.00527519],[9.85827367,57.00521104],[9.85844419,57.0051804],[9.85843072,57.00511684],[9.85863248,57.00500228],[9.85859311,57.00479435],[9.85857651,57.00467677],[9.85856742,57.00458354],[9.85854899,57.00424505],[9.85853863,57.00399512],[9.85852476,57.00379483],[9.85851285,57.00370597],[9.85850917,57.00362566],[9.85850622,57.00353539],[9.85850314,57.00342142],[9.85850113,57.00326009],[9.85849139,57.00301698],[9.85849283,57.00294055],[9.8584848,57.00283788],[9.85842026,57.00274655],[9.85841452,57.0027197],[9.85839129,57.00256527],[9.85838194,57.00248452],[9.85837306,57.00239837],[9.85834996,57.00221605],[9.85833182,57.00196607],[9.85833259,57.0019154],[9.8583425,57.0017851],[9.85835735,57.0016709],[9.85836875,57.00160188],[9.85837944,57.00153796],[9.85842076,57.00130566],[9.85845038,57.00116122],[9.8584939,57.00101067],[9.858509,57.00095719],[9.85854207,57.00084196],[9.85854951,57.00081606],[9.85858942,57.00067602],[9.85860171,57.00063687],[9.85864213,57.00051043],[9.85864745,57.00049407],[9.85865859,57.00046149],[9.85869477,57.00034834],[9.8587031,57.00032141],[9.85871662,57.00028028],[9.85873544,57.00021703],[9.85874592,57.00018317],[9.85877455,57.00008171],[9.85879452,57.00001474],[9.8588111,56.99996809],[9.85883794,56.99989797],[9.85885873,56.99984978],[9.85890361,56.99974651],[9.85892987,56.99968659],[9.85898015,56.999571],[9.85899585,56.99952439],[9.85903221,56.99939384],[9.85904261,56.99935928],[9.85908709,56.99921586],[9.8590933,56.99919478],[9.85913357,56.99903731],[9.85913622,56.99902854],[9.8591972,56.9988641],[9.85919949,56.99885881],[9.85927446,56.99870135],[9.8592833,56.9986837],[9.85935375,56.99853986],[9.85936805,56.99850951],[9.85942874,56.99837814],[9.85944819,56.99833463],[9.85950507,56.99821597],[9.85953431,56.99816006],[9.85958785,56.99805533],[9.85961926,56.9979866],[9.85965996,56.99789362],[9.85969533,56.9978111],[9.85973558,56.99773089],[9.85978984,56.9976373],[9.85982833,56.99757134],[9.8598889,56.99746543],[9.85991977,56.99741241],[9.85997927,56.99729329],[9.85999731,56.99725188],[9.860059,56.99711819],[9.86007377,56.99708946],[9.86015234,56.99694512],[9.86015998,56.99692952],[9.86024322,56.99677196],[9.86024458,56.99676916],[9.86032757,56.99660782],[9.86033384,56.99659734],[9.86037369,56.99649864],[9.86041649,56.99645167],[9.86047959,56.99636946],[9.86053524,56.99628546],[9.86058926,56.99620065],[9.86064435,56.99611622],[9.86069432,56.99603085],[9.8607465,56.99594562],[9.86079738,56.99586028],[9.86084864,56.99577488],[9.86090059,56.99568972],[9.86095088,56.99560424],[9.86100253,56.99551901],[9.86105188,56.99543368],[9.86109824,56.99534712],[9.8611539,56.9952624],[9.86120246,56.99517687],[9.86125362,56.99509129],[9.86130617,56.99500611],[9.8613068,56.99500509],[9.86135657,56.99492128],[9.86136381,56.99490852],[9.8614032,56.99483648],[9.86141673,56.99481191],[9.86144815,56.99475202],[9.86146265,56.99472446],[9.86146703,56.99471605],[9.86148938,56.99466788],[9.86151345,56.99462016],[9.86153002,56.99458428],[9.86154258,56.99455502],[9.86156666,56.99449985],[9.86157147,56.99448925],[9.86160001,56.99442374],[9.86160317,56.99441581],[9.8616083,56.99440268],[9.86132537,56.99434291],[9.86138996,56.99429937],[9.86145422,56.99426525],[9.86152845,56.99422379],[9.86157797,56.99420577],[9.86171081,56.9941561],[9.86170625,56.99409552],[9.86170627,56.99409432],[9.86170629,56.9940807],[9.86167036,56.99403862],[9.86166834,56.99398964],[9.86166809,56.99397671],[9.86166669,56.99391872],[9.86166706,56.99390389],[9.86166778,56.99386103],[9.86166748,56.99381901],[9.86166758,56.9938035],[9.86166625,56.9937462],[9.86166544,56.9937345],[9.86166302,56.99368879],[9.86165927,56.99364954],[9.86165819,56.99363114],[9.86165271,56.99357379],[9.86165146,56.99356503],[9.86164306,56.99351237],[9.86167088,56.99347327],[9.86166767,56.99345659],[9.86165322,56.99339891],[9.86165182,56.99339271],[9.86163762,56.99334175],[9.86162659,56.99330856],[9.86161739,56.99328439],[9.86160318,56.99322507],[9.86153355,56.99318592],[9.86149543,56.99316065],[9.8614502,56.99314124],[9.86136212,56.99309722],[9.86115313,56.9930244],[9.86140275,56.99294767],[9.86136435,56.99290751],[9.86131829,56.99286194],[9.86128539,56.99283122],[9.86121036,56.99276252],[9.86120213,56.99275494],[9.86111174,56.99267921],[9.86109397,56.99266358],[9.86104914,56.9926233],[9.86102174,56.99259712],[9.86100455,56.99257861],[9.86096245,56.99253027],[9.86094094,56.99249814],[9.86092847,56.99247619],[9.86090755,56.99243812],[9.86088958,56.99239928],[9.8608845,56.9923863],[9.86087545,56.99235949],[9.86086477,56.99231976],[9.86085762,56.99228021],[9.86085579,56.99227123],[9.86085127,56.99224019],[9.86084681,56.99220029],[9.86084342,56.99216006],[9.86084321,56.99215464],[9.8608432,56.992119],[9.86084639,56.99207791],[9.8608539,56.99203708],[9.86085422,56.99203562],[9.86086313,56.99200188],[9.86086602,56.99199495],[9.86088412,56.99195524],[9.8609034,56.99191848],[9.86090549,56.99191503],[9.860932,56.99187647],[9.8609615,56.99183837],[9.86098938,56.99180761],[9.86099564,56.99180113],[9.86103218,56.99176529],[9.86107175,56.99173026],[9.86110277,56.99170539],[9.86111483,56.99169622],[9.86115983,56.99166366],[9.86120678,56.99163219],[9.86120754,56.99163171],[9.86123907,56.99161248],[9.86130214,56.99157751],[9.86139087,56.99153348],[9.86140166,56.9915289],[9.86150132,56.99148615],[9.86154895,56.99146773],[9.86160321,56.99144748],[9.86170478,56.99141317],[9.86170819,56.99141212],[9.86180541,56.99138221],[9.86186381,56.99136504],[9.86190418,56.99135346],[9.86200147,56.99132738],[9.86201645,56.99132351],[9.86216749,56.99128507],[9.86231978,56.99124885],[9.86246424,56.99120804],[9.86258995,56.99116379],[9.86259639,56.99114855],[9.86234119,56.99058764],[9.86225948,56.990352],[9.86223659,56.99033147],[9.86193748,56.98993029],[9.86179097,56.98963159],[9.86174609,56.98954538],[9.86176271,56.98951538],[9.86175842,56.98946517],[9.862239,56.98936037],[9.86237956,56.98953402],[9.86233542,56.9895448],[9.86256533,56.98977273],[9.86261163,56.98975705],[9.86267577,56.98979718],[9.86279055,56.98988034],[9.86290007,56.98998726],[9.86301843,56.99012642],[9.86311361,56.99020564],[9.86317018,56.99024183],[9.86323135,56.99029523],[9.86345633,56.99051854],[9.86366437,56.99071305],[9.86377741,56.99080187],[9.86436665,56.9905908],[9.86580657,56.99013751],[9.86583144,56.99015585],[9.86623445,56.99047323],[9.86632729,56.99054561],[9.86633551,56.990552],[9.86644711,56.99063268],[9.86667849,56.99079892],[9.86703552,56.99104606],[9.86728717,56.9912128],[9.86690985,56.99148343],[9.86637025,56.99185166],[9.86578663,56.99234572],[9.86597096,56.99256045],[9.86636444,56.9928496],[9.86770032,56.99393448],[9.86828731,56.99447175],[9.86755124,56.99474512],[9.86724195,56.99450673],[9.86689058,56.99418116],[9.86669986,56.99403427],[9.86658471,56.99408399],[9.8663067,56.99418421],[9.86594326,56.99432437],[9.86536366,56.99452724],[9.86532223,56.99457675],[9.86514603,56.99465224],[9.86508579,56.99467508],[9.86496642,56.99469466],[9.86486827,56.99475754],[9.86461677,56.99485287],[9.86427393,56.99499068],[9.86346896,56.99528068],[9.86287569,56.99553469],[9.86266063,56.99566138],[9.8622463,56.99591042],[9.86186166,56.99616148],[9.86181726,56.99626543],[9.86175751,56.99629869],[9.86163143,56.99649247],[9.86152179,56.99684446],[9.86144999,56.99702833],[9.86134464,56.99720169],[9.86121363,56.99735712],[9.86108818,56.99765735],[9.8608948,56.99811027],[9.86062811,56.99810984],[9.86046126,56.99846622],[9.86023324,56.99904821],[9.8600305,56.99953973],[9.85994252,56.99974435],[9.85977514,57.00111346],[9.85969277,57.00156598],[9.85969067,57.0016724],[9.85951927,57.00186044],[9.85958476,57.0021656],[9.85950941,57.00309968],[9.85951348,57.0035997],[9.85947812,57.00379672],[9.85953125,57.0039543],[9.85953919,57.00413752],[9.85947016,57.00420386],[9.859512,57.00440342],[9.85943348,57.00457554],[9.85960326,57.00466104],[9.85964405,57.00475793],[9.85964819,57.00485797],[9.859472,57.00493996],[9.85967106,57.00502049],[9.85966856,57.00505393],[9.85973549,57.00505109],[9.86022,57.00504198],[9.8607114,57.00505966],[9.86110966,57.0050931],[9.86177532,57.00516818],[9.86177318,57.00520297],[9.86200311,57.0052177],[9.86214187,57.00521483],[9.86239625,57.00522986],[9.86246954,57.00525653],[9.86250714,57.00525727],[9.86262758,57.00526812],[9.86330437,57.00532508],[9.86326292,57.00550355],[9.86286641,57.00547609],[9.8622704,57.00542439],[9.8622098,57.00541843],[9.86209481,57.00541237],[9.86195076,57.00540359],[9.86194685,57.00541456],[9.86138505,57.00537963],[9.86094562,57.0053688],[9.86053331,57.00537353],[9.86016146,57.00539687],[9.85955025,57.00542645],[9.85943262,57.00557423],[9.85943541,57.00568358],[9.85941398,57.00584304],[9.85938163,57.00591768],[9.85943234,57.00601568],[9.85949868,57.00635208],[9.85949928,57.0065569],[9.85949146,57.00684541],[9.85950902,57.00718704],[9.85951858,57.00742232],[9.86014862,57.00741674],[9.86014834,57.00798075],[9.85954095,57.00798438],[9.85957524,57.00894837],[9.85962965,57.0102746],[9.85970273,57.01063588],[9.85984315,57.01098616],[9.86003535,57.01133013],[9.8603419,57.01172255],[9.86058022,57.01195471],[9.86070602,57.01203948],[9.86093097,57.0122739],[9.86114321,57.01258801],[9.8612242,57.01285202],[9.86123964,57.01293182],[9.86237919,57.01290748],[9.86317096,57.0129186],[9.86395481,57.01294477],[9.86487617,57.01298395],[9.86621608,57.0130674],[9.86725517,57.01314224],[9.86794348,57.01320651],[9.86785681,57.01349515],[9.86705517,57.0134417],[9.8659902,57.01339561],[9.86520852,57.01338924],[9.86468105,57.01339479],[9.8640723,57.01341376],[9.86366602,57.01341432],[9.86365742,57.01342942],[9.86325091,57.01344645],[9.8628778,57.01349715],[9.8621699,57.01353346],[9.86115593,57.01355199],[9.86111757,57.01369609],[9.86100298,57.01392953],[9.86083102,57.01415546],[9.8606621,57.01433006],[9.86047452,57.01448325],[9.85994874,57.01485928],[9.85964273,57.01514044],[9.85924587,57.01546427],[9.85896528,57.01580692],[9.85863612,57.01647124],[9.85836265,57.01741774],[9.85820773,57.01794294],[9.85879622,57.01799094],[9.85861328,57.01856719],[9.85803914,57.0185129],[9.85798159,57.01870695],[9.8576941,57.01961665],[9.85765747,57.01972458],[9.85826959,57.01979175],[9.85800704,57.02038911],[9.85810009,57.02048507],[9.85798854,57.02051544],[9.85790032,57.02052029],[9.85734962,57.02068932],[9.85719817,57.0211463],[9.8576661,57.02118585],[9.85754519,57.02176476],[9.85700548,57.02172778],[9.85698581,57.02178712],[9.85669359,57.02259218],[9.8564181,57.02328319],[9.85599125,57.02434711],[9.85571881,57.02497408],[9.85554621,57.02530473],[9.85544185,57.02556614],[9.85533381,57.02587182],[9.85527577,57.0259221],[9.8550793,57.02635965],[9.85494994,57.02643389],[9.85494541,57.02661378],[9.8548504,57.0268265],[9.85472459,57.02705011],[9.85470142,57.02713968],[9.8543016,57.027943],[9.85376292,57.02895504],[9.85349247,57.02944426],[9.85414885,57.02958126],[9.85350929,57.03063526],[9.85288675,57.03051939],[9.85258467,57.03104614],[9.85194697,57.03211],[9.85165484,57.03268314],[9.85120134,57.03358191],[9.85070296,57.03454233],[9.85058911,57.03490519],[9.85055117,57.03532883],[9.85060349,57.03570499],[9.85079267,57.03612671],[9.8512106,57.03667242],[9.85139088,57.03687066],[9.85149284,57.03712654],[9.85148709,57.03742822],[9.85135004,57.03766387],[9.85220076,57.03803003],[9.85296172,57.03846484],[9.85360117,57.0388305],[9.85365268,57.0388295],[9.85377043,57.03895793],[9.85383433,57.03898156],[9.85422297,57.03928767],[9.85447028,57.03949627],[9.85574946,57.03910769],[9.85561495,57.03902916],[9.85495028,57.03894168],[9.85502833,57.03874689],[9.85530713,57.03877577],[9.85539239,57.03878765],[9.85541948,57.03879143],[9.85576584,57.03882535],[9.85600653,57.0389121],[9.8562207,57.03902884],[9.85642871,57.03902201],[9.85648387,57.03903628],[9.85656558,57.03902846],[9.8569408,57.03900452],[9.85694482,57.03902699],[9.85721475,57.0390183],[9.85767776,57.03902815],[9.85822242,57.03905978],[9.85854115,57.03907188],[9.85887759,57.0390728],[9.85938059,57.03905006],[9.85943945,57.0392869],[9.85908274,57.03930325],[9.85862924,57.03931447],[9.85834967,57.03930089],[9.85775252,57.03925445],[9.85741016,57.0392059],[9.85719406,57.03920798],[9.85700055,57.03920919],[9.85698561,57.03921874],[9.85689403,57.03922478],[9.85683619,57.03925212],[9.85665649,57.03926896],[9.85630273,57.03933242],[9.85590009,57.03942939],[9.85473998,57.03982822],[9.85507408,57.04015361],[9.85541141,57.04055372],[9.85573524,57.04096596],[9.85641744,57.04187061],[9.85679886,57.04221732],[9.85728571,57.04250529],[9.85777224,57.04274085],[9.85811094,57.0428694],[9.8586649,57.04302622],[9.85877235,57.04303246],[9.85911276,57.04312376],[9.85969749,57.04320462],[9.8598676,57.04321099],[9.86027866,57.04325261],[9.86073755,57.04327928],[9.86130015,57.04335099],[9.86158759,57.04336893],[9.86163792,57.04342275],[9.86208675,57.04349355],[9.86268316,57.04363528],[9.86305396,57.04374623],[9.86340632,57.04386683],[9.86357617,57.04394272],[9.86400689,57.04415368],[9.86394257,57.04419152],[9.86403822,57.04424508],[9.86405816,57.0442573],[9.86405915,57.0442568],[9.86437957,57.04443623],[9.86479363,57.04469557],[9.86519866,57.04494397],[9.8649815,57.04504878],[9.86423049,57.04458986],[9.86399159,57.04444491],[9.86356712,57.0442193],[9.8631267,57.04402623],[9.86271552,57.04388013],[9.86263449,57.04389246],[9.86211403,57.04378723],[9.8617283,57.04371441],[9.86168881,57.04368023],[9.86085309,57.04359082],[9.86049629,57.04357229],[9.86018002,57.04354447],[9.86003673,57.04352445],[9.85965584,57.04348966],[9.85960257,57.04351761],[9.8594095,57.04349231],[9.85940823,57.04348381],[9.85922948,57.04346241],[9.85905316,57.04343725],[9.85901368,57.04343006],[9.85884202,57.04337493],[9.85877559,57.04337183],[9.85870616,57.04336097],[9.85862748,57.04333983],[9.85850518,57.0433244],[9.85838309,57.04328646],[9.85831657,57.04327553],[9.85788678,57.04314862],[9.85774723,57.04310348],[9.85766037,57.04305848],[9.85754342,57.04302761],[9.8574844,57.04299728],[9.85730784,57.04293713],[9.85679147,57.04268104],[9.85643635,57.04245477],[9.85621574,57.04229958],[9.85603845,57.04214469],[9.85580611,57.04190995],[9.85560522,57.04167359],[9.85528177,57.0412321],[9.85503611,57.04090666],[9.85482257,57.04070789],[9.85440255,57.04038875],[9.85398273,57.04000615],[9.85341565,57.03960607],[9.85337331,57.03953227],[9.85259427,57.03905561],[9.8517876,57.0386421],[9.85172604,57.03863803],[9.85105206,57.03838136],[9.85065965,57.0382165],[9.85048575,57.03834683],[9.85001589,57.03866841],[9.84966032,57.03892444]]],[[[9.86838369,57.06622513],[9.86835144,57.06625777],[9.86829183,57.06627381],[9.868221,57.06629942],[9.86814535,57.06632075],[9.86807477,57.06634668],[9.8679981,57.06636997],[9.86791868,57.06639098],[9.86783589,57.06640668],[9.86774214,57.06640263],[9.86766381,57.06642008],[9.86758446,57.06643665],[9.86750452,57.06645226],[9.86742432,57.0664669],[9.86734405,57.06648074],[9.86726384,57.06649392],[9.86718375,57.0665066],[9.8671627,57.06650984],[9.86710894,57.06652407],[9.86702991,57.06653952],[9.86694963,57.06655175],[9.86687089,57.06656393],[9.86671583,57.066589],[9.86663892,57.06660231],[9.86661858,57.06660596],[9.86656332,57.06661619],[9.86648841,57.06663088],[9.86642519,57.06664407],[9.8664144,57.06664641],[9.86634074,57.0666629],[9.86626789,57.06668025],[9.86619579,57.06669847],[9.86612411,57.06671765],[9.86559894,57.06687786],[9.86557033,57.06688956],[9.86550612,57.06691632],[9.86544231,57.06694368],[9.86543948,57.06694492],[9.86579069,57.06717573],[9.86565645,57.06723605],[9.86567316,57.06726777],[9.86500917,57.06763265],[9.86477246,57.06747994],[9.86457965,57.06733376],[9.86456152,57.06734275],[9.86450302,57.06737262],[9.86444569,57.06740311],[9.86438948,57.06743421],[9.86433443,57.06746591],[9.86428056,57.06749822],[9.86422787,57.0675311],[9.86417641,57.06756454],[9.86412619,57.06759855],[9.86407722,57.06763308],[9.86402953,57.06766816],[9.86398288,57.06770388],[9.86393657,57.06774034],[9.86389009,57.06777734],[9.86384286,57.06781468],[9.86375837,57.06789449],[9.86370832,57.06793105],[9.86361184,57.06800667],[9.86355917,57.06804238],[9.8635054,57.06807774],[9.86345072,57.06811114],[9.86340036,57.06814606],[9.86334834,57.0681818],[9.86329254,57.06821484],[9.86325018,57.06824429],[9.86311303,57.06826626],[9.86300969,57.06821787],[9.86302861,57.0681435],[9.86307423,57.06811481],[9.86312736,57.06808022],[9.86318282,57.06804682],[9.86323616,57.06801291],[9.86333409,57.0679403],[9.86338917,57.06790826],[9.8634415,57.06787583],[9.86348854,57.0678417],[9.86353177,57.06780425],[9.86358093,57.06776874],[9.86362725,57.06773233],[9.86367806,57.06769742],[9.8637243,57.06766094],[9.86377175,57.0676233],[9.86382172,57.06758584],[9.86387301,57.06754866],[9.86392636,57.06751252],[9.86398553,57.06747891],[9.86403994,57.06744354],[9.86409589,57.06740863],[9.86415309,57.06737434],[9.86421153,57.06734067],[9.86427098,57.06730778],[9.86445031,57.06723568],[9.86408722,57.0669604],[9.86388681,57.06681822],[9.86368047,57.0666785],[9.86365428,57.06666106],[9.86347344,57.06653884],[9.86326247,57.06640092],[9.86305257,57.06626202],[9.8628499,57.06611991],[9.86264906,57.06597701],[9.86245589,57.06583114],[9.86237,57.0657702],[9.86225502,57.06568932],[9.8620488,57.06555011],[9.86195321,57.06549387],[9.86182302,57.06541881],[9.86160731,57.06528045],[9.86152965,57.06521514],[9.86141161,57.06513628],[9.86120484,57.06499573],[9.86111685,57.06493481],[9.86100249,57.06485295],[9.86080108,57.0647101],[9.86071504,57.06464853],[9.86060047,57.06456679],[9.86040074,57.06442319],[9.86031361,57.06436229],[9.86019615,57.06428136],[9.86000024,57.0641346],[9.85992639,57.06406963],[9.8597922,57.06399725],[9.85958723,57.06385359],[9.85950358,57.06379071],[9.85938937,57.06370844],[9.85922667,57.06358244],[9.85916785,57.06353797],[9.85911349,57.06349761],[9.85909971,57.0634886],[9.85899351,57.06341782],[9.8589009,57.06335118],[9.85885467,57.06334044],[9.85884257,57.06333229],[9.8588162,57.0633155],[9.85878901,57.06329858],[9.85876198,57.06328129],[9.85873556,57.06326388],[9.85870952,57.06324664],[9.85869088,57.06323471],[9.85868321,57.06322996],[9.85865602,57.06321316],[9.85862861,57.06319647],[9.85860113,57.06317976],[9.85857334,57.06316296],[9.85854589,57.06314569],[9.85849323,57.06311092],[9.85847845,57.06310124],[9.85846689,57.06309377],[9.8584403,57.06307633],[9.85841449,57.06305884],[9.85838836,57.0630417],[9.85833563,57.06300732],[9.85828239,57.06297317],[9.85826351,57.06296112],[9.85825572,57.06295627],[9.85820187,57.06292218],[9.85817495,57.06290518],[9.85814801,57.06288813],[9.85812115,57.062871],[9.85809436,57.06285377],[9.85806815,57.06283653],[9.85804916,57.06282449],[9.8580145,57.06280218],[9.85798823,57.06278437],[9.85796352,57.06276695],[9.85793793,57.06275131],[9.85790676,57.06273565],[9.85787942,57.06271713],[9.8578537,57.06269985],[9.85783504,57.06268779],[9.85782738,57.06268286],[9.85780096,57.0626659],[9.85777346,57.06264898],[9.85774687,57.06263141],[9.85772058,57.06261403],[9.85769443,57.0625964],[9.85766891,57.0625787],[9.85764322,57.06256119],[9.85761749,57.06254349],[9.85759232,57.06252585],[9.85756668,57.06250866],[9.85751413,57.06247422],[9.85748772,57.06245701],[9.85746127,57.06243974],[9.85743473,57.06242227],[9.85740889,57.06240452],[9.85738329,57.06238687],[9.8573576,57.06236907],[9.85734489,57.0623599],[9.85733253,57.06235085],[9.8572832,57.06231488],[9.85725861,57.06229709],[9.85723322,57.06227942],[9.85721514,57.0622664],[9.85718389,57.06224279],[9.8571596,57.06222489],[9.85713496,57.06220722],[9.85710964,57.06218971],[9.85708413,57.06217209],[9.8570766,57.0621669],[9.85705868,57.06215427],[9.85701542,57.0621242],[9.8570083,57.06211941],[9.85698232,57.06210207],[9.8569562,57.06208478],[9.85693002,57.06206755],[9.85690365,57.0620504],[9.85687708,57.0620332],[9.85685025,57.06201567],[9.85684295,57.06201051],[9.85682498,57.06199778],[9.85680795,57.06198571],[9.85680246,57.0619819],[9.8567703,57.06196671],[9.85674425,57.06194656],[9.85672058,57.06192859],[9.8566955,57.06191094],[9.85667096,57.06189292],[9.85664593,57.0618755],[9.85662023,57.06185802],[9.85661407,57.06185379],[9.85660335,57.0618467],[9.85659587,57.06184185],[9.85654233,57.06180777],[9.8565156,57.06179054],[9.85648913,57.06177326],[9.85646362,57.06175664],[9.85643715,57.06173934],[9.85641088,57.06172194],[9.85639393,57.06171069],[9.8563852,57.06170493],[9.85637881,57.06170068],[9.8563601,57.06168838],[9.85633402,57.06167095],[9.85630788,57.0616537],[9.85628161,57.06163652],[9.85625471,57.06161916],[9.85622895,57.06160127],[9.85620323,57.06158368],[9.85618687,57.0615723],[9.85617908,57.06156681],[9.85615353,57.06154922],[9.85614845,57.06154569],[9.85612855,57.06153199],[9.85610316,57.06151476],[9.85607755,57.06149759],[9.85605176,57.06148038],[9.8560265,57.06146344],[9.85600074,57.06144774],[9.85594791,57.06140959],[9.8559317,57.0613992],[9.85591463,57.061403],[9.85589045,57.06141081],[9.85588486,57.06141171],[9.85585819,57.06142411],[9.85584586,57.06142547],[9.85580965,57.06142874],[9.85579535,57.06142993],[9.85577102,57.06143103],[9.85573379,57.06143146],[9.85571938,57.06143104],[9.85569628,57.06142981],[9.85567787,57.06142869],[9.85565784,57.06142695],[9.85563445,57.06142275],[9.85562534,57.06142138],[9.85561768,57.06142056],[9.855603,57.06141877],[9.85558998,57.06141703],[9.85555599,57.06141011],[9.85555477,57.0614098],[9.85551096,57.0613931],[9.85550272,57.06138964],[9.85550275,57.06138894],[9.85550079,57.06138883],[9.85547932,57.06137984],[9.85546572,57.06137214],[9.85545598,57.06136735],[9.85544106,57.06135952],[9.85542713,57.06135143],[9.85541746,57.06134526],[9.85541536,57.06134366],[9.85540167,57.06133243],[9.85539602,57.06132756],[9.85538019,57.06131204],[9.85537865,57.06131037],[9.85536431,57.06129279],[9.85535226,57.06127541],[9.85535009,57.06127165],[9.85534248,57.06125643],[9.85533987,57.06124978],[9.85533628,57.0612374],[9.855336,57.06123586],[9.85533483,57.06122669],[9.85533438,57.06121625],[9.85533514,57.06120416],[9.85533602,57.06119662],[9.85533931,57.06118177],[9.85534081,57.06117686],[9.8553484,57.06115859],[9.85535315,57.06114967],[9.85535998,57.06113903],[9.8553647,57.06113261],[9.85537454,57.0611207],[9.85538664,57.0611083],[9.85539221,57.06110308],[9.85540508,57.06109249],[9.85541372,57.0610862],[9.8554376,57.06107122],[9.85546402,57.06105747],[9.85548846,57.06104658],[9.8554799,57.0610347],[9.85547842,57.06103268],[9.85546515,57.06101382],[9.8554523,57.06099493],[9.85545104,57.06099307],[9.85543683,57.0609726],[9.85542212,57.06095213],[9.85540732,57.06093153],[9.85539279,57.06091089],[9.85538816,57.06090431],[9.8553783,57.06089077],[9.85537665,57.06088866],[9.85536239,57.06087089],[9.85534589,57.06085071],[9.85532958,57.06083039],[9.85531761,57.06081533],[9.85531343,57.06081002],[9.85529767,57.06078979],[9.85528153,57.06076975],[9.85526503,57.06074966],[9.85524856,57.06072951],[9.85523215,57.06070945],[9.85521543,57.06068949],[9.8551986,57.06066957],[9.85518144,57.06064973],[9.85517146,57.06063829],[9.85516401,57.06062964],[9.85514715,57.06060938],[9.85513093,57.06058914],[9.85511475,57.0605691],[9.85510002,57.06055123],[9.85507652,57.06053457],[9.85504831,57.06051415],[9.85503236,57.06049184],[9.85501721,57.06047181],[9.85500165,57.0604518],[9.85498569,57.06043197],[9.85496805,57.06041113],[9.85495669,57.06039113],[9.85493683,57.06037357],[9.85491748,57.06035289],[9.85490095,57.06033233],[9.85488494,57.06031235],[9.85486847,57.06029258],[9.85486634,57.06029008],[9.85485142,57.06027263],[9.85483569,57.06025285],[9.85481973,57.06023269],[9.85480312,57.06021226],[9.8547864,57.06019176],[9.85476956,57.06017122],[9.85476129,57.06016097],[9.85475424,57.06015241],[9.85473746,57.06013194],[9.85472046,57.06011157],[9.85470584,57.06009411],[9.8547044,57.06009239],[9.85468699,57.06007208],[9.85466968,57.06005174],[9.85465359,57.06003314],[9.85463494,57.06001247],[9.85461686,57.0599924],[9.85460027,57.05997445],[9.85458072,57.05995325],[9.85456442,57.05993619],[9.8545431,57.05991405],[9.85452471,57.05989504],[9.85450551,57.05987522],[9.85448615,57.05985545],[9.8544668,57.05983572],[9.85444714,57.05981613],[9.85442703,57.05979639],[9.85441472,57.05978373],[9.85440869,57.05977762],[9.85438893,57.05975806],[9.85436885,57.05973845],[9.8543488,57.05971866],[9.85432912,57.05969872],[9.85430968,57.05967858],[9.85429165,57.05965868],[9.85427326,57.05963867],[9.85425754,57.05962165],[9.85423637,57.05959875],[9.85421776,57.05957867],[9.85419935,57.05955853],[9.85418098,57.05953846],[9.85417637,57.05953343],[9.85416212,57.05951799],[9.85414607,57.05949807],[9.85412384,57.05947882],[9.85410677,57.05945716],[9.85408877,57.0594372],[9.85407102,57.05941683],[9.8540528,57.05939686],[9.85403406,57.05937698],[9.85401485,57.05935714],[9.8539953,57.05933727],[9.85397575,57.0593173],[9.8539563,57.05929724],[9.85393706,57.05927704],[9.85391838,57.05925685],[9.85389924,57.05923657],[9.85388131,57.05921588],[9.85386372,57.05919566],[9.853845,57.05917526],[9.85382764,57.05915396],[9.85381182,57.05913267],[9.85379725,57.05911285],[9.85378158,57.05909826],[9.85374722,57.05908645],[9.85370005,57.05907008],[9.85366351,57.05903861],[9.85369845,57.05900332],[9.85368886,57.05899292],[9.85366291,57.058974],[9.85364597,57.05895175],[9.85362757,57.05893249],[9.85360793,57.05891243],[9.85357067,57.05887185],[9.85355201,57.05885163],[9.85353337,57.05883108],[9.85351611,57.05881043],[9.85349761,57.05878942],[9.85348394,57.05876875],[9.85346499,57.05875104],[9.85344065,57.05873102],[9.85342392,57.05870896],[9.85340699,57.05868968],[9.85338551,57.05866953],[9.85336999,57.05864802],[9.85335174,57.0586286],[9.85333311,57.05860816],[9.85331506,57.05858762],[9.85329754,57.05856729],[9.85327928,57.05854721],[9.85326088,57.05852683],[9.85324262,57.05850612],[9.85322568,57.05848509],[9.85320979,57.05846485],[9.85319068,57.05844475],[9.85317402,57.05842327],[9.8531581,57.05840259],[9.85314137,57.05838217],[9.85312436,57.05836149],[9.8531079,57.05834087],[9.85309051,57.05832037],[9.85307381,57.05829944],[9.85305707,57.05827827],[9.85304317,57.05825803],[9.85302203,57.05823794],[9.85300978,57.05821657],[9.85298889,57.05819854],[9.8529682,57.05817595],[9.8529578,57.05815532],[9.85293466,57.05813782],[9.85291609,57.05811558],[9.8528978,57.05809316],[9.85288903,57.05807069],[9.85287244,57.05805117],[9.85285996,57.05803115],[9.85284971,57.05802307],[9.85284958,57.05801519],[9.85284594,57.05801272],[9.85282269,57.05799208],[9.85281239,57.05798214],[9.85281932,57.05797391],[9.85279384,57.05796418],[9.85277897,57.05794932],[9.85277136,57.05792448],[9.85276059,57.05790526],[9.85275368,57.05789767],[9.85274494,57.05788659],[9.8527223,57.05786768],[9.85270537,57.05784796],[9.85268108,57.05783114],[9.85267809,57.05782846],[9.85265998,57.05780632],[9.85264515,57.0577848],[9.85263078,57.05776505],[9.85261077,57.05774553],[9.85259338,57.05772398],[9.85257721,57.05770334],[9.85256017,57.05768295],[9.85254357,57.05766292],[9.85252617,57.05764167],[9.85250918,57.05762109],[9.8524922,57.05760048],[9.85245841,57.05755933],[9.8524374,57.05753454],[9.85242379,57.05751788],[9.85240784,57.0574969],[9.85239172,57.05747642],[9.85237477,57.05745605],[9.85235748,57.05743552],[9.85234031,57.05741485],[9.85232334,57.05739404],[9.85230695,57.05737318],[9.85228883,57.05735028],[9.85225773,57.05731085],[9.85224174,57.05728981],[9.85222617,57.05726894],[9.85221021,57.05724827],[9.85219396,57.05722752],[9.85217775,57.05720674],[9.85216156,57.05718607],[9.85214674,57.05716769],[9.85183619,57.05695887],[9.85182215,57.05694427],[9.85180724,57.05692804],[9.85180312,57.05692336],[9.85178624,57.05690267],[9.85176869,57.05688238],[9.85175089,57.05686157],[9.85173438,57.05684027],[9.85171896,57.05681895],[9.85170428,57.05679792],[9.85167305,57.05675608],[9.85164345,57.05671353],[9.85162914,57.05669234],[9.85161453,57.0566715],[9.85159914,57.05665082],[9.85158332,57.05663008],[9.85156724,57.05660921],[9.85155148,57.05658811],[9.85153632,57.05656718],[9.8515205,57.05654654],[9.85150447,57.05652581],[9.85148815,57.05650499],[9.85147238,57.05648424],[9.85145583,57.05646381],[9.85143893,57.05644319],[9.85142221,57.05642258],[9.85140516,57.05640211],[9.85138797,57.05638152],[9.8513708,57.05636076],[9.85135428,57.05633983],[9.8513379,57.05631881],[9.85132253,57.05629767],[9.85130698,57.05627667],[9.85129188,57.0562554],[9.85127732,57.05623425],[9.85126248,57.05621338],[9.85124722,57.05619254],[9.85123172,57.05617175],[9.85121575,57.05615092],[9.85120011,57.0561299],[9.85118462,57.05610897],[9.85116907,57.05608816],[9.85115315,57.05606739],[9.85113721,57.05604652],[9.85112136,57.05602565],[9.85110542,57.05600477],[9.85108964,57.05598379],[9.85105874,57.05594184],[9.8510432,57.05592089],[9.85102784,57.05589996],[9.85101209,57.05587902],[9.85099683,57.05585786],[9.85098179,57.05583674],[9.85096696,57.05581565],[9.85095206,57.05579475],[9.85093672,57.05577404],[9.85092069,57.0557532],[9.85090506,57.05573206],[9.85088987,57.05571097],[9.8508747,57.0556898],[9.85086021,57.05566877],[9.85084481,57.05564809],[9.85082912,57.05562716],[9.85081353,57.05560602],[9.85079859,57.05558477],[9.85078389,57.05556363],[9.85076924,57.05554265],[9.85075418,57.05552188],[9.85073864,57.05550133],[9.85070527,57.05546027],[9.85068798,57.05543954],[9.85067135,57.05541823],[9.85065641,57.05539689],[9.85064161,57.05537629],[9.8506251,57.05535592],[9.85060844,57.05533522],[9.8505916,57.05531449],[9.85057484,57.05529339],[9.85053317,57.05522617],[9.85051768,57.05521021],[9.85050074,57.05519195],[9.85047071,57.05517397],[9.85043618,57.05513744],[9.85045866,57.05505563],[9.85044338,57.05503098],[9.85042501,57.05501027],[9.85040114,57.05496676],[9.850385,57.05494754],[9.8503651,57.05492557],[9.85035055,57.05489196],[9.85028095,57.0548112],[9.85023486,57.05478758],[9.85021838,57.05476216],[9.85019085,57.05471952],[9.85016342,57.05467686],[9.8501361,57.05463418],[9.85010889,57.05459149],[9.85008178,57.05454876],[9.85005753,57.05451036],[9.8500548,57.05450602],[9.85004134,57.05448464],[9.85002791,57.05446326],[9.85001452,57.05444187],[9.85000114,57.05442049],[9.84998778,57.05439909],[9.84997447,57.05437768],[9.84996117,57.05435628],[9.84994791,57.05433486],[9.84993467,57.05431345],[9.84992145,57.05429202],[9.84990828,57.05427059],[9.84989511,57.05424916],[9.84988198,57.05422772],[9.84986889,57.05420628],[9.84985581,57.05418483],[9.84984276,57.05416338],[9.84982973,57.05414192],[9.84981675,57.05412046],[9.84980376,57.05409899],[9.84979083,57.05407752],[9.84977792,57.05405604],[9.84976503,57.05403456],[9.84975217,57.05401307],[9.84973934,57.05399158],[9.84972654,57.05397009],[9.84971377,57.05394858],[9.84970102,57.05392708],[9.84969876,57.05392328],[9.84966097,57.05388675],[9.84965252,57.05387839],[9.84963784,57.05386139],[9.84962605,57.05384392],[9.8496149,57.05382491],[9.84960231,57.05380337],[9.84958976,57.05378183],[9.84957723,57.05376029],[9.84956472,57.05373874],[9.84955225,57.05371719],[9.8495398,57.05369563],[9.84952738,57.05367407],[9.84951498,57.0536525],[9.84950261,57.05363092],[9.84949027,57.05360935],[9.84947795,57.05358777],[9.84946566,57.05356619],[9.8494534,57.05354459],[9.84944118,57.053523],[9.84942897,57.0535014],[9.8494168,57.05347979],[9.84940465,57.05345818],[9.84939252,57.05343657],[9.84938043,57.05341495],[9.84936836,57.05339333],[9.84935632,57.0533717],[9.84934431,57.05335007],[9.84933232,57.05332843],[9.84932036,57.05330679],[9.84930843,57.05328515],[9.84929652,57.0532635],[9.84928465,57.05324185],[9.84928,57.05323335],[9.84926816,57.05321169],[9.84925635,57.05319002],[9.84924457,57.05316836],[9.84923281,57.05314668],[9.84922109,57.05312501],[9.84920939,57.05310333],[9.84919771,57.05308164],[9.84918607,57.05305994],[9.84917446,57.05303825],[9.84916286,57.05301655],[9.84915132,57.05299485],[9.84913977,57.05297314],[9.84912827,57.05295142],[9.84912173,57.05293906],[9.84910904,57.05290772],[9.84910357,57.05287492],[9.84910926,57.05282753],[9.84913099,57.05278126],[9.84916798,57.05273797],[9.84921896,57.05269913],[9.84928219,57.05266607],[9.84935495,57.05264012],[9.8493995,57.05262881],[9.84944449,57.05262032],[9.84954512,57.05260442],[9.8495505,57.05260359],[9.84959328,57.05259834],[9.84963805,57.05259539],[9.84968401,57.05259495],[9.84972982,57.05259693],[9.85004399,57.05261383],[9.85035567,57.05263525],[9.85045177,57.05264892],[9.85052301,57.05268545],[9.85054554,57.05271287],[9.85054686,57.05271539],[9.85055596,57.05273255],[9.85056731,57.05275397],[9.85057871,57.05277539],[9.85059012,57.05279681],[9.85060156,57.05281821],[9.85061304,57.05283961],[9.85062452,57.05286102],[9.85063605,57.05288241],[9.8506476,57.0529038],[9.85064856,57.05290557],[9.85065918,57.05292518],[9.85067079,57.05294657],[9.85070539,57.05300998],[9.85071917,57.05303507],[9.85073091,57.05305643],[9.85074269,57.05307778],[9.85075449,57.05309913],[9.85076632,57.05312048],[9.85077818,57.05314183],[9.85079005,57.05316316],[9.85080197,57.05318449],[9.85081391,57.05320581],[9.85082589,57.05322714],[9.85083788,57.05324846],[9.85084991,57.05326978],[9.85086195,57.05329108],[9.85087403,57.05331239],[9.85088613,57.05333369],[9.85089826,57.05335498],[9.85091042,57.05337627],[9.85092261,57.05339756],[9.85093482,57.05341884],[9.85094706,57.05344012],[9.85095933,57.05346139],[9.85097162,57.05348266],[9.85098395,57.05350392],[9.8509963,57.05352518],[9.85100868,57.05354643],[9.85102108,57.05356768],[9.85103354,57.05358896],[9.85104503,57.05360886],[9.85105313,57.05362717],[9.85105819,57.05364557],[9.8510667,57.05368935],[9.85107176,57.05369788],[9.85108435,57.05371909],[9.85109697,57.0537403],[9.85110962,57.05376151],[9.85112229,57.05378272],[9.851135,57.05380391],[9.85114773,57.0538251],[9.85116048,57.05384629],[9.85117327,57.05386747],[9.85118607,57.05388865],[9.85119892,57.05390982],[9.85121177,57.05393098],[9.85122467,57.05395215],[9.85123759,57.0539733],[9.85125054,57.05399446],[9.85126351,57.0540156],[9.85127651,57.05403675],[9.85128954,57.05405788],[9.85130259,57.05407902],[9.85131567,57.05410015],[9.85132879,57.05412127],[9.85134192,57.05414238],[9.85135509,57.0541635],[9.85136827,57.0541846],[9.8513815,57.05420571],[9.85139473,57.0542268],[9.85140801,57.0542479],[9.85142131,57.05426899],[9.85143464,57.05429007],[9.85144798,57.05431115],[9.85146136,57.05433222],[9.85147477,57.05435328],[9.8514882,57.05437435],[9.85150167,57.05439541],[9.85151514,57.05441645],[9.85152866,57.0544375],[9.8515422,57.05445855],[9.85155578,57.05447959],[9.85156937,57.05450061],[9.85158298,57.05452164],[9.85159664,57.05454266],[9.85161032,57.05456368],[9.85162401,57.05458469],[9.85163775,57.05460569],[9.8516515,57.05462669],[9.85166529,57.05464769],[9.8516791,57.05466868],[9.85169294,57.05468966],[9.8517068,57.05471064],[9.85172069,57.05473162],[9.85173461,57.05475258],[9.85174855,57.05477354],[9.85176252,57.0547945],[9.85177653,57.05481546],[9.85179055,57.05483641],[9.85180461,57.05485735],[9.85181868,57.05487828],[9.85184126,57.05491179],[9.85172517,57.05495902],[9.85173472,57.05498899],[9.85175327,57.05499974],[9.85179836,57.05501179],[9.85185728,57.05502667],[9.8518939,57.05505119],[9.85190609,57.05507669],[9.85191645,57.05509828],[9.85192543,57.05511603],[9.85196498,57.05516138],[9.8519706,57.05518243],[9.85198552,57.05520161],[9.85199826,57.0552232],[9.85201322,57.05524442],[9.85202942,57.0552769],[9.85215633,57.05534817],[9.85217713,57.05537451],[9.85220664,57.05540157],[9.85217563,57.05543389],[9.85218352,57.05544774],[9.85219726,57.05546813],[9.85221188,57.05548882],[9.85222627,57.05550912],[9.85224348,57.05552958],[9.85225809,57.05555125],[9.8522717,57.05557184],[9.85228812,57.05559294],[9.8522969,57.05560956],[9.85291944,57.05543018],[9.85353536,57.05616525],[9.85286709,57.056375],[9.85287004,57.05637895],[9.8528997,57.05642065],[9.85291484,57.05644115],[9.85293038,57.05646145],[9.85294703,57.05648179],[9.85296321,57.05650256],[9.852979,57.05652339],[9.85299418,57.0565442],[9.85300929,57.05656443],[9.85302642,57.05658463],[9.85304242,57.0566055],[9.85305818,57.05662576],[9.8530753,57.05664608],[9.85307827,57.05664993],[9.8531585,57.05691535],[9.85317415,57.05693316],[9.85319178,57.05695307],[9.85321032,57.05697296],[9.85322832,57.05699322],[9.85324604,57.05701325],[9.85326419,57.05703311],[9.85328245,57.05705306],[9.85330078,57.05707299],[9.85331133,57.05708443],[9.85331883,57.05709265],[9.85333862,57.05711204],[9.85335831,57.05713274],[9.85337476,57.05715419],[9.85339021,57.05717506],[9.85340533,57.0571953],[9.85342259,57.05721489],[9.85344054,57.05723503],[9.85346087,57.05725845],[9.85347543,57.05727632],[9.8534916,57.05729763],[9.85350389,57.05731616],[9.85353257,57.0573345],[9.85354219,57.05735826],[9.85356323,57.05737575],[9.85357756,57.0573951],[9.85358744,57.05740353],[9.85359501,57.05741984],[9.85360553,57.05743179],[9.85361187,57.05743734],[9.85362863,57.05745756],[9.85365077,57.05747607],[9.85366945,57.05749658],[9.85368904,57.0575154],[9.85371237,57.05753664],[9.85371231,57.05753862],[9.85372962,57.05755153],[9.85373368,57.05755485],[9.8537459,57.05757714],[9.85376465,57.05759428],[9.8537713,57.05760012],[9.85378611,57.05761512],[9.85380227,57.0576345],[9.85382496,57.05765197],[9.853848,57.05767261],[9.8538654,57.05769404],[9.85388133,57.05771289],[9.85390514,57.05773192],[9.85392046,57.05775373],[9.85393826,57.05777111],[9.85396434,57.05779037],[9.85397864,57.05781138],[9.85400326,57.05782891],[9.85402102,57.05785108],[9.85403809,57.05786996],[9.85405916,57.05788836],[9.85407798,57.05790574],[9.85408591,57.05790996],[9.85410574,57.05792649],[9.85412246,57.05794791],[9.85414093,57.05796692],[9.85416015,57.05798631],[9.85418032,57.05800551],[9.85420064,57.05802495],[9.85422107,57.05804462],[9.85424047,57.05806448],[9.85425987,57.05808395],[9.85433379,57.05815609],[9.85478548,57.05804267],[9.85520075,57.05849039],[9.85480603,57.05861646],[9.8548173,57.05862736],[9.85483434,57.05864394],[9.85485625,57.05866484],[9.85487388,57.05868131],[9.85488126,57.05868791],[9.85488126,57.05868792],[9.85491806,57.05872086],[9.85494011,57.05873928],[9.85494164,57.0587405],[9.85496063,57.05875551],[9.85497516,57.05876519],[9.85505143,57.05876211],[9.85506368,57.05878212],[9.85505497,57.05881325],[9.85506122,57.05882998],[9.85507792,57.05884554],[9.85509759,57.05886446],[9.85512045,57.05888198],[9.85514441,57.0589002],[9.85516477,57.05891565],[9.85516633,57.0589169],[9.85518284,57.05892961],[9.85518712,57.05893245],[9.85521228,57.05895023],[9.85523911,57.05896803],[9.85526293,57.05898721],[9.85527956,57.05900015],[9.85528423,57.05900379],[9.85530719,57.05902122],[9.85533034,57.05903888],[9.85535405,57.05905748],[9.85536787,57.0590684],[9.85537575,57.05907472],[9.85539802,57.05909277],[9.85542001,57.05911086],[9.85542825,57.0591176],[9.85544159,57.05912844],[9.85546473,57.05914532],[9.85548843,57.05916218],[9.85550676,57.05917442],[9.85551393,57.05917864],[9.85553571,57.05919602],[9.85556438,57.05921051],[9.85558711,57.05922681],[9.855613,57.05923683],[9.85565246,57.05924535],[9.85565753,57.05924687],[9.85568508,57.05925331],[9.855718,57.05925997],[9.85569561,57.05930448],[9.85570972,57.05931229],[9.85573699,57.05932617],[9.85574171,57.05932808],[9.85576343,57.05932548],[9.85580059,57.05932266],[9.8558397,57.05932149],[9.85587704,57.05932313],[9.85591067,57.05932628],[9.85592173,57.05932668],[9.85594715,57.05933003],[9.85595321,57.0593317],[9.85598384,57.05933781],[9.8560024,57.05934185],[9.85601842,57.05934578],[9.85602706,57.05934854],[9.85604973,57.05935584],[9.85607326,57.05936407],[9.8560787,57.0593659],[9.85609413,57.0593715],[9.85610874,57.0593784],[9.85611093,57.05937954],[9.85613527,57.05939316],[9.85613805,57.05939481],[9.85615899,57.05940848],[9.85616437,57.05941247],[9.85617996,57.05942518],[9.85618681,57.05943146],[9.85619776,57.05944259],[9.85620555,57.05945112],[9.85621333,57.05946059],[9.85622139,57.05947192],[9.85622626,57.05947957],[9.85623346,57.0594941],[9.85623556,57.05949971],[9.85624022,57.05951675],[9.85624085,57.05951989],[9.85624251,57.05953955],[9.85624249,57.05954089],[9.85623973,57.05956045],[9.85623876,57.0595641],[9.85623296,57.05958067],[9.85623016,57.05958671],[9.85622215,57.05960052],[9.85621656,57.05960849],[9.85620794,57.05961934],[9.85619898,57.05962911],[9.85619096,57.05963697],[9.8561791,57.05964818],[9.85617248,57.05965392],[9.85615888,57.05966457],[9.85615071,57.05967038],[9.8561251,57.05968648],[9.85613153,57.05970282],[9.85614217,57.05972324],[9.85615384,57.05974409],[9.85616587,57.05976529],[9.85617681,57.05978654],[9.85618802,57.05980723],[9.85620037,57.05982785],[9.85621302,57.05984873],[9.85622541,57.05986961],[9.85623797,57.05989038],[9.85626314,57.05993178],[9.85627643,57.05995205],[9.85629066,57.05997244],[9.85630474,57.05999298],[9.85631895,57.06001341],[9.85633328,57.06003393],[9.85634724,57.06005451],[9.85635843,57.0600709],[9.85636114,57.06007466],[9.85637578,57.06009499],[9.85639057,57.06011537],[9.85640499,57.06013582],[9.8564194,57.06015617],[9.85643381,57.0601765],[9.85644832,57.06019678],[9.8564494,57.06019829],[9.85646301,57.0602169],[9.85647801,57.06023705],[9.85649313,57.06025728],[9.85649633,57.06026162],[9.85650798,57.06027755],[9.85652284,57.06029747],[9.85653867,57.06031722],[9.85654424,57.06032411],[9.85655476,57.06033716],[9.85657098,57.06035719],[9.85658669,57.06037728],[9.85659421,57.06038667],[9.85660266,57.06039673],[9.85661954,57.06041638],[9.85663674,57.06043626],[9.85664643,57.06044822],[9.85666894,57.06047669],[9.85667779,57.06048736],[9.85668465,57.06049543],[9.85670186,57.06051571],[9.85671951,57.06053584],[9.85672633,57.06054356],[9.85673564,57.06055372],[9.856754,57.06057382],[9.85677245,57.06059395],[9.85679026,57.06061374],[9.85681049,57.06063349],[9.85681733,57.06064143],[9.85681897,57.06064326],[9.85682657,57.06065261],[9.85684213,57.06066857],[9.85684937,57.0606717],[9.85690521,57.06076363],[9.85781325,57.06051859],[9.85883293,57.06162096],[9.85832741,57.06181748],[9.85817152,57.06188163],[9.85852353,57.06217015],[9.85912434,57.0626364],[9.85952862,57.06296167],[9.86014868,57.0633913],[9.86069035,57.06375224],[9.86086653,57.06389414],[9.86097046,57.06396772],[9.86161194,57.06440537],[9.86220451,57.0647917],[9.86261962,57.06506514],[9.86301235,57.06535745],[9.86324897,57.06551151],[9.8637422,57.0658245],[9.86469778,57.06646889],[9.86529437,57.06684957],[9.8655049,57.0667653],[9.86557445,57.06673869],[9.86564506,57.06671294],[9.86571671,57.06668805],[9.86578937,57.06666403],[9.86586299,57.0666409],[9.86593753,57.06661866],[9.86601296,57.06659732],[9.86608923,57.06657691],[9.86616633,57.06655743],[9.8662442,57.06653889],[9.86632265,57.06652132],[9.86633445,57.06651878],[9.86679836,57.06642578],[9.86687821,57.06641345],[9.86695782,57.06640131],[9.86703699,57.06638924],[9.86711567,57.06637711],[9.86719373,57.06636475],[9.86727116,57.06635203],[9.86734781,57.06633881],[9.8674236,57.06632497],[9.86749851,57.06631035],[9.86757275,57.06629485],[9.86764631,57.06627846],[9.86771953,57.06626109],[9.86786243,57.06622408],[9.86793337,57.0662041],[9.86800347,57.06618327],[9.86820303,57.06612832],[9.86829006,57.06613008],[9.86835308,57.06617758],[9.86838369,57.06622513]]],[[[9.91348611,57.09828767],[9.91344408,57.09820542],[9.91340613,57.09813739],[9.91330502,57.09809814],[9.91325084,57.0980741],[9.91322416,57.09806114],[9.91315253,57.09805822],[9.91310662,57.0980291],[9.91295603,57.09792439],[9.91281476,57.09782311],[9.91262515,57.09767268],[9.9123504,57.09740981],[9.9122691,57.09733777],[9.91213525,57.09716158],[9.91196972,57.0969942],[9.91181367,57.09685249],[9.91161393,57.09667105],[9.91138556,57.09646588],[9.9111318,57.09626153],[9.91088349,57.09608252],[9.91060075,57.09589838],[9.91033334,57.09574071],[9.91002593,57.09557613],[9.90973341,57.09543323],[9.90948399,57.09531767],[9.90924018,57.09520763],[9.90872715,57.09497639],[9.90831885,57.09479127],[9.90799427,57.09464252],[9.90791859,57.09460769],[9.90775308,57.0945315],[9.90748566,57.09440797],[9.90723691,57.09429195],[9.9066557,57.09401849],[9.90584166,57.09362833],[9.90503028,57.09323197],[9.90417205,57.09280327],[9.90291288,57.09217854],[9.90210058,57.091767],[9.90113159,57.09126547],[9.90034729,57.09084926],[9.89974228,57.09052233],[9.89907659,57.0901574],[9.89866196,57.08992613],[9.89824163,57.09014315],[9.89715198,57.08951763],[9.89706844,57.08946129],[9.89696898,57.08948892],[9.8969123,57.08950273],[9.89680414,57.08952728],[9.89669913,57.08954718],[9.89667051,57.08955201],[9.89658971,57.08957513],[9.89649802,57.08957822],[9.89642197,57.08958723],[9.89634555,57.08960545],[9.89625837,57.08961758],[9.89611686,57.08963511],[9.89592133,57.08965815],[9.89563219,57.08969329],[9.89528424,57.08973805],[9.89522821,57.08960079],[9.89534685,57.089579],[9.89535728,57.089595],[9.89547219,57.08958104],[9.89555867,57.08955982],[9.89564195,57.0895475],[9.89578927,57.08953145],[9.89588563,57.08951941],[9.8959975,57.08950646],[9.89612681,57.08949113],[9.8962108,57.08948191],[9.89629149,57.08948167],[9.89636791,57.08946319],[9.89645297,57.08946145],[9.89653042,57.08945016],[9.89661622,57.08943627],[9.89668651,57.08942265],[9.89679777,57.08939769],[9.89690526,57.08937004],[9.89702835,57.08933341],[9.89712502,57.08929969],[9.89722073,57.08926233],[9.89732926,57.08921337],[9.89737518,57.08919235],[9.89731802,57.08915873],[9.89723197,57.08910806],[9.89714729,57.08905874],[9.89701506,57.08898512],[9.89686014,57.08890286],[9.89676706,57.08885136],[9.89666563,57.08879442],[9.89661444,57.08876599],[9.89656276,57.08873187],[9.89649142,57.08868476],[9.89643707,57.08864887],[9.89640129,57.08862529],[9.89635293,57.08858334],[9.89629603,57.08853406],[9.89623288,57.08847919],[9.89612564,57.08838808],[9.89596883,57.08825819],[9.89585558,57.0881634],[9.89572549,57.08810428],[9.89568327,57.08808509],[9.89550157,57.08812013],[9.89539209,57.08807031],[9.89494104,57.08827961],[9.89395673,57.08765084],[9.8943137,57.0874852],[9.89416862,57.0874083],[9.89408487,57.08737059],[9.89401518,57.08733746],[9.893754,57.08753561],[9.89259224,57.08708168],[9.89285561,57.08688187],[9.89283545,57.0868756],[9.89275485,57.08684075],[9.89269733,57.08686499],[9.89265333,57.08687628],[9.89255421,57.08685044],[9.89251175,57.08683596],[9.89248952,57.0868094],[9.89246067,57.08677326],[9.89242686,57.08676465],[9.89225113,57.08670502],[9.89193061,57.08661484],[9.89131642,57.0864738],[9.89050902,57.08632494],[9.89002308,57.08625731],[9.88987219,57.08622647],[9.88982296,57.08622632],[9.88961213,57.08620698],[9.88929298,57.0861489],[9.88899251,57.08611171],[9.88896384,57.08610851],[9.88898023,57.08613729],[9.88894922,57.08627165],[9.88891746,57.08640044],[9.88884548,57.08666136],[9.88878793,57.08687217],[9.8887337,57.08702621],[9.88865471,57.08708048],[9.88862343,57.0871606],[9.88856813,57.0873448],[9.88850719,57.08752715],[9.88805239,57.0874908],[9.88809072,57.08734444],[9.88810982,57.08724625],[9.88813436,57.08718608],[9.88814019,57.08714497],[9.88814719,57.08709482],[9.88817842,57.08694967],[9.88817826,57.08694654],[9.88819359,57.08689603],[9.88820639,57.08685134],[9.88822589,57.08677836],[9.88822913,57.08676128],[9.88824105,57.08671716],[9.88822471,57.08667218],[9.88819779,57.08660201],[9.88823116,57.08648576],[9.88837457,57.08607522],[9.88829687,57.08606946],[9.88823963,57.08606561],[9.88798707,57.08604207],[9.88787562,57.08603478],[9.88765284,57.08602528],[9.88763423,57.08602038],[9.88755348,57.08601509],[9.88746241,57.08600662],[9.88745379,57.08600686],[9.88742003,57.08600565],[9.88714055,57.08597766],[9.88699553,57.08595523],[9.88691846,57.08594185],[9.88689492,57.08593732],[9.88682582,57.08591987],[9.88665507,57.08587556],[9.88658503,57.08584534],[9.8865565,57.08583022],[9.88648789,57.08581344],[9.88635001,57.08576798],[9.88629588,57.08575142],[9.88622942,57.08577707],[9.88615471,57.08576417],[9.88594614,57.08571404],[9.88579689,57.08567747],[9.88572604,57.08566008],[9.88570941,57.08563983],[9.88569426,57.08562143],[9.88558252,57.08559473],[9.88549075,57.0855732],[9.88546683,57.08555824],[9.88540476,57.08554445],[9.88534663,57.08554171],[9.88525637,57.08552317],[9.88521216,57.08554447],[9.88510716,57.08552469],[9.88499465,57.08550218],[9.88490076,57.08545532],[9.88464146,57.0854141],[9.88442984,57.08538508],[9.88432272,57.08536893],[9.88431033,57.08536378],[9.88425486,57.08536443],[9.88406974,57.08534669],[9.88394504,57.08532965],[9.88393439,57.08532664],[9.88382239,57.08531971],[9.88356648,57.08530735],[9.88326334,57.08530158],[9.88314244,57.08529818],[9.88286145,57.0853012],[9.88260617,57.08530841],[9.88248515,57.08531717],[9.88239386,57.08532238],[9.88234487,57.08532399],[9.88231802,57.0853242],[9.8823149,57.08532368],[9.88230624,57.08532442],[9.8822166,57.08533561],[9.88216523,57.08534021],[9.88215813,57.08534259],[9.88208976,57.08534905],[9.88204825,57.08535671],[9.88201487,57.08536227],[9.88195847,57.08536734],[9.88191352,57.08537377],[9.88179702,57.0853916],[9.88167344,57.08541066],[9.88147292,57.08543623],[9.88137548,57.08544835],[9.88108234,57.08548559],[9.88104139,57.0854793],[9.88092963,57.0855075],[9.88075674,57.08551995],[9.88075525,57.08548624],[9.88072264,57.08549089],[9.88063856,57.08531658],[9.88157389,57.08517736],[9.88158019,57.08519029],[9.88171745,57.08517231],[9.88186651,57.08515286],[9.88194816,57.08514275],[9.88203556,57.08513326],[9.88210024,57.08512673],[9.88212989,57.08512291],[9.88219631,57.08511831],[9.88226343,57.08511362],[9.88225336,57.08506721],[9.88228162,57.08505881],[9.88230166,57.0850564],[9.8823696,57.08505121],[9.88243394,57.08504889],[9.88246254,57.08504533],[9.88252929,57.08503935],[9.88259269,57.08503287],[9.88267057,57.08502773],[9.88270117,57.08502556],[9.88275119,57.08503024],[9.88278292,57.08506852],[9.88283463,57.08506653],[9.88288932,57.0850662],[9.88301408,57.08506492],[9.88307354,57.08506494],[9.88315458,57.085065],[9.88324686,57.08506556],[9.88333857,57.08506793],[9.88340808,57.08506966],[9.88351326,57.08507328],[9.88361005,57.08507687],[9.88366606,57.08507973],[9.88373507,57.08508428],[9.88375258,57.08508537],[9.88378495,57.08508817],[9.8838478,57.08508903],[9.8838814,57.08508953],[9.88390397,57.08509118],[9.88393123,57.08509918],[9.88398193,57.08510287],[9.88400651,57.0850915],[9.88405033,57.08510744],[9.88409618,57.0851109],[9.88415617,57.08511533],[9.88416916,57.08511795],[9.88419975,57.08512052],[9.88423061,57.08512309],[9.88427061,57.08512644],[9.88433986,57.08513467],[9.88439347,57.08514128],[9.88440746,57.08513692],[9.88445095,57.08514098],[9.88452917,57.08514744],[9.88458554,57.08515429],[9.88464489,57.08516175],[9.88466534,57.08516435],[9.88470383,57.08516991],[9.8847419,57.08517546],[9.88477755,57.08518067],[9.88481858,57.08515704],[9.88494464,57.08517666],[9.88500884,57.08521767],[9.8850484,57.08522448],[9.88510324,57.08523452],[9.88516696,57.08524624],[9.88522034,57.08526071],[9.8852826,57.08527765],[9.88535174,57.08529132],[9.88540726,57.08530276],[9.88548271,57.08531862],[9.8855506,57.08533419],[9.88561062,57.08533737],[9.88570335,57.08535746],[9.88571133,57.08535924],[9.88572727,57.08535614],[9.88578503,57.08534504],[9.88582591,57.08535398],[9.88585208,57.08535974],[9.88589956,57.08537053],[9.88595934,57.08538432],[9.88602484,57.08539822],[9.88606987,57.08540778],[9.88612123,57.0854186],[9.88616346,57.08542717],[9.88622636,57.08543986],[9.88626571,57.08544968],[9.88627496,57.08545014],[9.88633342,57.08546352],[9.88637535,57.08547322],[9.88639994,57.08547963],[9.88644306,57.0854934],[9.88645561,57.08553625],[9.88653409,57.08554667],[9.88655229,57.08554911],[9.88656856,57.08555207],[9.88660608,57.08555928],[9.88661798,57.08555578],[9.88666236,57.08555591],[9.88673499,57.08556196],[9.88685562,57.08557047],[9.88685805,57.08557108],[9.88688336,57.08557001],[9.88697897,57.08558144],[9.8870772,57.08558048],[9.88712877,57.08557755],[9.88717145,57.08557738],[9.88718715,57.08558078],[9.88719684,57.08558331],[9.88721539,57.08558426],[9.88733617,57.08560561],[9.88733595,57.08560618],[9.88742374,57.08562381],[9.887462,57.08562621],[9.88748765,57.08563039],[9.88755274,57.08564383],[9.88767069,57.08566798],[9.88774327,57.08568568],[9.88785529,57.08569866],[9.88805229,57.08572463],[9.88830176,57.08575184],[9.88834277,57.08575499],[9.88839984,57.08575494],[9.88844912,57.0857617],[9.88847487,57.08575255],[9.88847581,57.08574795],[9.88847665,57.08573705],[9.88847712,57.08572828],[9.88847694,57.08571835],[9.88847718,57.08571043],[9.88847753,57.08570815],[9.8884777,57.08570199],[9.88847763,57.08569626],[9.88847975,57.08568425],[9.88848154,57.08567434],[9.88848445,57.08566062],[9.88848994,57.08563435],[9.88849918,57.08559036],[9.88850349,57.08556971],[9.88850989,57.08553862],[9.88851089,57.08553433],[9.88851636,57.08551502],[9.88852494,57.0854848],[9.88852859,57.08547163],[9.8885349,57.08544888],[9.8885443,57.08541564],[9.88856022,57.08535893],[9.88857028,57.08532665],[9.88858605,57.08527596],[9.88859439,57.08524429],[9.88860538,57.08519802],[9.88861493,57.08517754],[9.88862328,57.08514623],[9.8886283,57.08512819],[9.88863184,57.08511957],[9.88865008,57.08507428],[9.88866404,57.08503985],[9.88867672,57.0850085],[9.8886881,57.08498089],[9.88869883,57.08495628],[9.88870931,57.08493229],[9.88871432,57.08491685],[9.88872395,57.08489449],[9.88872809,57.08488492],[9.88873212,57.08487552],[9.88873734,57.08486332],[9.88874285,57.08485478],[9.88875475,57.08483584],[9.88876558,57.08481814],[9.88878226,57.08477169],[9.88878594,57.08474701],[9.88880032,57.08469933],[9.88884508,57.08460987],[9.88885301,57.0845786],[9.8888613,57.08455496],[9.88887737,57.08451228],[9.88888523,57.08447658],[9.88888415,57.08444099],[9.88887665,57.08440106],[9.88886999,57.08436503],[9.88888546,57.08431802],[9.88890475,57.08425691],[9.88892139,57.08420279],[9.88894835,57.08411531],[9.88897275,57.08408024],[9.88900292,57.08401198],[9.88902854,57.08395531],[9.88899046,57.08393295],[9.88893397,57.08388505],[9.88888777,57.08384606],[9.88879876,57.0837705],[9.88870394,57.08369077],[9.88849733,57.08351633],[9.88845163,57.08347919],[9.88822394,57.08335215],[9.88812822,57.08331497],[9.88808284,57.08329723],[9.88802037,57.08326953],[9.88795023,57.08323872],[9.88787837,57.08318545],[9.88781318,57.08313715],[9.88774142,57.08308457],[9.88765472,57.08302448],[9.88757552,57.08296952],[9.88744406,57.08287958],[9.88730221,57.08278222],[9.88715495,57.08268078],[9.88712241,57.0826587],[9.88707322,57.08262592],[9.88702042,57.08259073],[9.88696296,57.08255241],[9.88692982,57.08253026],[9.88691328,57.08251882],[9.88689605,57.08250692],[9.88685785,57.08248044],[9.88683952,57.08246772],[9.88680807,57.08244595],[9.88646369,57.08221232],[9.88600025,57.08189679],[9.88471972,57.08104664],[9.8839055,57.08050466],[9.88357371,57.08028305],[9.88321494,57.08004612],[9.88280342,57.07976725],[9.88257046,57.07961525],[9.88222601,57.07937457],[9.88210162,57.07929119],[9.88193138,57.0791909],[9.88130311,57.07877968],[9.8807537,57.07838818],[9.87985219,57.07779708],[9.87914301,57.07732938],[9.87880186,57.07710991],[9.87855941,57.07692587],[9.87841744,57.07681817],[9.87823564,57.07665975],[9.87809337,57.07649349],[9.87792335,57.07634407],[9.87737421,57.07612536],[9.87676299,57.07571751],[9.87586601,57.07511693],[9.87525932,57.07470259],[9.87460342,57.07426079],[9.8742632,57.07402804],[9.87383681,57.07375957],[9.8736471,57.07360556],[9.87342957,57.07346736],[9.87329611,57.07329549],[9.87293018,57.07305823],[9.87247969,57.07276694],[9.87224057,57.0726076],[9.87184338,57.07232338],[9.87166695,57.07221375],[9.87118702,57.07188664],[9.87078657,57.07160532],[9.87051998,57.0714147],[9.87082191,57.07128054],[9.87073243,57.07121969],[9.87129184,57.07095939],[9.87139484,57.07102861],[9.87169311,57.07089674],[9.87197939,57.0710294],[9.87213491,57.07116358],[9.87258238,57.07096323],[9.8739434,57.07186504],[9.87329803,57.07215399],[9.87345804,57.07230452],[9.87368315,57.07243444],[9.87389411,57.07257346],[9.87409979,57.07271381],[9.87430964,57.07285154],[9.87452855,57.07298089],[9.87486595,57.07306563],[9.87503948,57.07322653],[9.8752252,57.0733739],[9.87661655,57.0742951],[9.8768788,57.07449342],[9.87708068,57.074634],[9.87730623,57.07476514],[9.8775213,57.07490231],[9.87772734,57.07504299],[9.87793155,57.07518396],[9.8781387,57.07532386],[9.87833965,57.07546625],[9.8785489,57.07560558],[9.87873835,57.07575298],[9.87894867,57.07588972],[9.87917465,57.07602163],[9.87937713,57.07616454],[9.87957762,57.07630662],[9.87979168,57.07644267],[9.88000733,57.07657889],[9.88021758,57.07671767],[9.88042424,57.07685775],[9.88063221,57.07699795],[9.88082018,57.07714553],[9.88104056,57.0772787],[9.88124603,57.07741986],[9.88145241,57.07755992],[9.88165728,57.07770018],[9.881875,57.07783563],[9.88207318,57.07798036],[9.88226732,57.07812532],[9.8824778,57.0782651],[9.88258078,57.07836764],[9.88276524,57.07827231],[9.88287147,57.07830823],[9.88318471,57.07848798],[9.88295917,57.07860453],[9.8831444,57.07872674],[9.88329933,57.07882506],[9.8835029,57.07896656],[9.88371336,57.07910454],[9.88392409,57.07924288],[9.88413105,57.07938259],[9.88434485,57.07951982],[9.88454321,57.07966382],[9.884748,57.0798042],[9.88487203,57.07988782],[9.88515161,57.07974334],[9.88554813,57.07997086],[9.88526077,57.08011937],[9.8853607,57.08022775],[9.88536883,57.08023334],[9.88576757,57.08050437],[9.88577237,57.0805076],[9.88598617,57.08064486],[9.88618438,57.08078885],[9.88639088,57.08092843],[9.88659902,57.08106786],[9.88675257,57.0811736],[9.8868035,57.08120927],[9.8870025,57.08135235],[9.88721061,57.08149113],[9.88722343,57.08149947],[9.88798335,57.0816207],[9.88863744,57.08169921],[9.88878702,57.08113974],[9.88879855,57.08109694],[9.88880157,57.08108855],[9.88880996,57.08107342],[9.88882213,57.08105858],[9.88883762,57.0810447],[9.88885621,57.08103201],[9.8888776,57.08102068],[9.88890143,57.08101092],[9.88892734,57.08100287],[9.8889549,57.08099667],[9.88898369,57.08099241],[9.88901323,57.08099015],[9.88904237,57.08098996],[9.88905913,57.08099079],[9.88922004,57.08100348],[9.88982423,57.08094787],[9.8902292,57.08098475],[9.89055563,57.08107798],[9.89045395,57.081392],[9.89036256,57.08171417],[9.89046531,57.08172383],[9.89051669,57.08173077],[9.89055136,57.08173508],[9.89064233,57.0817431],[9.8907273,57.08176436],[9.8908074,57.08178044],[9.8908649,57.08178838],[9.89089482,57.08179421],[9.89097746,57.08181574],[9.89105259,57.08184028],[9.89113293,57.08185757],[9.89119306,57.0818755],[9.89121154,57.08188061],[9.89128786,57.08190529],[9.89136249,57.08193167],[9.89143043,57.08196072],[9.89149281,57.08198079],[9.89150442,57.0819849],[9.89157529,57.08201383],[9.89163528,57.08204297],[9.89163866,57.08204396],[9.89170314,57.08207712],[9.89176894,57.08210525],[9.89177192,57.08210733],[9.89183533,57.08213666],[9.89189673,57.08216988],[9.89219232,57.08237151],[9.89240806,57.08260076],[9.89242717,57.08264254],[9.89247306,57.08268003],[9.89250448,57.08272453],[9.89251374,57.08273853],[9.89253235,57.0827682],[9.89255749,57.08281215],[9.89258002,57.08285658],[9.89259983,57.08290129],[9.89260727,57.08291994],[9.89261726,57.08294713],[9.89262619,57.08299236],[9.89264309,57.08303697],[9.8926522,57.08308329],[9.89265569,57.08310649],[9.89265862,57.0831308],[9.89264856,57.08317806],[9.89266157,57.08328023],[9.89271754,57.08330365],[9.89272954,57.08331246],[9.89273916,57.08332214],[9.89274624,57.08333359],[9.89277198,57.08335222],[9.89278214,57.08335761],[9.89279271,57.08336244],[9.89280465,57.08336729],[9.89281551,57.0833712],[9.89282258,57.08337258],[9.89283485,57.08337443],[9.89284732,57.08337692],[9.89285573,57.08337838],[9.8928599,57.08337854],[9.89286653,57.08337788],[9.89303807,57.08340623],[9.89303575,57.08341681],[9.89301765,57.08349912],[9.89301593,57.08354637],[9.89299499,57.08358317],[9.89297301,57.08362184],[9.8924169,57.08371719],[9.8924529,57.08380823],[9.89248155,57.0840362],[9.89252489,57.08422668],[9.8925951,57.08441283],[9.89261282,57.08448508],[9.89276771,57.08453844],[9.8928121,57.08468016],[9.89284661,57.08482495],[9.89287692,57.08489561],[9.89288802,57.08491147],[9.89292005,57.08496396],[9.89296811,57.08503133],[9.89304311,57.08512133],[9.89308931,57.08517871],[9.89320607,57.08531855],[9.89326164,57.08538178],[9.89330655,57.0854331],[9.89335127,57.0854924],[9.89338787,57.08553111],[9.8934251,57.0855528],[9.8935559,57.08567879],[9.8936279,57.08573962],[9.89376082,57.08577811],[9.89373063,57.0858139],[9.89379014,57.08586062],[9.89384187,57.08590352],[9.89390054,57.08595046],[9.89404134,57.08603604],[9.89410905,57.08608799],[9.89416981,57.08612841],[9.89436774,57.08626827],[9.89470509,57.08651204],[9.89502348,57.08672005],[9.89516492,57.08682244],[9.8952603,57.08688497],[9.89547682,57.08703501],[9.89551734,57.08707485],[9.89569664,57.08716416],[9.89575108,57.08720162],[9.89687125,57.0880937],[9.89692089,57.08811094],[9.89713203,57.08820757],[9.89743844,57.08824707],[9.89746225,57.0882618],[9.89748854,57.08827794],[9.89766021,57.08837501],[9.89771792,57.08840784],[9.89776854,57.08843882],[9.89786708,57.08849901],[9.89802382,57.08859437],[9.89803953,57.08855621],[9.89805274,57.08851408],[9.89805927,57.08848732],[9.89804663,57.08847103],[9.89805415,57.088428],[9.89806304,57.08838495],[9.89807535,57.088379],[9.8980767,57.08834378],[9.89807543,57.08830105],[9.89807126,57.08825838],[9.8980642,57.08821582],[9.89805424,57.08817343],[9.89804139,57.08813127],[9.8980257,57.0880894],[9.89800716,57.08804787],[9.89798582,57.08800674],[9.89796167,57.08796603],[9.89793448,57.08792462],[9.89748645,57.08724888],[9.8974584,57.08720573],[9.89743173,57.08716202],[9.89740667,57.08711802],[9.89738324,57.08707375],[9.89736143,57.08702925],[9.89734126,57.0869845],[9.89732275,57.08693955],[9.89730587,57.08689442],[9.89729067,57.0868491],[9.89727714,57.08680362],[9.89726527,57.08675801],[9.89725509,57.08671229],[9.89724658,57.08666645],[9.89723976,57.08662054],[9.89723464,57.08657455],[9.89723121,57.08652856],[9.89722917,57.08648319],[9.89721978,57.08625873],[9.89723941,57.08621743],[9.89738191,57.08621694],[9.89743414,57.08625608],[9.89744353,57.08648051],[9.89744552,57.08652491],[9.89744878,57.08656864],[9.89745365,57.08661229],[9.89746011,57.08665588],[9.89746819,57.08669939],[9.89747787,57.0867428],[9.89748913,57.08678611],[9.89750198,57.08682927],[9.8975164,57.08687229],[9.89753242,57.08691515],[9.89755,57.08695782],[9.89756914,57.08700029],[9.89758984,57.08704254],[9.89761209,57.08708457],[9.89763589,57.08712633],[9.89766121,57.08716784],[9.8976882,57.08720934],[9.8981362,57.08788504],[9.89816453,57.0879282],[9.89819106,57.08797292],[9.89821456,57.08801821],[9.89823497,57.08806394],[9.89825226,57.08811005],[9.8982664,57.08815647],[9.89827736,57.08820315],[9.89828515,57.08825002],[9.89828975,57.08829701],[9.89829098,57.08833862],[9.89830762,57.08834442],[9.89830582,57.08839146],[9.89830078,57.08843878],[9.89829259,57.08848562],[9.89827442,57.08849192],[9.89826475,57.08853159],[9.89825021,57.08857798],[9.89823256,57.08862393],[9.89820204,57.08869477],[9.89833754,57.0887733],[9.89838913,57.08880309],[9.89856284,57.08890307],[9.89875196,57.08901139],[9.89878888,57.08903247],[9.89901569,57.08916151],[9.89911662,57.08921868],[9.8992432,57.08929014],[9.89947146,57.08941842],[9.89948318,57.08942498],[9.89970042,57.08954629],[9.89985164,57.08963032],[9.8999301,57.08967378],[9.90016054,57.0898009],[9.90022194,57.08983464],[9.90039166,57.08992761],[9.90058854,57.09003494],[9.90065855,57.09007293],[9.90085611,57.09017991],[9.90089115,57.0901863],[9.90098113,57.09023483],[9.90100768,57.09024912],[9.9011244,57.09031184],[9.9012413,57.09037447],[9.90124613,57.09037705],[9.90135835,57.09043698],[9.9014756,57.09049941],[9.90151203,57.09051878],[9.90159301,57.09056174],[9.90171061,57.09062396],[9.90177885,57.09065999],[9.90182837,57.09068609],[9.90194631,57.09074812],[9.90204658,57.0908007],[9.90206444,57.09081004],[9.90218273,57.09087188],[9.90230122,57.09093362],[9.9023152,57.09094089],[9.90241985,57.09099524],[9.90253868,57.09105679],[9.90258473,57.09108058],[9.90265766,57.09111821],[9.90277685,57.09117955],[9.90285516,57.09121975],[9.90289616,57.09124078],[9.9030157,57.09130191],[9.90312647,57.09135841],[9.90313538,57.09136294],[9.90325524,57.09142388],[9.90337529,57.09148472],[9.90339867,57.09149654],[9.90347352,57.09153436],[9.90349548,57.09154544],[9.90361586,57.09160608],[9.90367176,57.09163417],[9.9037364,57.09166661],[9.90385713,57.09172704],[9.90394575,57.09177127],[9.90397802,57.09178736],[9.90409909,57.09184759],[9.90422033,57.09190771],[9.90422058,57.09190784],[9.90434172,57.09196774],[9.9044633,57.09202765],[9.9044963,57.0920439],[9.90458504,57.09208747],[9.90470696,57.09214719],[9.90477292,57.09217943],[9.90482657,57.0922056],[9.90482902,57.09220679],[9.90495129,57.09226632],[9.90505039,57.09231443],[9.9050737,57.09232572],[9.90518847,57.09238126],[9.90519628,57.09238503],[9.90528095,57.09242586],[9.90583719,57.09269205],[9.90589439,57.09271923],[9.90594171,57.09274168],[9.90606548,57.09280028],[9.90607852,57.09280644],[9.90617532,57.09285211],[9.90618939,57.09285875],[9.90631349,57.09291713],[9.90643774,57.0929754],[9.90645707,57.09298444],[9.90656215,57.09303356],[9.90668675,57.09309163],[9.90673969,57.09311626],[9.90681148,57.09314959],[9.90693639,57.09320744],[9.90702315,57.09324752],[9.90706146,57.09326518],[9.9071867,57.09332283],[9.90730747,57.09337824],[9.9073121,57.09338037],[9.90743768,57.09343781],[9.90748436,57.09345911],[9.90754274,57.09348362],[9.90767285,57.09353811],[9.90780314,57.09359249],[9.90784369,57.09360938],[9.90785719,57.093615],[9.90793354,57.09364675],[9.90806411,57.0937009],[9.90819486,57.09375496],[9.90821085,57.09376156],[9.90823794,57.09377274],[9.90832573,57.09380889],[9.90845676,57.09386272],[9.90857923,57.09391287],[9.90858794,57.09391644],[9.90862,57.09392953],[9.90871929,57.09397004],[9.90881132,57.0940075],[9.90890442,57.0940453],[9.9089488,57.09406331],[9.90898242,57.09407693],[9.90900335,57.0940854],[9.90911421,57.0941302],[9.90924616,57.09418336],[9.90937827,57.09423642],[9.90938799,57.09424032],[9.90951051,57.09428936],[9.9096429,57.09434219],[9.90977393,57.0943943],[9.90977544,57.0943949],[9.90990789,57.09444739],[9.9099821,57.09447667],[9.91004002,57.09449942],[9.91017205,57.09455097],[9.91018972,57.09455783],[9.91030395,57.09460188],[9.91039734,57.09463747],[9.91043596,57.09465207],[9.91048516,57.09467057],[9.91056816,57.09470147],[9.91060522,57.09471515],[9.9107006,57.09474997],[9.910814,57.0947906],[9.91083341,57.09479747],[9.91092327,57.09482891],[9.91096676,57.09484391],[9.91102374,57.09486335],[9.91110057,57.09488914],[9.91123504,57.09493311],[9.91137029,57.09497573],[9.91144794,57.09499945],[9.91150618,57.09501687],[9.91156939,57.0950354],[9.91164341,57.09505664],[9.91169188,57.09507027],[9.91178195,57.09509504],[9.9118154,57.09510406],[9.91192174,57.09513208],[9.91193991,57.09513676],[9.91206274,57.09516771],[9.91206538,57.09516837],[9.91219275,57.09519909],[9.91220638,57.09520272],[9.91231772,57.09523465],[9.91234507,57.09524257],[9.91244213,57.09526845],[9.91248514,57.09528094],[9.91249716,57.09528402],[9.91256652,57.09530214],[9.91262606,57.09531744],[9.91269249,57.0953337],[9.91276908,57.09535093],[9.91282075,57.09536222],[9.91291553,57.09538144],[9.91295191,57.09538977],[9.91306194,57.09541388],[9.91318107,57.09543943],[9.91321024,57.09544588],[9.91336213,57.09547821],[9.91341434,57.09549409],[9.91350935,57.09551523],[9.91364815,57.09554646],[9.91366073,57.09554924],[9.91381436,57.09558096],[9.91388722,57.09559533],[9.91396973,57.09561137],[9.91412576,57.09564153],[9.9142816,57.09567177],[9.91443788,57.09570105],[9.91459439,57.09573042],[9.91475383,57.09576074],[9.91490029,57.09580817],[9.91505708,57.09583073],[9.91510388,57.09584057],[9.91502317,57.09604911],[9.91491322,57.09627268],[9.91469175,57.09668714],[9.91447203,57.09716284],[9.91442761,57.0972931],[9.91403505,57.09786267],[9.91380633,57.09816289],[9.91373486,57.09821626],[9.91358945,57.09841304],[9.91334499,57.09866555],[9.91317755,57.09881837],[9.91301027,57.09896481],[9.91281581,57.09911863],[9.91262266,57.09926387],[9.91219905,57.09951322],[9.91215964,57.09948734],[9.91232067,57.09937037],[9.91252522,57.09920807],[9.91266817,57.09907775],[9.91281754,57.0989178],[9.9130178,57.09864514],[9.91316313,57.09851317],[9.91331282,57.09837954],[9.91336729,57.09830937],[9.91348611,57.09828767]]],[[[9.91042047,57.09049276],[9.91042592,57.090366],[9.91052504,57.09050138],[9.91055117,57.09053823],[9.9111903,57.09143389],[9.91114787,57.09141895],[9.91113288,57.09140518],[9.91107443,57.09133054],[9.91105344,57.09130757],[9.91100383,57.09124851],[9.91096949,57.09121184],[9.91093054,57.09116625],[9.91088937,57.09111451],[9.91086177,57.09108355],[9.91084139,57.09105777],[9.91079661,57.09099938],[9.91077395,57.09097074],[9.91073158,57.09091573],[9.91066835,57.09083227],[9.91066379,57.09082687],[9.91060353,57.0907485],[9.91055463,57.09068188],[9.91054275,57.09066371],[9.91048381,57.09057947],[9.91045446,57.09053662],[9.91042047,57.09049276]]],[[[9.91545972,57.09552589],[9.91546045,57.09550994],[9.91547605,57.09549152],[9.91547815,57.09548981],[9.91550589,57.09545602],[9.91552419,57.09543501],[9.91553074,57.09542766],[9.91554408,57.09541435],[9.91556613,57.09539056],[9.91558207,57.09537424],[9.91558617,57.09536811],[9.91559082,57.09536298],[9.91559813,57.09535495],[9.91560834,57.0953438],[9.91561652,57.09533486],[9.91564421,57.0952979],[9.91566082,57.09528174],[9.91568344,57.09526202],[9.91570087,57.0952259],[9.91571034,57.09521796],[9.91571735,57.09520693],[9.91571917,57.09517325],[9.91573069,57.09514143],[9.91573486,57.09513598],[9.9157497,57.09512445],[9.91576216,57.09511509],[9.91576534,57.09511274],[9.91577629,57.09509981],[9.91577741,57.09509782],[9.91578991,57.09507274],[9.91579228,57.09506816],[9.91579733,57.09505836],[9.91581341,57.09502686],[9.91581868,57.09501643],[9.91582411,57.09500738],[9.91579909,57.09498803],[9.9158151,57.09497126],[9.91585555,57.09492862],[9.91585806,57.09492591],[9.91586392,57.09491994],[9.91587614,57.09490799],[9.91588091,57.09490287],[9.91592722,57.09485403],[9.9159315,57.09484957],[9.9159352,57.0948457],[9.91594304,57.09483753],[9.91594655,57.09483389],[9.91599195,57.09478766],[9.91600652,57.09477315],[9.91600743,57.09477223],[9.91598173,57.0947626],[9.91594137,57.09474718],[9.91584152,57.09470792],[9.91583496,57.09470522],[9.91573226,57.09466111],[9.91570571,57.09464908],[9.91563213,57.09461504],[9.91557501,57.09458783],[9.9155342,57.09456775],[9.91544768,57.09452493],[9.91543771,57.09452002],[9.91534249,57.09447176],[9.91532095,57.09446128],[9.91520222,57.09439644],[9.91519892,57.09439447],[9.91508363,57.09432692],[9.9150706,57.09431901],[9.91497163,57.09425849],[9.91496438,57.09425398],[9.91494369,57.09424091],[9.91486317,57.09418924],[9.91482184,57.09416213],[9.91475694,57.09412083],[9.91464783,57.09405367],[9.91453828,57.09398628],[9.91443123,57.09391758],[9.91432536,57.09384859],[9.91421927,57.09377991],[9.9141121,57.09371175],[9.91401318,57.09364925],[9.91400428,57.09364361],[9.91389893,57.09357522],[9.91382528,57.09353495],[9.91378027,57.09351117],[9.91368626,57.09343518],[9.91364729,57.09341137],[9.91358023,57.09336696],[9.91346962,57.09330009],[9.91345944,57.0932939],[9.91336538,57.0932288],[9.91327555,57.09317454],[9.91325497,57.09316068],[9.91314829,57.09309078],[9.91309364,57.09305256],[9.91304567,57.09301874],[9.91294293,57.09294715],[9.91291708,57.09292924],[9.91291184,57.0929257],[9.91283818,57.09287645],[9.91279391,57.09284559],[9.91273983,57.09280095],[9.91268533,57.09275725],[9.91264331,57.09272861],[9.91256276,57.09267418],[9.91254066,57.09265518],[9.91244904,57.09258782],[9.91244156,57.09258197],[9.91234715,57.09250598],[9.9123393,57.09249851],[9.91225454,57.09243038],[9.9122326,57.09240974],[9.91216252,57.09235476],[9.91212596,57.09232109],[9.91207106,57.09227948],[9.91200782,57.09222771],[9.9119991,57.0922216],[9.91176355,57.09187163],[9.91175383,57.09186165],[9.91141935,57.09139533],[9.91131498,57.0912493],[9.91093121,57.09071154],[9.91085737,57.09056313],[9.91089098,57.09060822],[9.91094411,57.09067206],[9.91101119,57.09074948],[9.91101354,57.09075579],[9.91107535,57.09083664],[9.91111636,57.09089076],[9.91113793,57.09091891],[9.91120352,57.09100072],[9.91122672,57.09103187],[9.91126844,57.09108189],[9.9113063,57.09112598],[9.91133733,57.09116232],[9.91139049,57.09121899],[9.91141097,57.09124204],[9.91147301,57.09131265],[9.91148198,57.0913215],[9.91155744,57.0914015],[9.91156073,57.09140556],[9.91163462,57.09147921],[9.91165123,57.09149684],[9.91171036,57.09155799],[9.91173697,57.09158392],[9.91184528,57.0916195],[9.91183825,57.09168384],[9.91186855,57.09171333],[9.91193154,57.0917693],[9.91194689,57.09178866],[9.91207138,57.09183964],[9.91208335,57.09185022],[9.91217419,57.09192451],[9.91217938,57.09192963],[9.91226174,57.09200103],[9.9122753,57.09202005],[9.91234667,57.09207442],[9.91237923,57.09210474],[9.91243993,57.09214668],[9.91248724,57.0921904],[9.91252819,57.09222033],[9.91260016,57.09227278],[9.91262626,57.09229197],[9.9127069,57.09235923],[9.91271579,57.09236575],[9.91280871,57.09243878],[9.91281562,57.09244403],[9.91290304,57.09251094],[9.91292587,57.09252828],[9.91299872,57.09258153],[9.91304214,57.0926091],[9.91310082,57.09264996],[9.91316527,57.09268783],[9.91320735,57.09271748],[9.91328272,57.09276392],[9.91328811,57.09276787],[9.91331351,57.09278476],[9.91341718,57.09285276],[9.91346734,57.09288389],[9.91352534,57.09291913],[9.9136297,57.09298765],[9.91365029,57.09300052],[9.91373538,57.09305563],[9.91383166,57.09311726],[9.91384115,57.0931226],[9.91394954,57.09318921],[9.91402444,57.09322893],[9.91406528,57.09325324],[9.9141751,57.09331804],[9.91422207,57.09333884],[9.91429184,57.09338369],[9.91440243,57.09344949],[9.91441157,57.09345469],[9.91451538,57.09351481],[9.91462914,57.0935796],[9.91474554,57.09364368],[9.91485709,57.09371027],[9.91496894,57.09377632],[9.91507974,57.0938428],[9.91519169,57.09390833],[9.91526148,57.09394721],[9.91530702,57.09397213],[9.91539329,57.09401992],[9.91542167,57.09403652],[9.91551973,57.09409373],[9.91553273,57.09410128],[9.91564007,57.09416919],[9.91564228,57.09417126],[9.91574026,57.09423483],[9.91575721,57.09424514],[9.91583815,57.09429319],[9.91584624,57.09429766],[9.91592274,57.09433915],[9.91595861,57.09435825],[9.91600943,57.09438413],[9.91607462,57.0944176],[9.91609696,57.09442954],[9.91618588,57.09447398],[9.91619141,57.09447687],[9.91627289,57.09452111],[9.91630477,57.0945389],[9.91633526,57.09455482],[9.91633703,57.09455371],[9.91633917,57.0945516],[9.91634921,57.09454099],[9.91646664,57.09452391],[9.91652654,57.09450538],[9.9165587,57.09448445],[9.91662469,57.09451453],[9.91623225,57.09477561],[9.9160574,57.09493139],[9.91591809,57.09506655],[9.91579026,57.09519653],[9.91548856,57.0955185],[9.91545972,57.09552589]]],[[[9.94087491,57.12462081],[9.94087166,57.12463114],[9.94085255,57.12467384],[9.94083699,57.12471253],[9.9408201,57.12477196],[9.94079649,57.12484229],[9.94078996,57.12485999],[9.94076787,57.12491984],[9.94076061,57.12494108],[9.94074805,57.12497812],[9.94073959,57.1250005],[9.94071918,57.12505709],[9.94070727,57.12508949],[9.9406961,57.12511892],[9.94068227,57.12515445],[9.94067092,57.12519213],[9.9406635,57.12521371],[9.94065339,57.12524186],[9.94064192,57.12528586],[9.94062742,57.12532984],[9.9406149,57.12537392],[9.94059342,57.12543774],[9.94058501,57.12546199],[9.94056911,57.12550599],[9.94055158,57.12554951],[9.94054102,57.1255801],[9.94052683,57.12562138],[9.94050511,57.12568059],[9.94049122,57.12572442],[9.94047614,57.12576827],[9.94046228,57.12581199],[9.94044602,57.12586649],[9.94043772,57.12589239],[9.94043158,57.12591015],[9.94041765,57.12594849],[9.94040037,57.12599723],[9.94039078,57.12602219],[9.94037745,57.12605935],[9.94036324,57.1261064],[9.94035954,57.12611975],[9.94034199,57.12616073],[9.94033772,57.12617281],[9.94032659,57.12620675],[9.94031689,57.12624491],[9.94030616,57.12629107],[9.94030096,57.12631049],[9.94029292,57.12633952],[9.94027962,57.12637872],[9.94027632,57.12638847],[9.94026344,57.12642689],[9.94025597,57.12647117],[9.94024288,57.12651518],[9.9402367,57.12655542],[9.94023612,57.12655923],[9.94022934,57.12660419],[9.94021819,57.12664135],[9.94021573,57.12664956],[9.94020298,57.12669253],[9.94019504,57.12673526],[9.94019447,57.12673799],[9.94018482,57.12678104],[9.9401784,57.12681031],[9.94017385,57.12683013],[9.94016328,57.12687011],[9.9401498,57.12691599],[9.94012341,57.12695663],[9.94013502,57.12699972],[9.94012938,57.12704326],[9.94012871,57.12705045],[9.94012584,57.12709129],[9.94011373,57.12713587],[9.94010709,57.12718027],[9.94009612,57.12722355],[9.94009851,57.12726775],[9.94009374,57.12731373],[9.94008462,57.12735258],[9.94008312,57.12735958],[9.94007953,57.1273857],[9.94007649,57.12740684],[9.9400699,57.12744585],[9.94007259,57.12749025],[9.94006959,57.12753464],[9.94007444,57.12757936],[9.94007342,57.12762867],[9.94007195,57.12763032],[9.94002709,57.12756462],[9.94000928,57.12753546],[9.94018065,57.12663785],[9.94037417,57.12585095],[9.94057979,57.12521575],[9.94080076,57.12456769],[9.94089717,57.12436794],[9.94095049,57.12419687],[9.9409605,57.12414635],[9.94116905,57.12369957],[9.94140187,57.12325261],[9.94186303,57.12240402],[9.94221502,57.12181567],[9.94258339,57.12120888],[9.94265707,57.12127621],[9.94316824,57.12056779],[9.94361326,57.11995469],[9.94395299,57.11948026],[9.94573382,57.11914457],[9.94546301,57.11867381],[9.94510541,57.11805441],[9.94595594,57.11722418],[9.94649115,57.1167142],[9.9465386,57.11667086],[9.9465624,57.11682191],[9.94656516,57.11686917],[9.94656776,57.11689701],[9.94657037,57.11692639],[9.94657593,57.11700014],[9.94657736,57.11702351],[9.94657846,57.11704313],[9.94657968,57.11706679],[9.94658115,57.11710066],[9.9465809,57.11711605],[9.94657957,57.11715174],[9.94657847,57.11719853],[9.94657818,57.11723977],[9.94657797,57.11724771],[9.94657431,57.11728854],[9.94657001,57.11734005],[9.94656486,57.11738696],[9.94656038,57.11743375],[9.94655663,57.11747088],[9.94655277,57.11750663],[9.94655044,57.11752747],[9.94654592,57.11756978],[9.9465408,57.11760602],[9.94653735,57.11762951],[9.94653152,57.11766824],[9.94652308,57.11771566],[9.94651479,57.1177562],[9.94651195,57.11776953],[9.94650045,57.11782223],[9.94648371,57.11790145],[9.94647621,57.11793788],[9.94646462,57.11799455],[9.94645738,57.11802712],[9.94644929,57.11806208],[9.9464421,57.11809169],[9.94643546,57.11811611],[9.94642483,57.11815373],[9.94639158,57.11825891],[9.94637827,57.11829706],[9.94636443,57.11833548],[9.94634156,57.11839729],[9.94632765,57.11843371],[9.94630477,57.11849142],[9.94629487,57.11851538],[9.94628402,57.11854089],[9.94627204,57.11856845],[9.94626012,57.11859555],[9.94625028,57.11861807],[9.94623458,57.11865369],[9.94622457,57.11867611],[9.94620907,57.11871066],[9.94619657,57.1187381],[9.9461817,57.1187692],[9.94615442,57.11882476],[9.94612551,57.11886935],[9.94610205,57.11891449],[9.946075,57.11895737],[9.94607055,57.11896499],[9.9460485,57.11900375],[9.94602576,57.11904462],[9.94601249,57.11906787],[9.94599768,57.11909371],[9.94595394,57.11916699],[9.94588345,57.11927877],[9.9458475,57.1193329],[9.94582859,57.1193609],[9.94581193,57.11938491],[9.94579175,57.11941463],[9.9457439,57.11948031],[9.94570838,57.11952818],[9.9456851,57.11955884],[9.94566467,57.11958543],[9.94563262,57.11962633],[9.94560288,57.11966347],[9.94558461,57.11968586],[9.94557013,57.11970353],[9.94555003,57.11972767],[9.94552942,57.11975228],[9.94549474,57.11979279],[9.94548054,57.11980908],[9.94545983,57.11983275],[9.94544897,57.11984502],[9.94541782,57.11987989],[9.94537931,57.11992209],[9.94533822,57.11996616],[9.94531066,57.11999514],[9.94528898,57.12001769],[9.94525995,57.1200476],[9.94522961,57.12007825],[9.94520876,57.1200991],[9.94517061,57.12013676],[9.94511917,57.12018639],[9.94508847,57.12021556],[9.94505058,57.12025095],[9.9450381,57.12026242],[9.94500587,57.12029196],[9.9449765,57.12033778],[9.94492589,57.12037896],[9.94487622,57.12041768],[9.94483912,57.12044684],[9.94476633,57.12050383],[9.94472686,57.12053307],[9.94469179,57.12056159],[9.94467878,57.12057217],[9.94462869,57.12060982],[9.94458328,57.12064477],[9.94457563,57.12065052],[9.94452628,57.12068577],[9.94450088,57.12070809],[9.94447474,57.12072481],[9.94442471,57.12076224],[9.94439574,57.12078316],[9.94434569,57.12081893],[9.94429309,57.1208552],[9.94426764,57.12087229],[9.94422426,57.12090101],[9.94421093,57.12090979],[9.94415595,57.12094407],[9.94409977,57.12097762],[9.94404887,57.12101385],[9.94400414,57.12104122],[9.94398087,57.12105564],[9.94395286,57.12107319],[9.94393472,57.12108454],[9.94388328,57.12111629],[9.94383221,57.12115152],[9.94378563,57.12117982],[9.94378294,57.1211815],[9.94377735,57.12118555],[9.94372558,57.12121584],[9.94370866,57.1212262],[9.94366606,57.12125274],[9.94360995,57.12128388],[9.9435644,57.12132114],[9.94350688,57.1213519],[9.94349584,57.12135822],[9.94345027,57.12138491],[9.94340148,57.12141942],[9.94335781,57.12144782],[9.94330174,57.12148418],[9.94329341,57.12148972],[9.94324742,57.12152103],[9.94319444,57.12155326],[9.94317958,57.12156433],[9.94314065,57.12158662],[9.94309119,57.12161898],[9.94305433,57.12164819],[9.94304735,57.12165381],[9.94300937,57.12169153],[9.94297646,57.12171889],[9.94295504,57.12173636],[9.94291995,57.12176423],[9.94287743,57.12180126],[9.94284771,57.12182346],[9.94277829,57.12187792],[9.9427259,57.12192085],[9.94267848,57.12195873],[9.94259473,57.12202464],[9.94252831,57.12207809],[9.94248447,57.12211544],[9.94246754,57.12213022],[9.94244061,57.12215419],[9.94243021,57.12216359],[9.94239643,57.12219523],[9.94239046,57.12220099],[9.94235506,57.12223604],[9.9423168,57.12227317],[9.94231379,57.12227623],[9.94228738,57.12230352],[9.94227257,57.12231871],[9.94223948,57.1223523],[9.94222146,57.12237069],[9.94220122,57.12239141],[9.94217588,57.12241792],[9.94216265,57.12243185],[9.94213099,57.12246556],[9.9420968,57.12250472],[9.94205653,57.12254889],[9.94202185,57.12258539],[9.94202139,57.12258598],[9.94199433,57.12261754],[9.94198214,57.12263166],[9.94196304,57.12265372],[9.94194397,57.1226762],[9.94191747,57.12270769],[9.94185743,57.12277916],[9.94184429,57.12279509],[9.94181733,57.1228273],[9.94179012,57.12285845],[9.94175592,57.12289763],[9.9417235,57.12293691],[9.94170656,57.12295942],[9.94168371,57.12299081],[9.94166528,57.12301725],[9.94163627,57.12305781],[9.94160809,57.12309821],[9.94158239,57.12313822],[9.9415806,57.12314123],[9.94155792,57.1231802],[9.9415319,57.12322303],[9.9414934,57.12326294],[9.9414592,57.12330342],[9.94141476,57.12334185],[9.94139612,57.12336166],[9.94137025,57.12339085],[9.94134928,57.12341733],[9.94134164,57.12346114],[9.94131444,57.12350266],[9.9413036,57.12354852],[9.94125432,57.12362906],[9.94121508,57.12371361],[9.941196,57.12375617],[9.94119293,57.12376659],[9.94117695,57.1238],[9.94116201,57.12383691],[9.94121136,57.12388921],[9.94118916,57.12393858],[9.94117835,57.12396825],[9.94117274,57.1239837],[9.94113749,57.12402894],[9.94111946,57.12404238],[9.94108559,57.12406766],[9.94107576,57.12408247],[9.94105952,57.12410702],[9.9410374,57.12414835],[9.9410249,57.12418903],[9.94103547,57.12425038],[9.94089183,57.12453891],[9.94088577,57.12458454],[9.94087491,57.12462081]]],[[[9.93786469,57.12655188],[9.93933757,57.1264075],[9.9394363,57.12604764],[9.9376358,57.12626513],[9.93786469,57.12655188]]],[[[9.9399294,57.12447242],[9.93991249,57.12449085],[9.93991013,57.12449334],[9.9399095,57.12449582],[9.93989551,57.12454008],[9.93987886,57.12458404],[9.93987855,57.12458497],[9.93986606,57.12462968],[9.93986567,57.12463243],[9.93986576,57.12464978],[9.9399294,57.12447242]]],[[[9.94189967,57.12068228],[9.94158889,57.12114937],[9.94119965,57.12174576],[9.94078014,57.12248897],[9.94045876,57.12316974],[9.94016148,57.12382195],[9.94005187,57.12406242],[9.94000347,57.12426602],[9.93994333,57.12443362],[9.93993963,57.12441165],[9.93993997,57.12440699],[9.93995341,57.12436425],[9.93995035,57.12431957],[9.93995128,57.12431464],[9.93995484,57.12423002],[9.93999878,57.12404291],[9.94007413,57.12381431],[9.9401158,57.12377594],[9.9401324,57.12373453],[9.94014919,57.12369077],[9.94014907,57.12369119],[9.94014934,57.12369036],[9.94014919,57.12369077],[9.94016229,57.12364635],[9.94017644,57.12360199],[9.94017633,57.12360257],[9.94017663,57.12360143],[9.94017644,57.12360199],[9.94018536,57.12355716],[9.94018653,57.123554],[9.94021019,57.12351052],[9.94023362,57.12346707],[9.94025484,57.12342374],[9.94027721,57.12337992],[9.9402972,57.12333644],[9.9403165,57.12329258],[9.9403358,57.12324855],[9.94035324,57.12320462],[9.94035357,57.12320388],[9.94037458,57.12316006],[9.94039522,57.12311627],[9.94039557,57.12311557],[9.94041951,57.12307217],[9.94044306,57.12302956],[9.94044276,57.12303037],[9.94044349,57.12302877],[9.94044306,57.12302956],[9.94045937,57.12298591],[9.94046012,57.1229843],[9.94048375,57.12294167],[9.94048345,57.12294242],[9.94048414,57.12294093],[9.94048375,57.12294167],[9.94050061,57.12289802],[9.94050092,57.12289727],[9.94052158,57.12285339],[9.94052216,57.1228523],[9.9405476,57.12280965],[9.94054737,57.12281012],[9.94054788,57.12280918],[9.9405476,57.12280965],[9.94056869,57.12276635],[9.94056958,57.12276481],[9.94059734,57.12272328],[9.94059686,57.12272449],[9.94059811,57.12272213],[9.94059734,57.12272328],[9.94061441,57.12268014],[9.94061575,57.12267764],[9.94064441,57.12263578],[9.94064405,57.12263652],[9.94064491,57.12263507],[9.94064441,57.12263578],[9.94066642,57.1225929],[9.94068693,57.1225494],[9.94068855,57.1225468],[9.94072055,57.12250604],[9.94071993,57.12250729],[9.94072149,57.12250485],[9.94072055,57.12250604],[9.94073292,57.12248074],[9.94073363,57.12247947],[9.94074399,57.12246322],[9.9407437,57.12246382],[9.94074437,57.12246263],[9.94074399,57.12246322],[9.94076521,57.12242055],[9.94076503,57.122421],[9.94076544,57.12242011],[9.94076521,57.12242055],[9.94078268,57.12237663],[9.94078298,57.12237597],[9.94080367,57.12233207],[9.94082525,57.12228814],[9.94082663,57.12228593],[9.94085746,57.12224521],[9.94085685,57.12224664],[9.94085849,57.12224386],[9.94085746,57.12224521],[9.94087573,57.12220244],[9.94087627,57.12220134],[9.94090018,57.12215797],[9.94092396,57.1221146],[9.94094915,57.12207115],[9.94097258,57.12202803],[9.94099723,57.12198455],[9.9409979,57.12198353],[9.94102725,57.12194109],[9.94105421,57.12189948],[9.94105385,57.12190026],[9.94105471,57.12189871],[9.94105421,57.12189948],[9.9410744,57.1218563],[9.94107482,57.12185551],[9.94109871,57.1218127],[9.94109848,57.12181322],[9.94109901,57.12181218],[9.94109871,57.1218127],[9.94111788,57.12176904],[9.94111869,57.12176749],[9.94114478,57.12172525],[9.94114444,57.12172596],[9.94114519,57.12172456],[9.94114478,57.12172525],[9.94116456,57.12168188],[9.94116538,57.12168034],[9.94119233,57.12163792],[9.94119211,57.12163832],[9.94119258,57.12163753],[9.94119233,57.12163792],[9.94121564,57.12159485],[9.94124173,57.12155128],[9.94124211,57.12155068],[9.94127051,57.12150841],[9.94127032,57.12150871],[9.9412707,57.12150813],[9.94127051,57.12150841],[9.9412962,57.12146566],[9.94132357,57.12142347],[9.94132315,57.12142443],[9.94132416,57.12142254],[9.94132359,57.12142344],[9.94132738,57.12141478],[9.94134713,57.12137974],[9.94137322,57.12133688],[9.94137295,57.12133742],[9.94137353,57.12133635],[9.94137322,57.12133688],[9.94139423,57.12129349],[9.94139483,57.12129242],[9.9414207,57.12125004],[9.94142042,57.12125068],[9.9414211,57.12124941],[9.9414207,57.12125004],[9.94144086,57.12120658],[9.94146322,57.12116241],[9.94146371,57.12116153],[9.94148977,57.12111874],[9.9414899,57.1211185],[9.94151485,57.12107549],[9.9415403,57.12103223],[9.94156812,57.12098899],[9.9415953,57.12094622],[9.94159581,57.12094547],[9.94162571,57.12090437],[9.94162519,57.12090546],[9.94162649,57.12090331],[9.94162571,57.12090437],[9.94164598,57.12086133],[9.9416465,57.12086037],[9.94167167,57.1208171],[9.94169589,57.12077384],[9.94169757,57.12077149],[9.94173289,57.12073026],[9.9417707,57.12068904],[9.94177119,57.12068852],[9.94178545,57.1206742],[9.94109642,57.12015231],[9.94126811,57.1201152],[9.94189967,57.12068228]]],[[[9.91516276,57.09993684],[9.91524061,57.09997046],[9.91528962,57.09999584],[9.91538181,57.0999934],[9.91546637,57.10004348],[9.91544322,57.1000797],[9.9154643,57.10009184],[9.91554446,57.10010284],[9.91557087,57.10011942],[9.91559515,57.10013633],[9.91567889,57.10020098],[9.91570867,57.10025128],[9.91568543,57.10030641],[9.91580539,57.10036709],[9.91598956,57.10057434],[9.91567919,57.10065588],[9.91567305,57.10060159],[9.91551794,57.10044699],[9.91545108,57.10037365],[9.9154431,57.10036486],[9.91540616,57.10029959],[9.91539989,57.10029255],[9.9153783,57.10029301],[9.91532965,57.10024628],[9.91528889,57.10021493],[9.91528854,57.10021418],[9.91521309,57.10021364],[9.91517769,57.10018973],[9.91514997,57.10018259],[9.91508887,57.10014125],[9.91500549,57.1000983],[9.91495496,57.10008158],[9.91475062,57.10002903],[9.91457044,57.10000892],[9.91439266,57.10000954],[9.91419444,57.10002722],[9.9139622,57.10005123],[9.91381941,57.10006117],[9.91371421,57.10006329],[9.91357452,57.10006196],[9.91349945,57.10005512],[9.91340141,57.10006722],[9.91332952,57.10006928],[9.91316219,57.10005765],[9.91307443,57.10004529],[9.9128874,57.10000712],[9.91270431,57.09995582],[9.9126239,57.0999302],[9.91264504,57.09992298],[9.91275686,57.09985765],[9.91286556,57.09977956],[9.91302155,57.09964973],[9.91311362,57.09955478],[9.9132997,57.09940702],[9.91347131,57.09925285],[9.91363021,57.09909475],[9.91373272,57.09897564],[9.91383518,57.09886701],[9.91391197,57.09878124],[9.91397413,57.0987982],[9.91401337,57.09885926],[9.91403271,57.09890266],[9.91404136,57.09893725],[9.91402045,57.09896869],[9.91400259,57.09897732],[9.91394777,57.09904539],[9.91385202,57.09913284],[9.91373056,57.09923995],[9.91359229,57.09934868],[9.91347967,57.09943109],[9.91326583,57.09957794],[9.91335227,57.09959695],[9.91351867,57.09962531],[9.91372958,57.09967262],[9.91379995,57.09968593],[9.91389828,57.09967714],[9.91395695,57.09971912],[9.91398445,57.09972183],[9.91408835,57.09971291],[9.91420529,57.09971779],[9.91433755,57.09972373],[9.9144341,57.09973068],[9.91450558,57.09973653],[9.91464954,57.09975601],[9.91474011,57.09977078],[9.91480702,57.09978388],[9.9148351,57.09979656],[9.91485673,57.09979663],[9.91492378,57.09981381],[9.91507349,57.09986554],[9.91511223,57.09990579],[9.91511877,57.09992097],[9.91516276,57.09993684]]],[[[9.91418903,57.09873421],[9.91397203,57.09871417],[9.91407643,57.09859758],[9.91412112,57.09852914],[9.91423674,57.09835866],[9.91463016,57.09758826],[9.91475635,57.0973392],[9.91503364,57.09685254],[9.91527438,57.09645839],[9.91538775,57.09625591],[9.91551228,57.0960632],[9.91566451,57.09586608],[9.91669829,57.09531978],[9.91724096,57.09597329],[9.91727378,57.09601293],[9.91727998,57.09602151],[9.91728841,57.09603769],[9.91729315,57.09605488],[9.91729387,57.09607225],[9.91729057,57.09608954],[9.91728327,57.09610645],[9.91727213,57.09612274],[9.91725728,57.09613812],[9.91723901,57.09615237],[9.91721756,57.09616525],[9.9171933,57.09617656],[9.91716735,57.09618584],[9.91715127,57.09619038],[9.91700267,57.096227],[9.91685939,57.09626225],[9.91679732,57.09627256],[9.91677233,57.09630101],[9.9168305,57.09633113],[9.91683744,57.09633487],[9.91689847,57.09637031],[9.91695621,57.09640531],[9.91701686,57.0964433],[9.91707496,57.0964827],[9.91710176,57.09650166],[9.91717462,57.09655601],[9.91718296,57.09656253],[9.91724661,57.09661249],[9.91728403,57.09664139],[9.91731708,57.09666856],[9.91737948,57.09671959],[9.91738455,57.09672378],[9.91745011,57.09677801],[9.91747145,57.09679568],[9.9175434,57.09685442],[9.91756291,57.09687015],[9.91763633,57.09693016],[9.91765336,57.09694436],[9.9177249,57.09700634],[9.91773882,57.0970188],[9.9178103,57.09708175],[9.91782227,57.0970926],[9.91788541,57.09715214],[9.91789511,57.09717299],[9.91793544,57.09722089],[9.9179767,57.09723671],[9.91803721,57.09727905],[9.91807894,57.09730483],[9.91813318,57.0973379],[9.91818462,57.09737032],[9.91822484,57.09739872],[9.91828739,57.09743416],[9.91832341,57.09745607],[9.91839276,57.09749883],[9.91841816,57.09751553],[9.91849354,57.09756418],[9.91850991,57.09757456],[9.91859919,57.09762716],[9.91860752,57.09763294],[9.91869706,57.09769383],[9.91878699,57.09775295],[9.91879622,57.0977589],[9.91887934,57.09781166],[9.91889763,57.09782304],[9.91897348,57.09786953],[9.91900115,57.09788617],[9.91906937,57.09792653],[9.91910677,57.09794827],[9.91916698,57.09798266],[9.91921446,57.0980093],[9.9192663,57.09803791],[9.91932416,57.09806926],[9.9193673,57.09809225],[9.91943586,57.09812812],[9.91946992,57.09814566],[9.91954949,57.09818587],[9.91957418,57.09819815],[9.91965812,57.09823915],[9.91968002,57.09824968],[9.91978277,57.09829813],[9.91987543,57.09834069],[9.91990319,57.09835325],[9.92002624,57.09840811],[9.92003677,57.09841275],[9.92007738,57.09843056],[9.92015123,57.09846269],[9.92027824,57.0985173],[9.9202849,57.09852014],[9.92040679,57.09857204],[9.92066693,57.09868236],[9.9207973,57.0987377],[9.92084842,57.09875943],[9.92092774,57.09879318],[9.92105836,57.09884887],[9.92118866,57.09890606],[9.92120102,57.0989124],[9.92123907,57.09893343],[9.92131383,57.09896358],[9.92144516,57.09901919],[9.92155167,57.09906457],[9.92157634,57.09907517],[9.92170356,57.09913362],[9.92183088,57.09919164],[9.92189903,57.0992232],[9.92195765,57.09925042],[9.92201113,57.09927635],[9.92208042,57.09931169],[9.92220688,57.09936967],[9.92223972,57.09938525],[9.92233375,57.09942876],[9.92245146,57.09949158],[9.92258464,57.0995413],[9.92258744,57.09954237],[9.92271874,57.09959848],[9.92277068,57.09962109],[9.9228833,57.09966698],[9.92293615,57.09968893],[9.92306913,57.09974452],[9.92319171,57.09980651],[9.92324459,57.09983211],[9.92331738,57.09986402],[9.92344535,57.09992173],[9.92357317,57.09997945],[9.92359313,57.09998862],[9.92370039,57.10003722],[9.92382915,57.1000942],[9.92394144,57.10014483],[9.92395747,57.10015158],[9.92408286,57.10021154],[9.92420813,57.1002708],[9.92428323,57.10030687],[9.92433367,57.10033006],[9.92445596,57.1003921],[9.9245754,57.10045516],[9.92461463,57.10047568],[9.92469536,57.10051752],[9.9248155,57.10058031],[9.92493151,57.10064437],[9.92493776,57.10064727],[9.92505017,57.1007057],[9.92519038,57.10075726],[9.92527629,57.10081263],[9.92530104,57.10082603],[9.92542416,57.10088639],[9.92554278,57.10094924],[9.92560506,57.10097818],[9.92561084,57.10098221],[9.92578252,57.10114311],[9.92584076,57.10117098],[9.92590302,57.10120082],[9.92596523,57.1012307],[9.92602739,57.10126061],[9.9260895,57.10129054],[9.92615157,57.1013205],[9.92621358,57.10135051],[9.92627555,57.10138053],[9.92633744,57.10141059],[9.92639931,57.10144068],[9.92646111,57.1014708],[9.92652287,57.10150095],[9.92658458,57.10153113],[9.92664624,57.10156134],[9.92670784,57.10159158],[9.92676941,57.10162185],[9.92683092,57.10165215],[9.92689237,57.10168249],[9.92695377,57.10171286],[9.92701514,57.10174325],[9.92707645,57.10177367],[9.9271377,57.10180412],[9.92719891,57.10183461],[9.92726005,57.10186512],[9.92732116,57.10189567],[9.92738221,57.10192624],[9.92744321,57.10195685],[9.92750416,57.10198748],[9.92756506,57.10201814],[9.9276259,57.10204884],[9.92768669,57.10207956],[9.92774744,57.10211032],[9.92780813,57.10214111],[9.92786878,57.10217192],[9.92792937,57.10220277],[9.9279899,57.10223365],[9.9280504,57.10226454],[9.92810765,57.10229384],[9.92818376,57.10231603],[9.92824643,57.10234971],[9.92830441,57.10238209],[9.92836291,57.10241382],[9.92842207,57.10244529],[9.92848138,57.10247659],[9.92854183,57.10250747],[9.92860187,57.10253898],[9.92866078,57.10257079],[9.92872027,57.10260215],[9.92877979,57.10263376],[9.92883882,57.10266566],[9.92889717,57.10269753],[9.92895793,57.10272923],[9.92901113,57.10276296],[9.92907607,57.10279074],[9.92913421,57.10282429],[9.92919335,57.10285546],[9.92925263,57.10288721],[9.92931164,57.10291918],[9.92936985,57.10295162],[9.92942735,57.10298409],[9.92948506,57.1030158],[9.9295457,57.10304641],[9.92960553,57.1030782],[9.92966405,57.10311031],[9.92972278,57.1031421],[9.92978132,57.10317379],[9.92984213,57.10320532],[9.9298967,57.10323879],[9.92995938,57.10326797],[9.93001803,57.10330105],[9.93007579,57.10333339],[9.93013343,57.10336559],[9.93019182,57.10339698],[9.93025353,57.10342803],[9.93030937,57.10346209],[9.93036713,57.10349412],[9.93042428,57.10352698],[9.93048172,57.10355954],[9.93053869,57.1035923],[9.93059617,57.10362459],[9.93065429,57.10365672],[9.93071233,57.10368898],[9.93076976,57.10372083],[9.93083227,57.10375187],[9.93088503,57.10378722],[9.93094382,57.1038179],[9.93100235,57.10385042],[9.93105986,57.10388319],[9.93111698,57.10391617],[9.93117317,57.1039495],[9.93122951,57.10398267],[9.93124635,57.10399275],[9.93152321,57.10384415],[9.9334493,57.10490683],[9.93346043,57.10494855],[9.93328489,57.10504278],[9.93316515,57.1051164],[9.9332053,57.10513994],[9.93331779,57.10520593],[9.93337372,57.10523956],[9.9334286,57.10527347],[9.93348359,57.10530692],[9.93353535,57.10533721],[9.9335396,57.10533967],[9.9335976,57.10537221],[9.93365317,57.1054057],[9.93371169,57.10543851],[9.9337631,57.10547363],[9.93382171,57.10550436],[9.93388025,57.10553645],[9.93393985,57.10556785],[9.93399958,57.10559964],[9.93405835,57.10563209],[9.93411605,57.10566525],[9.93417114,57.1056992],[9.93422793,57.10573294],[9.93427927,57.10576921],[9.93433114,57.10580412],[9.93438373,57.10583892],[9.93443648,57.10587367],[9.93449021,57.10590852],[9.93453986,57.10594389],[9.93459749,57.10597576],[9.9346518,57.10601023],[9.9347084,57.10604342],[9.93476223,57.10607844],[9.934815,57.10611323],[9.93486881,57.10614789],[9.93492055,57.10618389],[9.93497051,57.10622014],[9.93502071,57.10625571],[9.93507201,57.10629017],[9.93512773,57.10632316],[9.93518245,57.10635699],[9.93523971,57.10639045],[9.93529117,57.10642635],[9.93534542,57.1064607],[9.93539616,57.10649743],[9.93544478,57.106534],[9.93549543,57.10656973],[9.9355441,57.10660599],[9.93559619,57.10664013],[9.93565027,57.10667408],[9.9357049,57.10670829],[9.93575841,57.10674329],[9.93580989,57.10677868],[9.93586264,57.10681314],[9.93591611,57.10684762],[9.93596937,57.10688238],[9.93602213,57.10691746],[9.93607399,57.10695293],[9.93612517,57.10698848],[9.93617615,57.10702352],[9.93622983,57.10705735],[9.93628474,57.10709139],[9.93633752,57.10712579],[9.93639455,57.10715876],[9.93644842,57.10719406],[9.93649978,57.10722928],[9.93655359,57.10726319],[9.93660776,57.10729749],[9.93666186,57.10733214],[9.93671433,57.10736793],[9.93686985,57.10747585],[9.93702881,57.10757689],[9.93707332,57.10761769],[9.93712176,57.10765291],[9.93717259,57.10768828],[9.93722386,57.10772371],[9.9372363,57.10773228],[9.93767223,57.1075519],[9.93943748,57.10879567],[9.93900734,57.10897643],[9.93905007,57.10901015],[9.93909741,57.10904748],[9.93914569,57.10908431],[9.93919223,57.10912185],[9.93923974,57.10915903],[9.93928452,57.1091964],[9.9393358,57.10923144],[9.93938441,57.10926857],[9.93943262,57.10930514],[9.93948163,57.10934148],[9.93953039,57.10937793],[9.93957951,57.10941392],[9.93963172,57.10945025],[9.93966827,57.10948395],[9.93982007,57.10944495],[9.94110745,57.10911626],[9.94142154,57.10905374],[9.94178775,57.10899273],[9.94184955,57.10897984],[9.94196223,57.10896109],[9.94223236,57.10891471],[9.94244213,57.10888129],[9.94270283,57.10884778],[9.94284415,57.10881517],[9.94288077,57.10883783],[9.94319405,57.10876531],[9.94323871,57.10875526],[9.94329702,57.1087388],[9.94338802,57.10871712],[9.94353647,57.10867692],[9.94356499,57.10867093],[9.94355054,57.10864994],[9.94353313,57.10861117],[9.94353025,57.10859488],[9.9434726,57.10848111],[9.94345488,57.10843649],[9.94343633,57.10837299],[9.94340153,57.10829007],[9.94338001,57.10822406],[9.94337643,57.1082067],[9.943362,57.10817477],[9.94333756,57.10810885],[9.94332559,57.1080783],[9.94331751,57.10806823],[9.9433022,57.10801126],[9.94329051,57.10797712],[9.94327971,57.10794223],[9.94326854,57.10790777],[9.94325379,57.10786326],[9.94324158,57.10782653],[9.94322845,57.10778188],[9.94321088,57.10772271],[9.94319653,57.1076767],[9.94318871,57.10765239],[9.94317716,57.10761543],[9.94315847,57.10755785],[9.94313901,57.10749391],[9.94310425,57.10738205],[9.94307595,57.10729559],[9.94303145,57.1071492],[9.9430221,57.10711934],[9.94301421,57.10710162],[9.94298573,57.10706729],[9.94296476,57.10705118],[9.94292935,57.10703196],[9.94284738,57.10700659],[9.94277917,57.10699863],[9.94271258,57.10700006],[9.9425233,57.10701923],[9.94224585,57.10704365],[9.94213228,57.10705438],[9.94200001,57.10706655],[9.94175798,57.10708909],[9.94164228,57.10709947],[9.94160952,57.10710054],[9.94156428,57.10710524],[9.94153196,57.1071101],[9.94131312,57.10713019],[9.94123687,57.10713696],[9.94117204,57.10714215],[9.94104016,57.10715595],[9.94101996,57.10715707],[9.94095994,57.10715781],[9.9408625,57.10714974],[9.94083919,57.10714522],[9.94076993,57.1071231],[9.94069599,57.10708863],[9.94068448,57.10708125],[9.94063498,57.10703457],[9.94060296,57.10698742],[9.94059456,57.10696372],[9.94058163,57.10691774],[9.94070372,57.10690403],[9.94073276,57.10697399],[9.94075194,57.10699989],[9.94076937,57.10701886],[9.9407701,57.10701891],[9.94079194,57.10702968],[9.94080865,57.10703927],[9.94086391,57.10706101],[9.94092943,57.10707762],[9.94098431,57.10708358],[9.94104648,57.10708114],[9.94108402,57.10707623],[9.94115837,57.10707052],[9.94118191,57.10706804],[9.94126513,57.10705969],[9.94131373,57.10705797],[9.94132878,57.1070559],[9.94134578,57.10705426],[9.94140619,57.10704924],[9.94146419,57.10704351],[9.94150889,57.10703983],[9.94155512,57.10703567],[9.94158696,57.10703012],[9.94165387,57.10702428],[9.94171902,57.10701702],[9.94180184,57.10701093],[9.94186652,57.10700595],[9.94199661,57.10699332],[9.94201336,57.10699216],[9.94209412,57.10698499],[9.94225681,57.10696996],[9.9423494,57.10696192],[9.94246142,57.10695448],[9.94270414,57.10693232],[9.94273076,57.10693094],[9.94277489,57.10693],[9.94282051,57.10693314],[9.9428501,57.10693635],[9.94289184,57.10694277],[9.94293983,57.10695462],[9.94297928,57.10696729],[9.94302315,57.1069861],[9.94306305,57.10700923],[9.94309402,57.10703323],[9.94312017,57.10706104],[9.94313884,57.10709101],[9.94314797,57.10711937],[9.94316484,57.1071736],[9.94319952,57.10728457],[9.94331826,57.10766044],[9.94334185,57.10773059],[9.94337649,57.10784118],[9.94344242,57.10804696],[9.9434913,57.10816804],[9.94352634,57.10826315],[9.94355182,57.10831662],[9.94358258,57.10838513],[9.94361257,57.10846461],[9.94366495,57.10859612],[9.94366886,57.10861127],[9.9436903,57.1086306],[9.94372185,57.10866522],[9.94372488,57.10870237],[9.94366345,57.10871849],[9.94372282,57.10878698],[9.94354136,57.10883171],[9.94343508,57.10885767],[9.94328835,57.10889846],[9.94323058,57.10891392],[9.94310416,57.10894679],[9.94311499,57.10897969],[9.94301113,57.10901256],[9.94293423,57.1090477],[9.94284714,57.10908107],[9.94274974,57.10909992],[9.94270844,57.10910899],[9.94261731,57.10914646],[9.94251761,57.10918102],[9.94208763,57.1093371],[9.94194864,57.10938635],[9.94163512,57.10950366],[9.94131338,57.10958638],[9.94084658,57.10970668],[9.94030916,57.1098442],[9.94018656,57.10987828],[9.94020499,57.10989307],[9.94020505,57.10989313],[9.94025134,57.10993059],[9.94025261,57.10993171],[9.9402939,57.10997108],[9.94029594,57.1099734],[9.94032519,57.11001385],[9.94032169,57.11001161],[9.94032717,57.11001659],[9.94032519,57.11001385],[9.94037205,57.11004416],[9.94036779,57.11004268],[9.94037531,57.11004627],[9.94037205,57.11004416],[9.94044358,57.11006894],[9.94045272,57.11007366],[9.94050049,57.11011009],[9.94054965,57.11014591],[9.94054965,57.11014592],[9.94055016,57.11014628],[9.94060088,57.11018134],[9.94065285,57.11021668],[9.94065769,57.1102212],[9.94068808,57.11026228],[9.940686,57.11026063],[9.94068944,57.11026413],[9.94068808,57.11026228],[9.94073308,57.1102978],[9.94077799,57.11033332],[9.94077524,57.11033195],[9.9407801,57.110335],[9.94077799,57.11033332],[9.94083794,57.11036329],[9.94084315,57.11036662],[9.94088844,57.11040393],[9.94088828,57.11040381],[9.94088857,57.11040406],[9.94088844,57.11040393],[9.94093623,57.11044066],[9.94094004,57.11044448],[9.94096973,57.11048572],[9.94096763,57.11048405],[9.94097109,57.11048761],[9.94096973,57.11048572],[9.94101435,57.11052136],[9.94106101,57.11055869],[9.94110761,57.11059606],[9.94115414,57.11063344],[9.94120062,57.11067085],[9.94124703,57.11070828],[9.94124717,57.1107084],[9.94129301,57.11074603],[9.94133879,57.1107837],[9.94138449,57.11082139],[9.94143013,57.1108591],[9.94147571,57.11089683],[9.94152123,57.11093458],[9.94156669,57.11097235],[9.94161209,57.11101015],[9.94165741,57.11104797],[9.94170268,57.11108582],[9.94174789,57.11112368],[9.94179302,57.11116157],[9.9418381,57.11119947],[9.94188311,57.11123741],[9.94192806,57.11127536],[9.94197294,57.11131333],[9.94201776,57.11135133],[9.94206251,57.11138934],[9.94210721,57.11142738],[9.94215185,57.11146544],[9.9421964,57.11150353],[9.9422409,57.11154163],[9.94228232,57.11157716],[9.94232971,57.11161791],[9.94241827,57.11169428],[9.94255063,57.11180898],[9.94268241,57.11192388],[9.94281361,57.11203897],[9.94294423,57.11215425],[9.9430026,57.112206],[9.94302935,57.11222976],[9.943079,57.11226798],[9.94312317,57.1123067],[9.94316431,57.1123449],[9.94316522,57.1123457],[9.94320864,57.11238278],[9.94321014,57.11238406],[9.94325238,57.11241963],[9.94325688,57.11242337],[9.9432996,57.11245842],[9.94333151,57.11248601],[9.94334202,57.11249511],[9.94337325,57.11252057],[9.94338961,57.11253387],[9.94339018,57.11253433],[9.94341035,57.11255109],[9.94348102,57.11261005],[9.94383685,57.11291527],[9.94392489,57.11299166],[9.94403589,57.11308901],[9.94423317,57.11325978],[9.9442669,57.11328966],[9.94435828,57.11336891],[9.94440833,57.11341327],[9.94445056,57.11345259],[9.94448646,57.11348569],[9.944539,57.11353711],[9.94457632,57.11356863],[9.94460724,57.11359856],[9.94465604,57.11364864],[9.94470087,57.11368845],[9.94473952,57.11372882],[9.94476119,57.11374935],[9.94478115,57.11376833],[9.94481912,57.11380797],[9.94486198,57.11384729],[9.94492285,57.11390634],[9.94494574,57.11392793],[9.94498485,57.11396867],[9.94500529,57.11398806],[9.94505755,57.11403883],[9.94507426,57.11405553],[9.94510611,57.11408794],[9.94511998,57.1141011],[9.94514975,57.11412911],[9.94518097,57.11415862],[9.94519342,57.11417049],[9.94522983,57.11421142],[9.9452309,57.11421237],[9.94527421,57.1142503],[9.94527586,57.11425192],[9.94531292,57.11429334],[9.94532009,57.11430091],[9.94533609,57.11431773],[9.94535928,57.11434196],[9.94538326,57.1143666],[9.94538957,57.11437363],[9.94539252,57.11437613],[9.94543638,57.11440696],[9.94544306,57.11441172],[9.94544984,57.11442233],[9.94545068,57.11444948],[9.94546182,57.11446081],[9.94551059,57.11449922],[9.94551453,57.1145034],[9.94554262,57.11454632],[9.94558553,57.11458756],[9.94559828,57.11460311],[9.9456207,57.11463042],[9.94565527,57.11467212],[9.94568988,57.11470176],[9.9457038,57.1147149],[9.94570849,57.11472421],[9.94572491,57.1147623],[9.94574812,57.11479823],[9.94577992,57.11484436],[9.9457999,57.11487285],[9.94584482,57.11493717],[9.9459345,57.1150702],[9.94597775,57.11514027],[9.9460157,57.11520447],[9.9460647,57.11528893],[9.94609241,57.11533944],[9.94612283,57.11539357],[9.94614184,57.1154298],[9.94615585,57.1154567],[9.94616533,57.11547489],[9.94618789,57.11551652],[9.94619552,57.11553098],[9.94620682,57.11555258],[9.94621549,57.11556955],[9.9462353,57.11561137],[9.94623878,57.11561938],[9.94625139,57.11564861],[9.94625789,57.11566462],[9.94627256,57.11570421],[9.9462779,57.1157196],[9.94628341,57.11573554],[9.94629148,57.11575863],[9.94630425,57.11579462],[9.94630867,57.115807],[9.94632171,57.11584357],[9.94634419,57.1159237],[9.94622181,57.11602802],[9.94567984,57.11650933],[9.94502941,57.11710423],[9.94422265,57.1178869],[9.94380777,57.11833684],[9.94309726,57.11911257],[9.94264186,57.11969645],[9.94258808,57.11976541],[9.94251903,57.11975548],[9.94247594,57.11975506],[9.94246755,57.11975633],[9.94249133,57.1197247],[9.94249371,57.11972214],[9.942499,57.11971744],[9.94215568,57.11965137],[9.94233981,57.11936827],[9.94270669,57.11943888],[9.94272855,57.11940076],[9.94272899,57.11940004],[9.94275607,57.11935899],[9.94275873,57.11935591],[9.94279813,57.11931964],[9.94279697,57.11932178],[9.94280021,57.11931772],[9.94279813,57.11931964],[9.94281972,57.11927983],[9.942822,57.11927673],[9.94285791,57.11923855],[9.9428572,57.11923964],[9.94285889,57.11923753],[9.94285791,57.11923855],[9.94288436,57.11919853],[9.94288485,57.11919783],[9.94291493,57.11915763],[9.94291471,57.11915797],[9.94291517,57.1191573],[9.94291493,57.11915763],[9.94294201,57.11911687],[9.94297204,57.11907565],[9.94300312,57.11903488],[9.9430343,57.11899432],[9.94306564,57.11895435],[9.94306525,57.11895497],[9.94306611,57.11895374],[9.94306564,57.11895435],[9.94309134,57.11891353],[9.94311889,57.118872],[9.9431449,57.11883079],[9.94316976,57.11878938],[9.94319408,57.11874773],[9.94321733,57.11870599],[9.94324054,57.11866404],[9.94324091,57.1186634],[9.94326661,57.11862255],[9.94326626,57.11862331],[9.94326707,57.11862181],[9.94326661,57.11862255],[9.94328564,57.11858073],[9.94330625,57.11853841],[9.9433061,57.11853878],[9.94330644,57.11853805],[9.94330625,57.11853841],[9.9433235,57.11849595],[9.9433239,57.11849506],[9.94334496,57.1184534],[9.94334471,57.11845406],[9.94334528,57.11845275],[9.94334496,57.1184534],[9.94336023,57.11841099],[9.94337533,57.11836799],[9.94337565,57.11836721],[9.94339424,57.11832455],[9.94341023,57.11828213],[9.94341058,57.11828131],[9.94343045,57.11823879],[9.94344798,57.11819648],[9.94346447,57.11815381],[9.9434801,57.11811131],[9.94348,57.11811164],[9.94348022,57.11811098],[9.9434801,57.11811131],[9.94349285,57.11806834],[9.94350747,57.11802482],[9.94352282,57.11798159],[9.94353723,57.11793862],[9.94355199,57.11789544],[9.94356655,57.11785231],[9.94357844,57.11780949],[9.94358921,57.1177663],[9.94359785,57.11772345],[9.94359781,57.11772376],[9.94359791,57.11772312],[9.94359785,57.11772345],[9.94360379,57.11767995],[9.94360891,57.11763628],[9.94360907,57.11763526],[9.94361881,57.11759176],[9.94361903,57.11759093],[9.94363235,57.11754818],[9.94363225,57.1175487],[9.94363252,57.11754766],[9.94363235,57.11754818],[9.94364103,57.11750513],[9.94364945,57.11746162],[9.94365685,57.11741818],[9.94366617,57.11737423],[9.94367418,57.11733088],[9.94368334,57.11728707],[9.94369153,57.11724364],[9.94369836,57.11720025],[9.94370452,57.11715667],[9.94371074,57.11711295],[9.94371591,57.1170694],[9.94371985,57.11702587],[9.94372425,57.11698199],[9.94372898,57.11693812],[9.94373338,57.11689439],[9.94373664,57.1168508],[9.94373874,57.11680721],[9.94373924,57.11678016],[9.94373937,57.11676373],[9.94373937,57.11671994],[9.94373872,57.11667622],[9.94373831,57.11663231],[9.94373816,57.11658839],[9.94373856,57.1165444],[9.94373949,57.11650041],[9.94373848,57.11645698],[9.94373655,57.11641333],[9.94373396,57.11636963],[9.94373047,57.11632601],[9.94372607,57.11628241],[9.94372253,57.11623839],[9.94371849,57.11619471],[9.94371438,57.1161509],[9.94370956,57.11610728],[9.94370388,57.11606371],[9.94369672,57.11602036],[9.94368888,57.11597684],[9.94368166,57.11593302],[9.94367738,57.11590612],[9.94367462,57.11588922],[9.94366674,57.11584547],[9.94365882,57.11580156],[9.9436507,57.11575771],[9.94364223,57.11571391],[9.9436324,57.11567043],[9.94362188,57.11562683],[9.94361024,57.11558342],[9.94359753,57.11554008],[9.94358491,57.11549646],[9.94357182,57.11545304],[9.94355931,57.11540933],[9.94354731,57.1153656],[9.94353484,57.11532216],[9.94352136,57.11527892],[9.94350744,57.11523556],[9.94349358,57.11519212],[9.94347877,57.11514901],[9.94346502,57.11510529],[9.94344924,57.11506257],[9.94344876,57.11506092],[9.94344035,57.11501733],[9.94344043,57.11501769],[9.94344027,57.11501698],[9.94344035,57.11501733],[9.94342897,57.11497494],[9.94342937,57.11497582],[9.94342873,57.11497404],[9.94342897,57.11497494],[9.94340977,57.11493327],[9.94340994,57.11493357],[9.94340964,57.11493297],[9.94340977,57.11493327],[9.94338749,57.11489103],[9.94338663,57.11488318],[9.94339963,57.11483981],[9.94340062,57.11484282],[9.94340055,57.11483679],[9.94339963,57.11483981],[9.94338667,57.11479996],[9.94338695,57.11480056],[9.94338647,57.11479935],[9.94338667,57.11479996],[9.94336732,57.1147577],[9.94336691,57.1147567],[9.94335186,57.11471333],[9.94332246,57.11462679],[9.94332261,57.11462715],[9.94332235,57.11462644],[9.94332246,57.11462679],[9.94330495,57.11458475],[9.94330529,57.11458539],[9.94330467,57.1145841],[9.94330495,57.11458475],[9.94328149,57.11454307],[9.94328054,57.11454091],[9.94326656,57.11449738],[9.94326623,57.11449616],[9.9432583,57.11445502],[9.94326079,57.11445783],[9.94325771,57.11445191],[9.9432583,57.11445502],[9.9432248,57.11441712],[9.94322278,57.11441422],[9.94320071,57.11437174],[9.94320031,57.1143709],[9.94318248,57.11432894],[9.94318313,57.11432991],[9.94318204,57.11432792],[9.94318248,57.11432894],[9.94315574,57.11428818],[9.9431551,57.11428709],[9.94313273,57.11424469],[9.94311047,57.11420229],[9.94308859,57.11416011],[9.94308878,57.11416042],[9.94308843,57.11415979],[9.94308859,57.11416011],[9.94306393,57.11411841],[9.94303944,57.11407628],[9.94301605,57.1140338],[9.94299264,57.11399167],[9.94297065,57.11394928],[9.94297047,57.11394895],[9.94294717,57.11390712],[9.94292247,57.1138655],[9.94289758,57.11382358],[9.94287252,57.11378173],[9.94281983,57.11369875],[9.94279588,57.11365702],[9.94279649,57.11365781],[9.9427954,57.1136562],[9.94279588,57.11365702],[9.94276504,57.11361707],[9.9427641,57.11361569],[9.94273895,57.11357386],[9.94272143,57.11354639],[9.94230166,57.11364041],[9.94177158,57.11293994],[9.9421968,57.11284469],[9.94219453,57.1128418],[9.94219443,57.11284168],[9.94219435,57.11284156],[9.94216193,57.11280194],[9.94216181,57.1128018],[9.9421617,57.11280166],[9.94212784,57.1127621],[9.94209438,57.11272194],[9.9420621,57.11268135],[9.94202878,57.11264177],[9.94199488,57.11260203],[9.94196094,57.11256219],[9.94192588,57.11252302],[9.94189093,57.11248332],[9.94185524,57.11244423],[9.94181995,57.11240457],[9.94178496,57.11236498],[9.94174948,57.11232575],[9.94171838,57.11229229],[9.94167667,57.11224771],[9.94163994,57.1122087],[9.94163441,57.11220293],[9.94160308,57.11216968],[9.94156621,57.11213069],[9.94152945,57.11209156],[9.94149273,57.11205245],[9.94145516,57.11201388],[9.94141745,57.11197501],[9.94138084,57.11193543],[9.94134533,57.11189612],[9.94134563,57.11189644],[9.94134503,57.11189581],[9.94134533,57.11189612],[9.94130716,57.11185775],[9.94126907,57.11181925],[9.94126933,57.1118195],[9.94126882,57.11181898],[9.94126907,57.11181925],[9.94122869,57.11178144],[9.94118711,57.11174402],[9.94114568,57.11170602],[9.94110492,57.11166778],[9.94106413,57.11162981],[9.94102303,57.11159195],[9.94098161,57.11155417],[9.9409399,57.11151649],[9.94089805,57.11147875],[9.94085502,57.11144184],[9.9408119,57.11140436],[9.94076816,57.11136749],[9.94072493,57.11132984],[9.94068204,57.11129234],[9.9406398,57.11125442],[9.94059743,57.11121689],[9.9405553,57.11117898],[9.94051344,57.11114106],[9.94047091,57.1111037],[9.94042751,57.11106657],[9.94038459,57.11102872],[9.94034138,57.11099146],[9.94029717,57.11095467],[9.94028512,57.11094421],[9.94025302,57.11091749],[9.94020794,57.11088086],[9.94016347,57.11084342],[9.94011834,57.11080696],[9.94007228,57.11077063],[9.94002595,57.11073421],[9.93998006,57.11069736],[9.93993452,57.1106605],[9.93989023,57.11062274],[9.93984619,57.11058544],[9.93980128,57.1105493],[9.93980166,57.11054958],[9.93980092,57.11054901],[9.93980128,57.1105493],[9.93975334,57.11051376],[9.93975242,57.11051303],[9.93970739,57.11047598],[9.93970645,57.11047516],[9.93966589,57.11043749],[9.93966683,57.1104382],[9.93966507,57.11043674],[9.93966589,57.11043749],[9.93961887,57.1104022],[9.9395723,57.11036502],[9.93952749,57.11032866],[9.93952844,57.1103293],[9.93952665,57.11032798],[9.93952749,57.11032866],[9.93947676,57.11029466],[9.93947144,57.11028958],[9.93944417,57.11024957],[9.93944814,57.11025204],[9.93944208,57.11024649],[9.93944417,57.11024957],[9.93939408,57.11021828],[9.93939169,57.11021659],[9.9393464,57.11018041],[9.93934729,57.110181],[9.93934562,57.11017978],[9.9393464,57.11018041],[9.93929551,57.11014636],[9.93929259,57.11014407],[9.93926052,57.1101141],[9.93841824,57.11032947],[9.93820916,57.11038371],[9.93782358,57.11048222],[9.93759452,57.11054096],[9.93733983,57.11058718],[9.9372087,57.11060702],[9.93709074,57.11061884],[9.9370566,57.11066546],[9.93698244,57.1106363],[9.93696701,57.11064],[9.9368063,57.11066123],[9.93676454,57.1106766],[9.93644749,57.11072367],[9.93590237,57.11082985],[9.93586343,57.11080514],[9.93537188,57.11092648],[9.93529133,57.11093435],[9.93518481,57.11081104],[9.93525401,57.11078754],[9.93540573,57.11074964],[9.93543567,57.1107419],[9.93555161,57.11071348],[9.93562918,57.11069236],[9.93574873,57.11066118],[9.93586246,57.11063231],[9.93585862,57.11060783],[9.93594812,57.11057954],[9.93603155,57.11055175],[9.93612557,57.11051437],[9.93615403,57.11050335],[9.93629357,57.110457],[9.93639097,57.11041975],[9.93650712,57.11037686],[9.93661438,57.1103384],[9.9366947,57.11031093],[9.93672532,57.11029799],[9.93691684,57.11022794],[9.93724229,57.11010873],[9.9375651,57.11002533],[9.93803262,57.10990562],[9.93803145,57.10990454],[9.93842768,57.10980475],[9.93875589,57.10971906],[9.93857981,57.10958628],[9.93826327,57.10935671],[9.93649266,57.108093],[9.93603312,57.10778222],[9.93590374,57.10772017],[9.93580889,57.10762913],[9.93466125,57.10685995],[9.93382371,57.10634291],[9.93316834,57.10592829],[9.93231203,57.10538566],[9.93130746,57.10478464],[9.92942786,57.10370808],[9.92856399,57.10326405],[9.92760985,57.10277349],[9.92619621,57.10206937],[9.92564642,57.10180492],[9.92370141,57.10091582],[9.92204628,57.1002281],[9.92188322,57.10016902],[9.9216931,57.10008842],[9.92124606,57.10041765],[9.91985279,57.09985724],[9.92026873,57.09955094],[9.91979304,57.09937431],[9.91910288,57.0991588],[9.91834078,57.09895645],[9.91800351,57.09889073],[9.91750869,57.09878656],[9.91675791,57.09867282],[9.91588016,57.09856748],[9.91580748,57.09854431],[9.91562609,57.0985453],[9.9149646,57.09847478],[9.91461142,57.09842445],[9.91440499,57.09838765],[9.91429945,57.0985595],[9.91426025,57.09861066],[9.91422776,57.09867611],[9.91418903,57.09873421]]]]},"properties":{"kind":"permanent","name":"Areal permanent Fase 3 (offentliggøres)","sourceFeatureId":"vvm_e9095_analysedata_polygon_areal_fase_3.2148112","sourceUpdatedAt":"2025-06-12 08:12","sourceFile":"E9095_ARE_forslag1_f3","sourceUrl":"https://geocloud.vd.dk/geo/vvm/ows","sourceGeometryValid":false,"invalidGeometryComponents":[{"index":0,"bbox":[9.83710151,56.98936037,9.86828731,57.04504878],"reason":"Self-intersection[9.8529302 57.01405334]"},{"index":8,"bbox":[9.93993963,57.1201152,9.94189967,57.12443362],"reason":"Ring Self-intersection[9.94114478 57.12172525]"},{"index":10,"bbox":[9.91397203,57.09531978,9.94634419,57.11976541],"reason":"Ring Self-intersection[9.9393464 57.11018041]"}],"note":"Phase 3 design snapshot; not a cadastral parcel or a final expropriation decision."}},{"type":"Feature","id":"vvm_e9095_analysedata_polygon_areal_fase_3.2148113","bbox":[9.84661275,56.9912128,9.94418725,57.12505558],"geometry":{"type":"MultiPolygon","coordinates":[[[[9.93679532,57.10708775],[9.93646421,57.10720489],[9.93649978,57.10722928],[9.93655359,57.10726319],[9.93660776,57.10729749],[9.93666186,57.10733214],[9.93671433,57.10736793],[9.93681936,57.10744081],[9.93686985,57.10747585],[9.93687362,57.10747825],[9.93683211,57.10707473],[9.93679532,57.10708775]]],[[[9.93704741,57.10759394],[9.93707332,57.10761769],[9.93712176,57.10765291],[9.93717259,57.10768828],[9.93722386,57.10772371],[9.9372363,57.10773228],[9.93760999,57.10757758],[9.93760805,57.10757659],[9.93754429,57.10754089],[9.93749064,57.10750216],[9.93705948,57.10754313],[9.93691591,57.10750512],[9.93702881,57.10757689],[9.93704741,57.10759394]]],[[[9.86157995,57.00514614],[9.86177532,57.00516818],[9.86177459,57.00518006],[9.86181875,57.00513832],[9.86187827,57.00508206],[9.86183353,57.00507868],[9.86086643,57.00502885],[9.85994575,57.00499754],[9.85961617,57.00499828],[9.85967106,57.00502049],[9.85966856,57.00505393],[9.85973549,57.00505109],[9.86022,57.00504198],[9.8607114,57.00505966],[9.86110966,57.0050931],[9.86157995,57.00514614]]],[[[9.85850246,57.00551891],[9.857968,57.00559314],[9.85772707,57.00563693],[9.85771054,57.00575416],[9.85867023,57.00569872],[9.85866623,57.00567199],[9.85865318,57.00558459],[9.85850467,57.0055186],[9.85850246,57.00551891]]],[[[9.8595133,57.00547286],[9.85943262,57.00557423],[9.85943363,57.00561379],[9.85958351,57.00560894],[9.85977579,57.00560273],[9.86035265,57.00557619],[9.86028324,57.00538923],[9.86016146,57.00539687],[9.85968845,57.00541976],[9.85955025,57.00542645],[9.8595133,57.00547286]]],[[[9.85337523,57.05865529],[9.85308838,57.05872605],[9.85346844,57.05914762],[9.85347773,57.05914833],[9.85383152,57.05915871],[9.85382764,57.05915396],[9.85381182,57.05913267],[9.85379725,57.05911285],[9.85378158,57.05909826],[9.85374722,57.05908645],[9.85370005,57.05907008],[9.85366351,57.05903861],[9.85369845,57.05900332],[9.85368886,57.05899292],[9.85366291,57.058974],[9.85364597,57.05895175],[9.85362757,57.05893249],[9.85360793,57.05891243],[9.85357067,57.05887185],[9.85355201,57.05885163],[9.85353337,57.05883108],[9.85351611,57.05881043],[9.85349761,57.05878942],[9.85348394,57.05876875],[9.85346499,57.05875104],[9.85344065,57.05873102],[9.85342392,57.05870896],[9.85340699,57.05868968],[9.85338551,57.05866953],[9.85337523,57.05865529]]],[[[9.89750879,57.08820996],[9.89740866,57.08824323],[9.89743844,57.08824707],[9.89746225,57.0882618],[9.89748854,57.08827794],[9.89751402,57.08829236],[9.89766021,57.08837501],[9.89771792,57.08840784],[9.89776854,57.08843882],[9.89786708,57.08849901],[9.89802382,57.08859437],[9.89803953,57.08855621],[9.89805274,57.08851408],[9.89805927,57.08848732],[9.89804663,57.08847103],[9.89805415,57.088428],[9.89806304,57.08838495],[9.89807535,57.088379],[9.8980767,57.08834378],[9.89807543,57.08830105],[9.89807126,57.08825838],[9.8980642,57.08821582],[9.89805424,57.08817343],[9.89804139,57.08813127],[9.8980257,57.0880894],[9.89800716,57.08804787],[9.89800559,57.08804483],[9.89750879,57.08820996]]],[[[9.85763053,57.00538815],[9.85765583,57.00538176],[9.85771929,57.00534367],[9.85798131,57.00527519],[9.85827367,57.00521104],[9.85844419,57.0051804],[9.85843072,57.00511684],[9.85863248,57.00500228],[9.85860362,57.00484989],[9.85765228,57.0050224],[9.85763522,57.00526292],[9.85764049,57.00526249],[9.85763053,57.00538815]]],[[[9.85488126,57.05868791],[9.85491806,57.05872086],[9.85494011,57.05873928],[9.85496063,57.05875551],[9.85497516,57.05876519],[9.85505143,57.05876211],[9.85506368,57.05878212],[9.85505497,57.05881325],[9.85506122,57.05882998],[9.85507792,57.05884554],[9.85509759,57.05886446],[9.85512045,57.05888198],[9.85514441,57.0589002],[9.85516477,57.05891565],[9.85516633,57.0589169],[9.85518284,57.05892961],[9.85518712,57.05893245],[9.85521228,57.05895023],[9.85523911,57.05896803],[9.85526293,57.05898721],[9.85527956,57.05900015],[9.85528423,57.05900379],[9.85530719,57.05902122],[9.85533034,57.05903888],[9.85535405,57.05905748],[9.85536787,57.0590684],[9.85537575,57.05907472],[9.85539802,57.05909277],[9.85542825,57.0591176],[9.85544159,57.05912844],[9.85546473,57.05914532],[9.85548843,57.05916218],[9.85550676,57.05917442],[9.85551393,57.05917864],[9.85553571,57.05919602],[9.85556438,57.05921051],[9.85558711,57.05922681],[9.855613,57.05923683],[9.85565246,57.05924535],[9.85565753,57.05924687],[9.85568508,57.05925331],[9.855718,57.05925997],[9.85569561,57.05930448],[9.85570972,57.05931229],[9.85573699,57.05932617],[9.85574171,57.05932808],[9.85576343,57.05932548],[9.85580059,57.05932266],[9.8558397,57.05932149],[9.85587704,57.05932313],[9.85591067,57.05932628],[9.85592173,57.05932668],[9.85592774,57.05932748],[9.85553552,57.05881725],[9.85520075,57.05849039],[9.85499513,57.05855606],[9.85480603,57.05861646],[9.8548173,57.05862736],[9.85483434,57.05864394],[9.85485625,57.05866484],[9.85487388,57.05868131],[9.85488126,57.05868791]]],[[[9.84856848,57.03426687],[9.84774301,57.03426417],[9.84765547,57.03429411],[9.84759492,57.03467716],[9.84758358,57.03476226],[9.8480606,57.03465561],[9.84847077,57.03449646],[9.84888125,57.03428925],[9.84892328,57.03426804],[9.84856848,57.03426687]]],[[[9.85848966,57.06353359],[9.85878542,57.06376296],[9.85950551,57.06379216],[9.85950358,57.06379071],[9.85938937,57.06370844],[9.85922667,57.06358244],[9.85920983,57.06356971],[9.85916785,57.06353797],[9.85911349,57.06349761],[9.85909971,57.0634886],[9.85899351,57.06341782],[9.8589009,57.06335118],[9.85885467,57.06334044],[9.85884257,57.06333229],[9.8588162,57.0633155],[9.85878901,57.06329858],[9.85876198,57.06328129],[9.85873556,57.06326388],[9.85870952,57.06324664],[9.85869088,57.06323471],[9.85865602,57.06321316],[9.85860113,57.06317976],[9.85857334,57.06316296],[9.85854589,57.06314569],[9.85849323,57.06311092],[9.85847845,57.06310124],[9.85847157,57.06309681],[9.85810658,57.06323649],[9.85848966,57.06353359]]],[[[9.85754849,57.021749],[9.85755236,57.02174821],[9.85810009,57.02048507],[9.85798854,57.02051544],[9.85790032,57.02052029],[9.85734962,57.02068932],[9.85719817,57.0211463],[9.8576661,57.02118585],[9.85754849,57.021749]]],[[[9.93712046,57.11015335],[9.93724229,57.11010873],[9.9375651,57.11002533],[9.93803262,57.10990562],[9.93803145,57.10990454],[9.93875589,57.10971906],[9.93826327,57.10935671],[9.93816675,57.10928986],[9.93762489,57.10947685],[9.93681918,57.10977342],[9.93712046,57.11015335]]],[[[9.90832347,57.09380796],[9.90832573,57.09380889],[9.90845676,57.09386272],[9.90857923,57.09391287],[9.90858794,57.09391644],[9.90862,57.09392953],[9.90871929,57.09397004],[9.90879767,57.09400195],[9.90881132,57.0940075],[9.90890442,57.0940453],[9.9089488,57.09406331],[9.90898242,57.09407693],[9.90900335,57.0940854],[9.90911421,57.0941302],[9.90924616,57.09418336],[9.90937827,57.09423642],[9.90938799,57.09424032],[9.90950412,57.0942868],[9.90983615,57.09404324],[9.90916498,57.09379594],[9.90866929,57.0936133],[9.90856233,57.09357389],[9.90823562,57.09377177],[9.90823794,57.09377274],[9.90832347,57.09380796]]],[[[9.89648773,57.08868233],[9.89587411,57.08868483],[9.89679777,57.08939769],[9.89690526,57.08937004],[9.89702835,57.08933341],[9.89712502,57.08929969],[9.89722073,57.08926233],[9.89732926,57.08921337],[9.89737518,57.08919235],[9.89731802,57.08915873],[9.89723197,57.08910806],[9.89714729,57.08905874],[9.89701506,57.08898512],[9.89686014,57.08890286],[9.89676706,57.08885136],[9.89666563,57.08879442],[9.89661444,57.08876599],[9.89656276,57.08873187],[9.89649142,57.08868476],[9.89648773,57.08868233]]],[[[9.89826842,57.08816507],[9.89827736,57.08820315],[9.89828515,57.08825002],[9.89828975,57.08829701],[9.89829098,57.08833862],[9.89830762,57.08834442],[9.89830582,57.08839146],[9.89830078,57.08843878],[9.89829259,57.08848562],[9.89827442,57.08849192],[9.89826475,57.08853159],[9.89825021,57.08857798],[9.89823256,57.08862393],[9.89820204,57.08869477],[9.89833754,57.0887733],[9.89838913,57.08880309],[9.89856284,57.08890307],[9.89875196,57.08901139],[9.89878888,57.08903247],[9.8988108,57.08904494],[9.89935657,57.08870109],[9.89826842,57.08816507]]],[[[9.9408815,57.12459881],[9.94087491,57.12462081],[9.94087166,57.12463114],[9.94085255,57.12467384],[9.94083699,57.12471253],[9.9408201,57.12477196],[9.94079649,57.12484229],[9.94078996,57.12485999],[9.94076787,57.12491984],[9.94076356,57.12493247],[9.94119963,57.12505558],[9.94133869,57.12477503],[9.94149419,57.1244613],[9.94163405,57.12417915],[9.94118706,57.12394438],[9.94117835,57.12396825],[9.94117274,57.1239837],[9.94113749,57.12402894],[9.94111946,57.12404238],[9.94108559,57.12406766],[9.94107576,57.12408247],[9.94105952,57.12410702],[9.9410374,57.12414835],[9.9410249,57.12418903],[9.94103318,57.12423709],[9.94103547,57.12425038],[9.94089183,57.12453891],[9.94088577,57.12458454],[9.9408815,57.12459881]]],[[[9.92524217,57.10078654],[9.92524508,57.10079251],[9.92527629,57.10081263],[9.92530104,57.10082603],[9.92542416,57.10088639],[9.92554278,57.10094924],[9.92560506,57.10097818],[9.92561084,57.10098221],[9.92578252,57.10114311],[9.92584076,57.10117098],[9.92590302,57.10120082],[9.92594017,57.10121867],[9.92681364,57.10102636],[9.92652388,57.10086081],[9.92614069,57.10064188],[9.9248419,57.10059489],[9.92493151,57.10064437],[9.92493776,57.10064727],[9.92505017,57.1007057],[9.92519038,57.10075726],[9.92523522,57.10078616],[9.92524217,57.10078654]]],[[[9.92244368,57.09948744],[9.92245146,57.09949158],[9.92258464,57.0995413],[9.92258744,57.09954237],[9.92271874,57.09959848],[9.92277068,57.09962109],[9.9228833,57.09966698],[9.92293615,57.09968893],[9.92306913,57.09974452],[9.92319171,57.09980651],[9.92324459,57.09983211],[9.92331738,57.09986402],[9.92338022,57.09989235],[9.92394027,57.09957537],[9.9230782,57.09918324],[9.92278649,57.09905055],[9.92219783,57.09936552],[9.92220688,57.09936967],[9.92223972,57.09938525],[9.92233375,57.09942876],[9.92244368,57.09948744]]],[[[9.88554813,57.07997086],[9.88526077,57.08011937],[9.8853607,57.08022775],[9.88536883,57.08023334],[9.88576757,57.08050437],[9.88577237,57.0805076],[9.88598617,57.08064486],[9.88618438,57.08078885],[9.88639088,57.08092843],[9.88659902,57.08106786],[9.88675257,57.0811736],[9.8868035,57.08120927],[9.8870025,57.08135235],[9.88721061,57.08149113],[9.88722343,57.08149947],[9.88798335,57.0816207],[9.88641639,57.08061147],[9.88554813,57.07997086]]],[[[9.86010178,57.0633588],[9.86014868,57.0633913],[9.86069035,57.06375224],[9.86069307,57.06375443],[9.86086653,57.06389414],[9.86090569,57.06392187],[9.8617001,57.06402299],[9.86159556,57.06393463],[9.86037273,57.06290092],[9.86022379,57.06277501],[9.85958361,57.06299977],[9.86010178,57.0633588]]],[[[9.93928637,57.12383429],[9.93899767,57.12443214],[9.9398882,57.12455935],[9.93989551,57.12454008],[9.9399095,57.12449582],[9.93991013,57.12449334],[9.93991249,57.12449085],[9.9399294,57.12447242],[9.93994333,57.12443362],[9.93993963,57.12441165],[9.93993997,57.12440699],[9.93995341,57.12436425],[9.93995035,57.12431957],[9.93995128,57.12431464],[9.93995432,57.12424216],[9.93995484,57.12423002],[9.93999878,57.12404291],[9.94007413,57.12381431],[9.94010287,57.12378785],[9.9401158,57.12377594],[9.9401324,57.12373453],[9.94014919,57.12369077],[9.94016229,57.12364635],[9.94017644,57.12360199],[9.94018536,57.12355716],[9.94018653,57.123554],[9.94021019,57.12351052],[9.94023059,57.12347267],[9.93950524,57.12338107],[9.93948695,57.12341891],[9.93928637,57.12383429]]],[[[9.89264626,57.08710279],[9.89259224,57.08708168],[9.89250896,57.08769221],[9.89214147,57.08793102],[9.89233959,57.08804257],[9.89264537,57.08798501],[9.89406237,57.08771833],[9.89395673,57.08765084],[9.8943137,57.0874852],[9.89416862,57.0874083],[9.89414447,57.08739743],[9.89408487,57.08737059],[9.89401518,57.08733746],[9.89394173,57.08739318],[9.893754,57.08753561],[9.89264626,57.08710279]]],[[[9.88256102,57.07831053],[9.88253597,57.07832302],[9.88258078,57.07836764],[9.88264136,57.07833633],[9.88276524,57.07827231],[9.8827882,57.07826044],[9.88287147,57.07830823],[9.88315521,57.07847105],[9.88318471,57.07848798],[9.88312039,57.07852122],[9.88295917,57.07860453],[9.88299783,57.07863003],[9.8831444,57.07872674],[9.88316681,57.07874095],[9.88329933,57.07882506],[9.88344756,57.07892811],[9.8835029,57.07896656],[9.88371336,57.07910454],[9.88392409,57.07924288],[9.88413105,57.07938259],[9.88434485,57.07951982],[9.88454321,57.07966382],[9.884748,57.0798042],[9.88487203,57.07988782],[9.88515161,57.07974334],[9.88417032,57.07888146],[9.88389935,57.07871983],[9.88351674,57.07849161],[9.88333773,57.07838484],[9.88291625,57.07813343],[9.88268821,57.07824711],[9.88256102,57.07831053]]],[[[9.92169784,57.10058765],[9.92279239,57.10106981],[9.92426778,57.10117473],[9.92370141,57.10091582],[9.92311046,57.10067028],[9.92204628,57.1002281],[9.92188322,57.10016902],[9.9216931,57.10008842],[9.92124606,57.10041765],[9.92161472,57.10055104],[9.92169784,57.10058765]]],[[[9.90644182,57.09432956],[9.90693503,57.09453429],[9.90719693,57.094643],[9.90778633,57.09488764],[9.90812269,57.09502726],[9.90834935,57.09480511],[9.90831885,57.09479127],[9.90799427,57.09464252],[9.90791859,57.09460769],[9.90775308,57.0945315],[9.90770594,57.09450972],[9.90748566,57.09440797],[9.90725474,57.09430026],[9.90723691,57.09429195],[9.90677387,57.09407409],[9.90670749,57.09404285],[9.9066557,57.09401849],[9.90584166,57.09362833],[9.90514691,57.09328895],[9.90470126,57.09360705],[9.90644182,57.09432956]]],[[[9.9373565,57.11058415],[9.93733983,57.11058718],[9.9372087,57.11060702],[9.93709074,57.11061884],[9.9370566,57.11066546],[9.93698244,57.1106363],[9.93696701,57.11064],[9.9368063,57.11066123],[9.93676454,57.1106766],[9.93644749,57.11072367],[9.93590237,57.11082985],[9.93586343,57.11080514],[9.93537188,57.11092648],[9.9353256,57.110931],[9.93554013,57.11120129],[9.93868113,57.11068405],[9.9395414,57.11044084],[9.93963672,57.11041561],[9.93961887,57.1104022],[9.9395723,57.11036502],[9.93952749,57.11032866],[9.93947676,57.11029466],[9.93947144,57.11028958],[9.93944417,57.11024956],[9.9394381,57.11024578],[9.93939408,57.11021828],[9.93939169,57.11021659],[9.9393464,57.11018041],[9.93929551,57.11014636],[9.93929259,57.11014407],[9.93926052,57.1101141],[9.93841824,57.11032947],[9.93820916,57.11038371],[9.93782358,57.11048222],[9.93759452,57.11054096],[9.9373565,57.11058415]]],[[[9.86596408,56.99255243],[9.86597096,56.99256045],[9.86601789,56.99259493],[9.86636444,56.9928496],[9.8663975,56.99287646],[9.86701154,56.99282426],[9.86704387,56.99280539],[9.8670684,56.99276887],[9.86706002,56.99269193],[9.8670114,56.99253139],[9.86694737,56.99231989],[9.86682392,56.99191213],[9.86793226,56.99175204],[9.86808019,56.99171285],[9.86805339,56.99169886],[9.86796878,56.99165038],[9.86769774,56.99148049],[9.86743376,56.99130992],[9.86728717,56.9912128],[9.86690985,56.99148343],[9.86666993,56.99164716],[9.86637025,56.99185166],[9.86622715,56.9919728],[9.86578663,56.99234572],[9.86596408,56.99255243]]],[[[9.91401762,57.09897005],[9.91400259,57.09897732],[9.91394777,57.09904539],[9.91385202,57.09913284],[9.91373056,57.09923995],[9.91359229,57.09934868],[9.91347967,57.09943109],[9.91326583,57.09957794],[9.91335227,57.09959695],[9.91351867,57.09962531],[9.91372958,57.09967262],[9.91379995,57.09968593],[9.91389828,57.09967714],[9.91395695,57.09971912],[9.91398445,57.09972183],[9.9140784,57.09971376],[9.91460257,57.099376],[9.91469961,57.09931366],[9.91571788,57.09865954],[9.91586575,57.09856289],[9.91580748,57.09854431],[9.91567181,57.09854506],[9.91562609,57.0985453],[9.9149646,57.09847478],[9.91461142,57.09842445],[9.91440499,57.09838765],[9.91429945,57.0985595],[9.91426025,57.09861066],[9.91422776,57.09867611],[9.91419449,57.09872601],[9.91418903,57.09873421],[9.91397203,57.09871417],[9.91391197,57.09878124],[9.91397413,57.0987982],[9.91401337,57.09885926],[9.91403271,57.09890266],[9.91404136,57.09893725],[9.91402045,57.09896869],[9.91401762,57.09897005]]],[[[9.90478376,57.09186944],[9.90448968,57.09204063],[9.9044963,57.0920439],[9.90458504,57.09208747],[9.90470696,57.09214719],[9.90477292,57.09217943],[9.90482657,57.0922056],[9.90482902,57.09220679],[9.90495129,57.09226632],[9.90505039,57.09231443],[9.9050737,57.09232572],[9.90518847,57.09238126],[9.90519628,57.09238503],[9.90528095,57.09242586],[9.90529789,57.09243397],[9.90575223,57.0926514],[9.90583719,57.09269205],[9.90589439,57.09271923],[9.90594171,57.09274168],[9.90606548,57.09280028],[9.90607852,57.09280644],[9.90617532,57.09285211],[9.90618939,57.09285875],[9.90631349,57.09291713],[9.90643774,57.0929754],[9.90645707,57.09298444],[9.90656215,57.09303356],[9.90668675,57.09309163],[9.90673969,57.09311626],[9.90681148,57.09314959],[9.90693639,57.09320744],[9.90702315,57.09324752],[9.90706146,57.09326518],[9.9071867,57.09332283],[9.90722904,57.09334226],[9.90730747,57.09337824],[9.9073121,57.09338037],[9.90734677,57.09339622],[9.90743768,57.09343781],[9.9074823,57.09345817],[9.90783724,57.09319358],[9.90747743,57.09301043],[9.9049947,57.09174665],[9.90494454,57.09177584],[9.90478376,57.09186944]]],[[[9.94044769,57.11007106],[9.94045272,57.11007366],[9.9405007,57.11011025],[9.94054991,57.1101461],[9.94055067,57.11014663],[9.94057894,57.11016618],[9.94184027,57.10983226],[9.94313588,57.10938737],[9.94418725,57.10902632],[9.94386,57.10863308],[9.94372203,57.10866735],[9.94372488,57.10870237],[9.94366345,57.10871849],[9.94372282,57.10878698],[9.94354136,57.10883171],[9.94343508,57.10885767],[9.94328835,57.10889846],[9.94323058,57.10891392],[9.94310416,57.10894679],[9.94311499,57.10897969],[9.94301113,57.10901256],[9.94293423,57.1090477],[9.94284714,57.10908107],[9.9428427,57.10908193],[9.94274974,57.10909992],[9.94270844,57.10910899],[9.94261731,57.10914646],[9.94251761,57.10918102],[9.94208763,57.1093371],[9.94194864,57.10938635],[9.94163512,57.10950366],[9.94131338,57.10958638],[9.94098566,57.10967084],[9.94084658,57.10970668],[9.94030916,57.1098442],[9.94018656,57.10987828],[9.94020499,57.10989307],[9.94020505,57.10989313],[9.94025134,57.10993059],[9.94025261,57.10993171],[9.9402939,57.10997108],[9.94029594,57.1099734],[9.94032519,57.11001385],[9.94037205,57.11004416],[9.94044358,57.11006894],[9.94044769,57.11007106]]],[[[9.85473555,57.02165674],[9.85472609,57.02172657],[9.85546669,57.02172743],[9.85584272,57.02172786],[9.8560004,57.02172804],[9.85606564,57.0215519],[9.85627109,57.02099714],[9.85601093,57.02106105],[9.85569156,57.02115186],[9.85566895,57.02115829],[9.85541578,57.02121503],[9.85530072,57.02123288],[9.85518896,57.02122837],[9.8551468,57.02112242],[9.85531728,57.02110424],[9.85539076,57.02110218],[9.85545771,57.02108067],[9.85547802,57.02107413],[9.85565074,57.02103422],[9.85570363,57.02102957],[9.85576593,57.02100026],[9.85584909,57.02098736],[9.85619724,57.02087066],[9.85630933,57.02083578],[9.85645073,57.02041951],[9.85491148,57.02035751],[9.85480263,57.02116132],[9.85473555,57.02165674]]],[[[9.88174111,57.07953646],[9.88190879,57.07964723],[9.88192133,57.07965551],[9.88239346,57.07996735],[9.88246237,57.08038821],[9.88279522,57.08051429],[9.88234824,57.0806272],[9.88122658,57.08091055],[9.88000338,57.08138951],[9.880257,57.08155286],[9.88136516,57.0810645],[9.88315491,57.08065053],[9.88419665,57.08104512],[9.88450815,57.08090581],[9.8839055,57.08050466],[9.88357371,57.08028305],[9.88321494,57.08004612],[9.8828228,57.07978039],[9.88280342,57.07976725],[9.88257046,57.07961525],[9.88238099,57.07948287],[9.88225706,57.07939628],[9.88222601,57.07937457],[9.88210162,57.07929119],[9.88209038,57.07928456],[9.88193138,57.0791909],[9.88156588,57.07895167],[9.88118164,57.07916693],[9.88174111,57.07953646]]],[[[9.8614914,57.06518958],[9.86221762,57.06657939],[9.86284728,57.06729596],[9.86307111,57.06764326],[9.8632823,57.06797042],[9.86328681,57.06797536],[9.86333409,57.0679403],[9.86338917,57.06790826],[9.8634415,57.06787583],[9.86348854,57.0678417],[9.86353177,57.06780425],[9.86358093,57.06776874],[9.86362725,57.06773233],[9.86367806,57.06769742],[9.8637243,57.06766094],[9.86377175,57.0676233],[9.86382172,57.06758584],[9.86387301,57.06754866],[9.86392636,57.06751252],[9.86398553,57.06747891],[9.86403994,57.06744354],[9.86409589,57.06740863],[9.86415309,57.06737434],[9.86421153,57.06734067],[9.86427098,57.06730778],[9.86445031,57.06723568],[9.86408722,57.0669604],[9.86388681,57.06681822],[9.86368047,57.0666785],[9.86365428,57.06666106],[9.86347344,57.06653884],[9.86326247,57.06640092],[9.86305257,57.06626202],[9.8628499,57.06611991],[9.86264906,57.06597701],[9.86245589,57.06583114],[9.86237,57.0657702],[9.86225502,57.06568932],[9.8620488,57.06555011],[9.86195321,57.06549387],[9.86182302,57.06541881],[9.86160731,57.06528045],[9.86152965,57.06521514],[9.8614914,57.06518958]]],[[[9.89275244,57.08453318],[9.89276771,57.08453844],[9.8928121,57.08468016],[9.89284661,57.08482495],[9.89287692,57.08489561],[9.89288802,57.08491147],[9.89292005,57.08496396],[9.89296811,57.08503133],[9.89304311,57.08512133],[9.89308931,57.08517871],[9.89320607,57.08531855],[9.89326164,57.08538178],[9.89330655,57.0854331],[9.89335127,57.0854924],[9.89338787,57.08553111],[9.89339739,57.08553666],[9.8934251,57.0855528],[9.8935559,57.08567879],[9.89358627,57.08570445],[9.8936279,57.08573962],[9.89376082,57.08577811],[9.89373063,57.0858139],[9.89379014,57.08586062],[9.89384187,57.08590352],[9.89390054,57.08595046],[9.89404134,57.08603604],[9.89410905,57.08608799],[9.89416981,57.08612841],[9.89436774,57.08626827],[9.89470509,57.08651204],[9.89502348,57.08672005],[9.89516492,57.08682244],[9.89521659,57.08685631],[9.8952603,57.08688497],[9.8954112,57.08698955],[9.89547682,57.08703501],[9.89551734,57.08707485],[9.89559187,57.08711198],[9.89569664,57.08716416],[9.89575108,57.08720162],[9.89595482,57.08736389],[9.89626415,57.08725793],[9.8956318,57.08673948],[9.89545286,57.08659276],[9.89520397,57.08638869],[9.89410268,57.08548571],[9.89403396,57.08540281],[9.893138,57.08432201],[9.8931689,57.08403377],[9.89329612,57.08344214],[9.89330904,57.08338202],[9.89303574,57.0833718],[9.89279347,57.08336274],[9.89280465,57.08336729],[9.89281551,57.0833712],[9.89282258,57.08337258],[9.89283485,57.08337443],[9.89284732,57.08337692],[9.89285573,57.08337838],[9.8928599,57.08337854],[9.89286653,57.08337788],[9.89303807,57.08340623],[9.89303575,57.08341681],[9.89301765,57.08349912],[9.89301593,57.08354637],[9.89299499,57.08358317],[9.89297301,57.08362184],[9.8924169,57.08371719],[9.8924529,57.08380823],[9.89248155,57.0840362],[9.89252489,57.08422668],[9.8925951,57.08441283],[9.89261282,57.08448508],[9.89275244,57.08453318]]],[[[9.84661275,57.04362773],[9.84704489,57.04363982],[9.84704499,57.04363983],[9.84724512,57.04372029],[9.84725557,57.04320117],[9.84728846,57.04244479],[9.84742082,57.04124429],[9.84761903,57.04023438],[9.84778876,57.03946041],[9.84762106,57.03944414],[9.8478402,57.03851601],[9.84728924,57.03847545],[9.84698609,57.04082209],[9.8468849,57.0416907],[9.84661275,57.04362773]]],[[[9.85120088,57.01354566],[9.85119863,57.0141168],[9.85275992,57.01410874],[9.85631879,57.01414775],[9.85622063,57.01403176],[9.85609166,57.01381109],[9.85602822,57.01360941],[9.85403589,57.01357213],[9.85272102,57.01355522],[9.85271694,57.01350371],[9.85270247,57.0133206],[9.85148076,57.01334634],[9.85140596,57.01334563],[9.85119408,57.01335324],[9.85120088,57.01354566]]],[[[9.88759445,57.08440174],[9.88721767,57.08445692],[9.88399154,57.08501616],[9.88367022,57.08506957],[9.88361678,57.08507721],[9.88366606,57.08507973],[9.88373507,57.08508428],[9.88375258,57.08508537],[9.88378495,57.08508817],[9.8838478,57.08508903],[9.8838814,57.08508953],[9.88390397,57.08509118],[9.88393123,57.08509918],[9.88398193,57.08510287],[9.88400651,57.0850915],[9.88405033,57.08510744],[9.88409618,57.0851109],[9.88415617,57.08511533],[9.88416916,57.08511795],[9.88419975,57.08512052],[9.88423061,57.08512309],[9.88427061,57.08512644],[9.88433986,57.08513467],[9.88439347,57.08514128],[9.88440746,57.08513692],[9.88445095,57.08514098],[9.88452917,57.08514744],[9.88458554,57.08515429],[9.88464489,57.08516175],[9.88466534,57.08516435],[9.88470383,57.08516991],[9.8847419,57.08517546],[9.88477755,57.08518067],[9.88481858,57.08515704],[9.88494464,57.08517666],[9.88500884,57.08521767],[9.8850484,57.08522448],[9.88510324,57.08523452],[9.88516696,57.08524624],[9.88522034,57.08526071],[9.8852826,57.08527765],[9.88535174,57.08529132],[9.88540726,57.08530276],[9.88548271,57.08531862],[9.8855506,57.08533419],[9.88561062,57.08533737],[9.88570335,57.08535746],[9.88571133,57.08535924],[9.88572727,57.08535614],[9.88578503,57.08534504],[9.88582591,57.08535398],[9.88585208,57.08535974],[9.88589956,57.08537053],[9.88595934,57.08538432],[9.88602484,57.08539822],[9.88606987,57.08540778],[9.88612123,57.0854186],[9.88616346,57.08542717],[9.88622636,57.08543986],[9.88626571,57.08544968],[9.88627496,57.08545014],[9.88633342,57.08546352],[9.88637535,57.08547322],[9.88639994,57.08547963],[9.88644306,57.0854934],[9.88645561,57.08553625],[9.88653409,57.08554667],[9.88655229,57.08554911],[9.88656856,57.08555207],[9.88660608,57.08555928],[9.88661798,57.08555578],[9.88666236,57.08555591],[9.88673499,57.08556196],[9.88685562,57.08557047],[9.88685805,57.08557108],[9.88688336,57.08557001],[9.88697897,57.08558144],[9.8870772,57.08558048],[9.88712877,57.08557755],[9.88717145,57.08557738],[9.88718715,57.08558078],[9.88719684,57.08558331],[9.88721539,57.08558426],[9.88733617,57.08560561],[9.88733595,57.08560618],[9.88742374,57.08562381],[9.887462,57.08562621],[9.88748765,57.08563039],[9.88755274,57.08564383],[9.88767069,57.08566798],[9.88774327,57.08568568],[9.88785529,57.08569866],[9.88805229,57.08572463],[9.88830176,57.08575184],[9.88834277,57.08575499],[9.88839984,57.08575494],[9.88844912,57.0857617],[9.88847487,57.08575255],[9.88847581,57.08574795],[9.88847665,57.08573705],[9.88847712,57.08572828],[9.88847694,57.08571835],[9.88847718,57.08571043],[9.88847753,57.08570815],[9.8884777,57.08570199],[9.88847763,57.08569626],[9.88847975,57.08568425],[9.88848154,57.08567434],[9.88848445,57.08566062],[9.88848994,57.08563435],[9.88849918,57.08559036],[9.88850349,57.08556971],[9.88850989,57.08553862],[9.88851089,57.08553433],[9.88851636,57.08551502],[9.88852494,57.0854848],[9.88852859,57.08547163],[9.8885349,57.08544888],[9.8885443,57.08541564],[9.88856022,57.08535893],[9.88857028,57.08532665],[9.88858605,57.08527596],[9.88859439,57.08524429],[9.88860538,57.08519802],[9.88861493,57.08517754],[9.88862328,57.08514623],[9.8886283,57.08512819],[9.88863184,57.08511957],[9.88865008,57.08507428],[9.88866404,57.08503985],[9.88867672,57.0850085],[9.8886881,57.08498089],[9.88869883,57.08495628],[9.88870931,57.08493229],[9.88871432,57.08491685],[9.88872395,57.08489449],[9.88872809,57.08488492],[9.88873212,57.08487552],[9.88873734,57.08486332],[9.88874285,57.08485478],[9.88875475,57.08483584],[9.88876558,57.08481814],[9.88878226,57.08477169],[9.88878594,57.08474701],[9.88880032,57.08469933],[9.88880822,57.08468355],[9.88884508,57.08460987],[9.88885301,57.0845786],[9.8888613,57.08455496],[9.88887737,57.08451228],[9.88888523,57.08447658],[9.88888415,57.08444099],[9.88887665,57.08440106],[9.88886999,57.08436503],[9.88888546,57.08431802],[9.88890475,57.08425691],[9.88892139,57.08420279],[9.88894835,57.08411531],[9.88897275,57.08408024],[9.88900292,57.08401198],[9.88902854,57.08395531],[9.88899046,57.08393295],[9.88893397,57.08388505],[9.88890454,57.0838602],[9.88888777,57.08384606],[9.88879876,57.0837705],[9.88870394,57.08369077],[9.88849733,57.08351633],[9.88845163,57.08347919],[9.88822394,57.08335215],[9.88822317,57.08335185],[9.88773054,57.0841745],[9.88759445,57.08440174]]],[[[9.8633194,57.01402349],[9.87009667,57.01389994],[9.87016752,57.013734],[9.87025741,57.0135235],[9.86981774,57.01346377],[9.86970336,57.01344957],[9.86936697,57.01340727],[9.8689153,57.01335464],[9.86847028,57.0133094],[9.8680188,57.01326735],[9.86792765,57.01325922],[9.8678712,57.01344721],[9.86785681,57.01349515],[9.86705517,57.0134417],[9.8659902,57.01339561],[9.86520852,57.01338924],[9.86468105,57.01339479],[9.8640723,57.01341376],[9.86391091,57.0134188],[9.86365742,57.01342942],[9.86325091,57.01344645],[9.8628778,57.01349715],[9.8621699,57.01353346],[9.86115593,57.01355199],[9.86111757,57.01369609],[9.86100298,57.01392953],[9.86089794,57.01406754],[9.8633194,57.01402349]]],[[[9.84992354,57.03873489],[9.84966032,57.03892444],[9.84920173,57.03934427],[9.84902303,57.03954314],[9.84888859,57.03951305],[9.8486907,57.03981738],[9.84840405,57.0403565],[9.8482557,57.04078401],[9.84810931,57.04145101],[9.8491419,57.04151915],[9.84888124,57.04296298],[9.8489461,57.04298222],[9.84934073,57.04310372],[9.84999177,57.04329344],[9.85074188,57.04352372],[9.85217195,57.04395074],[9.85238203,57.04401333],[9.85267188,57.04414045],[9.85351809,57.04017568],[9.85419369,57.0401984],[9.85398273,57.04000615],[9.85341565,57.03960607],[9.85337331,57.03953227],[9.85259427,57.03905561],[9.8517876,57.0386421],[9.85175995,57.03864027],[9.85172604,57.03863803],[9.85105206,57.03838136],[9.85099661,57.03835806],[9.85065965,57.0382165],[9.85055696,57.03829347],[9.85048575,57.03834683],[9.85019749,57.03854412],[9.85001597,57.03866835],[9.85001589,57.03866841],[9.84992354,57.03873489]]],[[[9.87237566,57.07297402],[9.8720111,57.07308063],[9.87185119,57.0731145],[9.87078819,57.07367186],[9.8754784,57.07649863],[9.87594445,57.07635895],[9.8760591,57.07632932],[9.87618031,57.0762126],[9.87611762,57.07620726],[9.87582612,57.07575452],[9.87593714,57.0756596],[9.87636663,57.07549399],[9.87641162,57.07548223],[9.87586601,57.07511693],[9.87525932,57.07470259],[9.87460342,57.07426079],[9.8742632,57.07402804],[9.87383681,57.07375957],[9.8736471,57.07360556],[9.8734847,57.07350238],[9.87342957,57.07346736],[9.87329611,57.07329549],[9.87293018,57.07305823],[9.87262092,57.07285825],[9.87237566,57.07297402]]],[[[9.87437485,57.07085052],[9.87314938,57.07133894],[9.8739434,57.07186504],[9.87329803,57.07215399],[9.87345804,57.07230452],[9.87368315,57.07243444],[9.87389411,57.07257346],[9.87409979,57.07271381],[9.87430964,57.07285154],[9.87452855,57.07298089],[9.87480657,57.07305072],[9.87483551,57.07303741],[9.87567904,57.07267212],[9.87963363,57.07095941],[9.87759874,57.0695655],[9.87437485,57.07085052]]]]},"properties":{"kind":"temporary","name":"Areal midlertidig Fase 3 (offentliggøres)","sourceFeatureId":"vvm_e9095_analysedata_polygon_areal_fase_3.2148113","sourceUpdatedAt":"2025-06-12 08:12","sourceFile":"E9095_ARE_forslag1_f3","sourceUrl":"https://geocloud.vd.dk/geo/vvm/ows","sourceGeometryValid":true,"invalidGeometryComponents":[],"note":"Phase 3 design snapshot; not a cadastral parcel or a final expropriation decision."}}]}