{"type":"FeatureCollection","features":[{"type":"Feature","id":"vvm_e9095_analysedata_linje_projekt_fase_3.10063739","bbox":[9.83716839,56.95200257,9.9460204,57.12904723],"geometry":{"type":"MultiLineString","coordinates":[[[9.91648607,57.09477608],[9.91657785,57.09481044]],[[9.91657785,57.09481044],[9.91658987,57.09481536]],[[9.91658987,57.09481536],[9.91660106,57.09482083]],[[9.91660106,57.09482083],[9.91661135,57.0948268]],[[9.91661135,57.0948268],[9.91662066,57.09483322]],[[9.91662066,57.09483322],[9.91662891,57.09484006]],[[9.91662891,57.09484006],[9.91663607,57.09484727]],[[9.91663607,57.09484727],[9.91664206,57.09485477]],[[9.91664206,57.09485477],[9.91664684,57.09486253]],[[9.91664684,57.09486253],[9.91665039,57.09487049]],[[9.91665039,57.09487049],[9.91665264,57.09487858]],[[9.91665264,57.09487858],[9.91665365,57.09488675]],[[9.91665365,57.09488675],[9.91665333,57.09489493]],[[9.91665333,57.09489493],[9.91665175,57.09490307]],[[9.91665175,57.09490307],[9.91664888,57.09491111]],[[9.91664888,57.09491111],[9.91664475,57.09491897]],[[9.91664475,57.09491897],[9.91663939,57.09492663]],[[9.91663939,57.09492663],[9.91663286,57.09493399]],[[9.91663286,57.09493399],[9.91657235,57.09499529]],[[9.9241284,57.10073487],[9.929622,57.10347963]],[[9.929622,57.10347963],[9.93468377,57.10646038]],[[9.93468377,57.10646038],[9.9392795,57.10965706]],[[9.9392795,57.10965706],[9.93931697,57.10968546]],[[9.93931697,57.10968546],[9.93935439,57.10971388]],[[9.93935439,57.10971388],[9.93939177,57.10974232]],[[9.93939177,57.10974232],[9.93942911,57.10977077]],[[9.93942911,57.10977077],[9.93946641,57.10979924]],[[9.93946641,57.10979924],[9.93950366,57.10982772]],[[9.93950366,57.10982772],[9.93954086,57.10985623]],[[9.93954086,57.10985623],[9.93957802,57.10988475]],[[9.93957802,57.10988475],[9.93961512,57.10991329]],[[9.93961512,57.10991329],[9.93965218,57.10994185]],[[9.93965218,57.10994185],[9.93968918,57.10997044]],[[9.93968918,57.10997044],[9.93972612,57.10999904]],[[9.93972612,57.10999904],[9.93976301,57.11002767]],[[9.93976301,57.11002767],[9.93979983,57.11005631]],[[9.93979983,57.11005631],[9.93983661,57.11008498]],[[9.93983661,57.11008498],[9.93987331,57.11011367]],[[9.93987331,57.11011367],[9.93990996,57.11014239]],[[9.93990996,57.11014239],[9.93994655,57.11017114]],[[9.93994655,57.11017114],[9.93998306,57.1101999]],[[9.93998306,57.1101999],[9.9400195,57.1102287]],[[9.9400195,57.1102287],[9.94005588,57.11025751]],[[9.94005588,57.11025751],[9.94009218,57.11028636]],[[9.94009218,57.11028636],[9.94012841,57.11031523]],[[9.94012841,57.11031523],[9.94016455,57.11034413]],[[9.94016455,57.11034413],[9.94020063,57.11037306]],[[9.94020063,57.11037306],[9.94023663,57.11040202]],[[9.94023663,57.11040202],[9.94027255,57.11043101]],[[9.94027255,57.11043101],[9.94030838,57.11046003]],[[9.94030838,57.11046003],[9.94034413,57.11048908]],[[9.94034413,57.11048908],[9.9403798,57.11051816]],[[9.9403798,57.11051816],[9.94041539,57.11054727]],[[9.94041539,57.11054727],[9.94045087,57.11057642]],[[9.94045087,57.11057642],[9.94048628,57.11060559]],[[9.94048628,57.11060559],[9.94052158,57.1106348]],[[9.94052158,57.1106348],[9.94055679,57.11066405]],[[9.94055679,57.11066405],[9.9405919,57.11069332]],[[9.9405919,57.11069332],[9.94062692,57.11072264]],[[9.94062692,57.11072264],[9.94066183,57.11075198]],[[9.94066183,57.11075198],[9.94069666,57.11078136]],[[9.94069666,57.11078136],[9.94073137,57.11081079]],[[9.94073137,57.11081079],[9.94076596,57.11084024]],[[9.94076596,57.11084024],[9.94080048,57.11086974]],[[9.94080048,57.11086974],[9.94083486,57.11089927]],[[9.94083486,57.11089927],[9.94086914,57.11092884]],[[9.94086914,57.11092884],[9.94090331,57.11095845]],[[9.94090331,57.11095845],[9.94093736,57.1109881]],[[9.94093736,57.1109881],[9.94097131,57.11101778]],[[9.94097131,57.11101778],[9.94100513,57.1110475]],[[9.94100513,57.1110475],[9.94103882,57.11107727]],[[9.94103882,57.11107727],[9.9410724,57.11110708]],[[9.9410724,57.11110708],[9.94110586,57.11113693]],[[9.94110586,57.11113693],[9.94113919,57.11116682]],[[9.94113919,57.11116682],[9.94117238,57.11119675]],[[9.94117238,57.11119675],[9.94120546,57.11122672]],[[9.94120546,57.11122672],[9.9412384,57.11125674]],[[9.9412384,57.11125674],[9.94127121,57.1112868]],[[9.94127121,57.1112868],[9.94130388,57.11131691]],[[9.94130388,57.11131691],[9.94133643,57.11134705]],[[9.94133643,57.11134705],[9.94136881,57.11137725]],[[9.94136881,57.11137725],[9.94140108,57.11140748]],[[9.94140108,57.11140748],[9.9414332,57.11143776]],[[9.9414332,57.11143776],[9.94146517,57.11146809]],[[9.94146517,57.11146809],[9.94149699,57.11149845]],[[9.94149699,57.11149845],[9.94152867,57.11152888]],[[9.94152867,57.11152888],[9.94156019,57.11155934]],[[9.94156019,57.11155934],[9.94159157,57.11158985]],[[9.94159157,57.11158985],[9.94162278,57.11162041]],[[9.94162278,57.11162041],[9.94165384,57.11165101]],[[9.94165384,57.11165101],[9.94168474,57.11168166]],[[9.94168474,57.11168166],[9.94171549,57.11171236]],[[9.94171549,57.11171236],[9.94174607,57.1117431]],[[9.94174607,57.1117431],[9.94177649,57.1117739]],[[9.94177649,57.1117739],[9.94180675,57.11180474]],[[9.94180675,57.11180474],[9.94183682,57.11183564]],[[9.94183682,57.11183564],[9.94186675,57.11186658]],[[9.94186675,57.11186658],[9.94189649,57.11189756]],[[9.94189649,57.11189756],[9.94192605,57.1119286]],[[9.94192605,57.1119286],[9.94195545,57.1119597]],[[9.94195545,57.1119597],[9.94198466,57.11199083]],[[9.94198466,57.11199083],[9.94201369,57.11202203]],[[9.94201369,57.11202203],[9.94204253,57.11205326]],[[9.94204253,57.11205326],[9.9420712,57.11208455]],[[9.9420712,57.11208455],[9.94267213,57.11280908]],[[9.94267213,57.11280908],[9.94317327,57.11355573]],[[9.94317327,57.11355573],[9.9435719,57.11432045]],[[9.9435719,57.11432045],[9.94386585,57.11509907]],[[9.94386585,57.11509907],[9.94405351,57.11588737]],[[9.94405351,57.11588737],[9.94411552,57.11655134]],[[9.94411552,57.11655134],[9.944077,57.11721585]],[[9.944077,57.11721585],[9.94393821,57.11787638]],[[9.94393821,57.11787638],[9.94370008,57.11852847]],[[9.94370008,57.11852847],[9.94336423,57.11916771]],[[9.94336423,57.11916771],[9.94293291,57.11978975]],[[9.94293291,57.11978975],[9.94172629,57.12150915]],[[9.94172629,57.12150915],[9.94075774,57.12327253]],[[9.94075774,57.12327253],[9.94003261,57.12507016]],[[9.94003261,57.12507016],[9.93955495,57.12689213]],[[9.93955495,57.12689213],[9.93932744,57.12872837]],[[9.92410177,57.10075202],[9.92415503,57.10071773]],[[9.93928617,57.12872769],[9.9393687,57.12872904]],[[9.92609228,57.10169485],[9.92614734,57.10166141]],[[9.93731102,57.10825783],[9.93737628,57.10823036]],[[9.94405963,57.11626284],[9.94414208,57.1162608]],[[9.94004438,57.12491132],[9.94012551,57.12491959]],[[9.9285197,57.10291049],[9.92855405,57.10289109]],[[9.930853,57.10417977],[9.93088862,57.10416107]],[[9.93310013,57.10549434],[9.93313697,57.10547636]],[[9.9352581,57.10685246],[9.93529613,57.10683522]],[[9.93929529,57.10969213],[9.93933552,57.10967643]],[[9.94112896,57.11118365],[9.94117135,57.11116973]],[[9.94262389,57.11278055],[9.94266969,57.11277031]],[[9.94361927,57.11448842],[9.94366756,57.11448244]],[[9.94386032,57.11804788],[9.94390908,57.11805262]],[[9.94292641,57.11976355],[9.94297204,57.11977401]],[[9.94174302,57.12144077],[9.94178988,57.12144951]],[[9.94078604,57.12316027],[9.94083392,57.12316714]],[[9.9395706,57.12668966],[9.93961981,57.12669269]],[[9.93931863,57.12848099],[9.93936811,57.12848207]],[[9.92486493,57.10109511],[9.9248973,57.10107473]],[[9.92732168,57.10229335],[9.92735538,57.10227362]],[[9.9285197,57.10291049],[9.92855405,57.10289109]],[[9.92969693,57.10353936],[9.92973192,57.10352031]],[[9.930853,57.10417977],[9.93088862,57.10416107]],[[9.93198752,57.10483151],[9.93202376,57.10481315]],[[9.93310013,57.10549434],[9.93313697,57.10547636]],[[9.93419044,57.10616807],[9.93422788,57.10615044]],[[9.9352581,57.10685246],[9.93529613,57.10683522]],[[9.93630275,57.10754729],[9.93634135,57.10753043]],[[9.93832168,57.10896736],[9.9383614,57.10895126]],[[9.93929529,57.10969213],[9.93933552,57.10967643]],[[9.94023925,57.11042822],[9.94028032,57.11041316]],[[9.94112896,57.11118365],[9.94117135,57.11116973]],[[9.94193386,57.11196633],[9.94197793,57.11195404]],[[9.94262389,57.11278055],[9.94266969,57.11277031]],[[9.94318701,57.1136232],[9.94323422,57.11361506]],[[9.94361927,57.11448842],[9.94366756,57.11448244]],[[9.94391767,57.11537021],[9.9439667,57.11536644]],[[9.94405949,57.11715842],[9.94410891,57.11716019]],[[9.94386032,57.11804788],[9.94390908,57.11805262]],[[9.94348108,57.11891984],[9.94352857,57.11892749]],[[9.94292641,57.11976355],[9.94297204,57.11977401]],[[9.94230681,57.12059631],[9.94235305,57.12060596]],[[9.94174302,57.12144077],[9.94178988,57.12144951]],[[9.94123586,57.12229581],[9.94128326,57.12230361]],[[9.94078604,57.12316027],[9.94083392,57.12316714]],[[9.9403941,57.12403305],[9.94044243,57.12403896]],[[9.93978598,57.12579891],[9.93983496,57.1258029]],[[9.9395706,57.12668966],[9.93961981,57.12669269]],[[9.93941474,57.12758408],[9.93946414,57.12758614]],[[9.93931863,57.12848099],[9.93936811,57.12848207]],[[9.85586247,57.05971246],[9.85598999,57.05998811]],[[9.85598999,57.05998811],[9.85615276,57.0602582]],[[9.85615276,57.0602582],[9.85634998,57.06052138]],[[9.85634998,57.06052138],[9.85635812,57.0605312]],[[9.85635812,57.0605312],[9.85636631,57.06054101]],[[9.85636631,57.06054101],[9.85637454,57.06055081]],[[9.85637454,57.06055081],[9.85638281,57.0605606]],[[9.85638281,57.0605606],[9.85639115,57.06057037]],[[9.85639115,57.06057037],[9.85639952,57.06058013]],[[9.85639952,57.06058013],[9.85640793,57.06058988]],[[9.85640793,57.06058988],[9.8564164,57.06059963]],[[9.8564164,57.06059963],[9.8564249,57.06060935]],[[9.8564249,57.06060935],[9.85643345,57.06061907]],[[9.85643345,57.06061907],[9.85644203,57.06062878]],[[9.85644203,57.06062878],[9.85645067,57.06063847]],[[9.85645067,57.06063847],[9.85645935,57.06064816]],[[9.85645935,57.06064816],[9.85646805,57.06065783]],[[9.85646805,57.06065783],[9.85647681,57.06066749]],[[9.85647681,57.06066749],[9.85648561,57.06067715]],[[9.85648561,57.06067715],[9.85649444,57.06068679]],[[9.85649444,57.06068679],[9.8565033,57.06069642]],[[9.8565033,57.06069642],[9.85651221,57.06070604]],[[9.85651221,57.06070604],[9.85652116,57.06071565]],[[9.85652116,57.06071565],[9.85653014,57.06072525]],[[9.85653014,57.06072525],[9.85653917,57.06073484]],[[9.85653917,57.06073484],[9.85654823,57.06074442]],[[9.85654823,57.06074442],[9.85655731,57.06075399]],[[9.85655731,57.06075399],[9.85656643,57.06076355]],[[9.85656643,57.06076355],[9.85657559,57.0607731]],[[9.85657559,57.0607731],[9.8565848,57.06078264]],[[9.8565848,57.06078264],[9.85659403,57.06079217]],[[9.85659403,57.06079217],[9.85660329,57.06080169]],[[9.85660329,57.06080169],[9.85661258,57.0608112]],[[9.85661258,57.0608112],[9.8566219,57.06082071]],[[9.8566219,57.06082071],[9.85663125,57.0608302]],[[9.85663125,57.0608302],[9.85664064,57.06083968]],[[9.85664064,57.06083968],[9.85665006,57.06084916]],[[9.85665006,57.06084916],[9.8566595,57.06085863]],[[9.8566595,57.06085863],[9.85666898,57.06086809]],[[9.85666898,57.06086809],[9.85667848,57.06087754]],[[9.85667848,57.06087754],[9.85668801,57.06088698]],[[9.85668801,57.06088698],[9.85669756,57.06089641]],[[9.85669756,57.06089641],[9.85670715,57.06090584]],[[9.85670715,57.06090584],[9.85671676,57.06091526]],[[9.85671676,57.06091526],[9.8567264,57.06092467]],[[9.8567264,57.06092467],[9.85673607,57.06093408]],[[9.85673607,57.06093408],[9.85674576,57.06094346]],[[9.85674576,57.06094346],[9.85675546,57.06095286]],[[9.85675546,57.06095286],[9.8567652,57.06096223]],[[9.8567652,57.06096223],[9.85677497,57.0609716]],[[9.85677497,57.0609716],[9.85678474,57.06098097]],[[9.85678474,57.06098097],[9.85679455,57.06099033]],[[9.85679455,57.06099033],[9.85680438,57.06099968]],[[9.85680438,57.06099968],[9.85681424,57.06100902]],[[9.85681424,57.06100902],[9.85682409,57.06101836]],[[9.85682409,57.06101836],[9.85683399,57.0610277]],[[9.85683399,57.0610277],[9.85684389,57.06103702]],[[9.85684389,57.06103702],[9.85685383,57.06104634]],[[9.85685383,57.06104634],[9.85686377,57.06105566]],[[9.85686377,57.06105566],[9.85687374,57.06106496]],[[9.85687374,57.06106496],[9.85688372,57.06107426]],[[9.85688372,57.06107426],[9.85689372,57.06108356]],[[9.85689372,57.06108356],[9.85690374,57.06109285]],[[9.85690374,57.06109285],[9.85691378,57.06110214]],[[9.85691378,57.06110214],[9.85692383,57.06111142]],[[9.85692383,57.06111142],[9.8569339,57.0611207]],[[9.8569339,57.0611207],[9.85694396,57.06112997]],[[9.85694396,57.06112997],[9.85695406,57.06113923]],[[9.85695406,57.06113923],[9.85696418,57.06114849]],[[9.85696418,57.06114849],[9.8569743,57.06115775]],[[9.8569743,57.06115775],[9.85698443,57.061167]],[[9.85698443,57.061167],[9.85699458,57.06117626]],[[9.85699458,57.06117626],[9.85700473,57.0611855]],[[9.85700473,57.0611855],[9.85701492,57.06119474]],[[9.85701492,57.06119474],[9.8570251,57.06120398]],[[9.8570251,57.06120398],[9.85703528,57.06121322]],[[9.85703528,57.06121322],[9.85704548,57.06122244]],[[9.85704548,57.06122244],[9.8570557,57.06123168]],[[9.8570557,57.06123168],[9.85706592,57.0612409]],[[9.85706592,57.0612409],[9.85707615,57.06125012]],[[9.85707615,57.06125012],[9.85708638,57.06125934]],[[9.85708638,57.06125934],[9.85709663,57.06126856]],[[9.85709663,57.06126856],[9.85710688,57.06127778]],[[9.85710688,57.06127778],[9.85711715,57.06128698]],[[9.85711715,57.06128698],[9.85712742,57.0612962]],[[9.85712742,57.0612962],[9.85799546,57.06205107]],[[9.85799546,57.06205107],[9.8589015,57.06279257]],[[9.8589015,57.06279257],[9.85984485,57.06352016]],[[9.85275089,57.0570247],[9.8531843,57.05748106]],[[9.8531843,57.05748106],[9.85363104,57.05793359]],[[9.85363104,57.05793359],[9.854091,57.05838218]],[[9.854091,57.05838218],[9.85410078,57.05839154]],[[9.85410078,57.05839154],[9.85411057,57.0584009]],[[9.85411057,57.0584009],[9.85412037,57.05841026]],[[9.85412037,57.05841026],[9.85413017,57.05841961]],[[9.85413017,57.05841961],[9.85413997,57.05842896]],[[9.85413997,57.05842896],[9.85414979,57.05843832]],[[9.85414979,57.05843832],[9.85415963,57.05844767]],[[9.85415963,57.05844767],[9.85416946,57.05845702]],[[9.85416946,57.05845702],[9.85417932,57.05846636]],[[9.85417932,57.05846636],[9.85418917,57.0584757]],[[9.85418917,57.0584757],[9.85419904,57.05848503]],[[9.85419904,57.05848503],[9.85420892,57.05849437]],[[9.85420892,57.05849437],[9.85421881,57.05850369]],[[9.85421881,57.05850369],[9.85422871,57.05851302]],[[9.85422871,57.05851302],[9.85423863,57.05852234]],[[9.85423863,57.05852234],[9.85424856,57.05853165]],[[9.85424856,57.05853165],[9.8542585,57.05854097]],[[9.8542585,57.05854097],[9.85426846,57.05855027]],[[9.85426846,57.05855027],[9.85427843,57.05855958]],[[9.85427843,57.05855958],[9.85428842,57.05856888]],[[9.85428842,57.05856888],[9.85429842,57.05857817]],[[9.85429842,57.05857817],[9.85430843,57.05858746]],[[9.85430843,57.05858746],[9.85431847,57.05859675]],[[9.85431847,57.05859675],[9.85432852,57.05860603]],[[9.85432852,57.05860603],[9.85433858,57.0586153]],[[9.85433858,57.0586153],[9.85434867,57.05862457]],[[9.85434867,57.05862457],[9.85435877,57.05863383]],[[9.85435877,57.05863383],[9.8543689,57.05864308]],[[9.8543689,57.05864308],[9.85437903,57.05865232]],[[9.85437903,57.05865232],[9.8543892,57.05866157]],[[9.8543892,57.05866157],[9.85439938,57.0586708]],[[9.85439938,57.0586708],[9.85440958,57.05868004]],[[9.85440958,57.05868004],[9.85441979,57.05868926]],[[9.85441979,57.05868926],[9.85443004,57.05869847]],[[9.85443004,57.05869847],[9.85444031,57.05870768]],[[9.85444031,57.05870768],[9.8544506,57.05871688]],[[9.8544506,57.05871688],[9.85446092,57.05872607]],[[9.85446092,57.05872607],[9.85447125,57.05873525]],[[9.85447125,57.05873525],[9.85448161,57.05874443]],[[9.85448161,57.05874443],[9.85449199,57.05875361]],[[9.85449199,57.05875361],[9.85450239,57.05876276]],[[9.85450239,57.05876276],[9.85451284,57.05877191]],[[9.85451284,57.05877191],[9.85452328,57.05878106]],[[9.85452328,57.05878106],[9.85453378,57.05879019]],[[9.85453378,57.05879019],[9.85454429,57.05879932]],[[9.85454429,57.05879932],[9.85455482,57.05880843]],[[9.85455482,57.05880843],[9.8545654,57.05881754]],[[9.8545654,57.05881754],[9.85457599,57.05882664]],[[9.85457599,57.05882664],[9.8545866,57.05883572]],[[9.8545866,57.05883572],[9.85459727,57.0588448]],[[9.85459727,57.0588448],[9.85460794,57.05885387]],[[9.85460794,57.05885387],[9.85461865,57.05886292]],[[9.85461865,57.05886292],[9.8546294,57.05887197]],[[9.8546294,57.05887197],[9.85464016,57.05888101]],[[9.85464016,57.05888101],[9.85465097,57.05889003]],[[9.85465097,57.05889003],[9.85466179,57.05889904]],[[9.85466179,57.05889904],[9.85467267,57.05890804]],[[9.85467267,57.05890804],[9.85468356,57.05891703]],[[9.85468356,57.05891703],[9.85469448,57.05892601]],[[9.85469448,57.05892601],[9.85470546,57.05893497]],[[9.85470546,57.05893497],[9.85471645,57.05894393]],[[9.85471645,57.05894393],[9.85472749,57.05895287]],[[9.85472749,57.05895287],[9.85473855,57.0589618]],[[9.85473855,57.0589618],[9.85474965,57.05897072]],[[9.85474965,57.05897072],[9.85476078,57.05897962]],[[9.85476078,57.05897962],[9.85477195,57.05898851]],[[9.85477195,57.05898851],[9.85478316,57.05899738]],[[9.85478316,57.05899738],[9.85479441,57.05900624]],[[9.85479441,57.05900624],[9.85480568,57.05901509]],[[9.85480568,57.05901509],[9.854817,57.05902393]],[[9.854817,57.05902393],[9.85482836,57.05903274]],[[9.85482836,57.05903274],[9.85483974,57.05904155]],[[9.85483974,57.05904155],[9.85485118,57.05905034]],[[9.85485118,57.05905034],[9.85486265,57.05905912]],[[9.85486265,57.05905912],[9.85487417,57.05906788]],[[9.85487417,57.05906788],[9.85488572,57.05907662]],[[9.85488572,57.05907662],[9.85489731,57.05908536]],[[9.85489731,57.05908536],[9.85490893,57.05909406]],[[9.85490893,57.05909406],[9.85492061,57.05910276]],[[9.85492061,57.05910276],[9.85493231,57.05911144]],[[9.85493231,57.05911144],[9.85494408,57.05912011]],[[9.85494408,57.05912011],[9.85495586,57.05912875]],[[9.85495586,57.05912875],[9.8552138,57.05930667]],[[9.8552138,57.05930667],[9.85548965,57.05947642]],[[9.85548965,57.05947642],[9.85578252,57.05963747]],[[9.85257027,57.05706859],[9.85319951,57.05786192]],[[9.85319951,57.05786192],[9.85386737,57.05864583]],[[9.85386737,57.05864583],[9.85457336,57.05941975]],[[9.85457336,57.05941975],[9.85458214,57.05942906]],[[9.85458214,57.05942906],[9.85459092,57.05943836]],[[9.85459092,57.05943836],[9.85459969,57.05944768]],[[9.85459969,57.05944768],[9.85460847,57.05945698]],[[9.85460847,57.05945698],[9.85461725,57.0594663]],[[9.85461725,57.0594663],[9.85462602,57.0594756]],[[9.85462602,57.0594756],[9.8546348,57.05948491]],[[9.8546348,57.05948491],[9.85464356,57.05949422]],[[9.85464356,57.05949422],[9.85465233,57.05950353]],[[9.85465233,57.05950353],[9.85466109,57.05951285]],[[9.85466109,57.05951285],[9.85466986,57.05952216]],[[9.85466986,57.05952216],[9.8546786,57.05953147]],[[9.8546786,57.05953147],[9.85468737,57.05954079]],[[9.85468737,57.05954079],[9.85469612,57.0595501]],[[9.85469612,57.0595501],[9.85470487,57.05955942]],[[9.85470487,57.05955942],[9.85471361,57.05956874]],[[9.85471361,57.05956874],[9.85472235,57.05957806]],[[9.85472235,57.05957806],[9.85473108,57.05958737]],[[9.85473108,57.05958737],[9.85473981,57.05959669]],[[9.85473981,57.05959669],[9.85474852,57.05960602]],[[9.85474852,57.05960602],[9.85475724,57.05961535]],[[9.85475724,57.05961535],[9.85476596,57.05962467]],[[9.85476596,57.05962467],[9.85477467,57.059634]],[[9.85477467,57.059634],[9.85478337,57.05964333]],[[9.85478337,57.05964333],[9.85479205,57.05965266]],[[9.85479205,57.05965266],[9.85480073,57.05966199]],[[9.85480073,57.05966199],[9.85480942,57.05967134]],[[9.85480942,57.05967134],[9.85481808,57.05968067]],[[9.85481808,57.05968067],[9.85482675,57.05969001]],[[9.85482675,57.05969001],[9.8548354,57.05969936]],[[9.8548354,57.05969936],[9.85484405,57.0597087]],[[9.85484405,57.0597087],[9.85485268,57.05971805]],[[9.85485268,57.05971805],[9.85486131,57.05972739]],[[9.85486131,57.05972739],[9.85486993,57.05973675]],[[9.85486993,57.05973675],[9.85487853,57.0597461]],[[9.85487853,57.0597461],[9.85488713,57.05975546]],[[9.85488713,57.05975546],[9.85489571,57.05976483]],[[9.85489571,57.05976483],[9.8549043,57.05977419]],[[9.8549043,57.05977419],[9.85491285,57.05978355]],[[9.85491285,57.05978355],[9.85492141,57.05979292]],[[9.85492141,57.05979292],[9.85492995,57.0598023]],[[9.85492995,57.0598023],[9.85493848,57.05981167]],[[9.85493848,57.05981167],[9.854947,57.05982105]],[[9.854947,57.05982105],[9.8549555,57.05983043]],[[9.8549555,57.05983043],[9.854964,57.05983982]],[[9.854964,57.05983982],[9.85497248,57.05984921]],[[9.85497248,57.05984921],[9.85498095,57.05985861]],[[9.85498095,57.05985861],[9.8549894,57.059868]],[[9.8549894,57.059868],[9.85499784,57.0598774]],[[9.85499784,57.0598774],[9.85500627,57.0598868]],[[9.85500627,57.0598868],[9.85501468,57.05989621]],[[9.85501468,57.05989621],[9.85502308,57.05990562]],[[9.85502308,57.05990562],[9.85503146,57.05991504]],[[9.85503146,57.05991504],[9.85503982,57.05992446]],[[9.85503982,57.05992446],[9.85504817,57.05993388]],[[9.85504817,57.05993388],[9.8550565,57.05994331]],[[9.8550565,57.05994331],[9.85506482,57.05995274]],[[9.85506482,57.05995274],[9.85507313,57.05996218]],[[9.85507313,57.05996218],[9.85508141,57.05997162]],[[9.85508141,57.05997162],[9.85508968,57.05998107]],[[9.85508968,57.05998107],[9.85509794,57.05999051]],[[9.85509794,57.05999051],[9.85510616,57.05999997]],[[9.85510616,57.05999997],[9.85511438,57.06000943]],[[9.85511438,57.06000943],[9.85512258,57.06001889]],[[9.85512258,57.06001889],[9.85513075,57.06002837]],[[9.85513075,57.06002837],[9.85513891,57.06003784]],[[9.85513891,57.06003784],[9.85514706,57.06004731]],[[9.85514706,57.06004731],[9.85515517,57.0600568]],[[9.85515517,57.0600568],[9.85516327,57.06006629]],[[9.85516327,57.06006629],[9.85517136,57.06007578]],[[9.85517136,57.06007578],[9.85517942,57.06008528]],[[9.85517942,57.06008528],[9.85518746,57.06009478]],[[9.85518746,57.06009478],[9.85519548,57.06010429]],[[9.85519548,57.06010429],[9.85520347,57.0601138]],[[9.85520347,57.0601138],[9.85521144,57.06012332]],[[9.85521144,57.06012332],[9.8552194,57.06013285]],[[9.8552194,57.06013285],[9.85522734,57.06014239]],[[9.85522734,57.06014239],[9.85523524,57.06015192]],[[9.85523524,57.06015192],[9.85524314,57.06016146]],[[9.85524314,57.06016146],[9.85525099,57.06017101]],[[9.85525099,57.06017101],[9.85525883,57.06018056]],[[9.85525883,57.06018056],[9.85526664,57.06019013]],[[9.85526664,57.06019013],[9.85550223,57.06049657]],[[9.85550223,57.06049657],[9.85571311,57.06080831]],[[9.85571311,57.06080831],[9.85589891,57.06112476]],[[9.85597858,57.06119443],[9.85611592,57.06127218]],[[9.85611592,57.06127218],[9.85625155,57.06135082]],[[9.85625155,57.06135082],[9.85638544,57.06143035]],[[9.85638544,57.06143035],[9.85639757,57.06143765]],[[9.85639757,57.06143765],[9.85640969,57.06144497]],[[9.85640969,57.06144497],[9.85642181,57.06145228]],[[9.85642181,57.06145228],[9.85643392,57.06145962]],[[9.85643392,57.06145962],[9.85644599,57.06146695]],[[9.85644599,57.06146695],[9.85645806,57.06147429]],[[9.85645806,57.06147429],[9.85647013,57.06148164]],[[9.85647013,57.06148164],[9.85648216,57.061489]],[[9.85648216,57.061489],[9.85649418,57.06149636]],[[9.85649418,57.06149636],[9.8565062,57.06150373]],[[9.8565062,57.06150373],[9.85651821,57.0615111]],[[9.85651821,57.0615111],[9.85653019,57.06151848]],[[9.85653019,57.06151848],[9.85654218,57.06152587]],[[9.85654218,57.06152587],[9.85655413,57.06153326]],[[9.85655413,57.06153326],[9.85656609,57.06154066]],[[9.85656609,57.06154066],[9.85657803,57.06154806]],[[9.85657803,57.06154806],[9.85658996,57.06155548]],[[9.85658996,57.06155548],[9.85660187,57.06156289]],[[9.85660187,57.06156289],[9.85661377,57.06157031]],[[9.85661377,57.06157031],[9.85662568,57.06157773]],[[9.85662568,57.06157773],[9.85663755,57.06158516]],[[9.85663755,57.06158516],[9.85664942,57.0615926]],[[9.85664942,57.0615926],[9.85666128,57.06160004]],[[9.85666128,57.06160004],[9.85667313,57.06160749]],[[9.85667313,57.06160749],[9.85668497,57.06161495]],[[9.85668497,57.06161495],[9.85669679,57.06162241]],[[9.85669679,57.06162241],[9.85670862,57.06162987]],[[9.85670862,57.06162987],[9.85672042,57.06163733]],[[9.85672042,57.06163733],[9.85673223,57.06164481]],[[9.85673223,57.06164481],[9.85674402,57.06165229]],[[9.85674402,57.06165229],[9.85675579,57.06165976]],[[9.85675579,57.06165976],[9.85676756,57.06166725]],[[9.85676756,57.06166725],[9.85677932,57.06167474]],[[9.85677932,57.06167474],[9.85679106,57.06168223]],[[9.85679106,57.06168223],[9.85680281,57.06168973]],[[9.85680281,57.06168973],[9.85681454,57.06169723]],[[9.85681454,57.06169723],[9.85682626,57.06170474]],[[9.85682626,57.06170474],[9.85683798,57.06171225]],[[9.85683798,57.06171225],[9.85684969,57.06171977]],[[9.85684969,57.06171977],[9.8568614,57.06172728]],[[9.8568614,57.06172728],[9.85687309,57.0617348]],[[9.85687309,57.0617348],[9.85688476,57.06174233]],[[9.85688476,57.06174233],[9.85689645,57.06174986]],[[9.85689645,57.06174986],[9.85690812,57.06175739]],[[9.85690812,57.06175739],[9.85691978,57.06176492]],[[9.85691978,57.06176492],[9.85693144,57.06177246]],[[9.85693144,57.06177246],[9.85694308,57.06177999]],[[9.85694308,57.06177999],[9.85695474,57.06178754]],[[9.85695474,57.06178754],[9.85696636,57.06179509]],[[9.85696636,57.06179509],[9.856978,57.06180264]],[[9.856978,57.06180264],[9.85698962,57.06181018]],[[9.85698962,57.06181018],[9.85700125,57.06181774]],[[9.85700125,57.06181774],[9.85701286,57.0618253]],[[9.85701286,57.0618253],[9.85702446,57.06183285]],[[9.85702446,57.06183285],[9.85703607,57.06184042]],[[9.85703607,57.06184042],[9.85704766,57.06184798]],[[9.85704766,57.06184798],[9.85705925,57.06185555]],[[9.85705925,57.06185555],[9.85707085,57.06186311]],[[9.85707085,57.06186311],[9.85708244,57.06187069]],[[9.85708244,57.06187069],[9.85709401,57.06187826]],[[9.85709401,57.06187826],[9.85710559,57.06188584]],[[9.85710559,57.06188584],[9.85711716,57.06189341]],[[9.85711716,57.06189341],[9.85712872,57.06190099]],[[9.85712872,57.06190099],[9.85714029,57.06190857]],[[9.85714029,57.06190857],[9.85715185,57.06191614]],[[9.85715185,57.06191614],[9.85716341,57.06192373]],[[9.85716341,57.06192373],[9.85717497,57.06193131]],[[9.85717497,57.06193131],[9.85718653,57.06193889]],[[9.85718653,57.06193889],[9.85719807,57.06194649]],[[9.85719807,57.06194649],[9.85720961,57.06195407]],[[9.85720961,57.06195407],[9.85722117,57.06196166]],[[9.85722117,57.06196166],[9.85723271,57.06196925]],[[9.85723271,57.06196925],[9.85724425,57.06197684]],[[9.85724425,57.06197684],[9.85725579,57.06198443]],[[9.85725579,57.06198443],[9.85726732,57.06199202]],[[9.85726732,57.06199202],[9.85727886,57.06199961]],[[9.85727886,57.06199961],[9.8572904,57.06200721]],[[9.8572904,57.06200721],[9.85730193,57.0620148]],[[9.85730193,57.0620148],[9.85731347,57.06202239]],[[9.85731347,57.06202239],[9.85732499,57.06202998]],[[9.85732499,57.06202998],[9.85733653,57.06203758]],[[9.85733653,57.06203758],[9.85734806,57.06204517]],[[9.85734806,57.06204517],[9.85734806,57.06204517]],[[9.85734806,57.06204517],[9.85968742,57.06358539]],[[9.85582218,57.05971717],[9.85590275,57.05970774]],[[9.85981152,57.06353336],[9.85987817,57.06350695]],[[9.85867449,57.06265098],[9.85874273,57.0626258]],[[9.85691614,57.0611308],[9.85695868,57.06111707]],[[9.85617443,57.0603276],[9.85622053,57.06031787]],[[9.85691614,57.0611308],[9.85695868,57.06111707]],[[9.85778252,57.06189521],[9.85782423,57.06188074]],[[9.85963181,57.06338263],[9.85967196,57.06336691]],[[9.85271415,57.05703486],[9.85278763,57.05701454]],[[9.85575408,57.05965372],[9.85581097,57.05962123]],[[9.85369314,57.05802304],[9.85373643,57.05801003]],[[9.85552205,57.05951469],[9.8555578,57.05949608]],[[9.85291653,57.05723061],[9.85296046,57.05721825]],[[9.85369314,57.05802304],[9.85373643,57.05801003]],[[9.85451748,57.05880139],[9.85455937,57.05878707]],[[9.85552205,57.05951469],[9.8555578,57.05949608]],[[9.85253225,57.05707723],[9.85260831,57.05705996]],[[9.85585939,57.06113113],[9.85593841,57.06111838]],[[9.85337289,57.05810317],[9.85341787,57.05809196]],[[9.85482338,57.0597163],[9.85486755,57.05970418]],[[9.85270757,57.05728123],[9.85275308,57.0572707]],[[9.85337289,57.05810317],[9.85341787,57.05809196]],[[9.85407979,57.05891476],[9.85412417,57.05890287]],[[9.85482338,57.0597163],[9.85486755,57.05970418]],[[9.85550174,57.06053288],[9.85554783,57.06052312]],[[9.85594906,57.06121009],[9.85600809,57.06117876]],[[9.85965567,57.0635997],[9.85971917,57.06357108]],[[9.8583942,57.06276917],[9.85845768,57.06274054]],[[9.85628475,57.06139024],[9.85632114,57.061372]],[[9.85628475,57.06139024],[9.85632114,57.061372]],[[9.8573561,57.06207159],[9.85739419,57.06205442]],[[9.85945772,57.06345529],[9.85949582,57.06343812]],[[9.84749471,57.03783046],[9.84745102,57.03811973]],[[9.84745102,57.03811973],[9.84742769,57.0382954]],[[9.84742769,57.0382954],[9.84741066,57.03847129]],[[9.84741066,57.03847129],[9.84739997,57.03864733]],[[9.84739997,57.03864733],[9.84738905,57.03885257]],[[9.84738905,57.03885257],[9.84737383,57.03905772]],[[9.84737383,57.03905772],[9.84735429,57.03926275]],[[9.84735429,57.03926275],[9.84724177,57.04032684]],[[9.84724177,57.04032684],[9.84723245,57.04040852]],[[9.84723245,57.04040852],[9.84722176,57.04049014]],[[9.84722176,57.04049014],[9.84720971,57.04057172]],[[9.84720971,57.04057172],[9.84691678,57.04244733]],[[9.84691678,57.04244733],[9.846903,57.04252115]],[[9.846903,57.04252115],[9.84688474,57.04259468]],[[9.84688474,57.04259468],[9.84686205,57.04266783]],[[9.84686205,57.04266783],[9.84683722,57.04274871]],[[9.84683722,57.04274871],[9.84681783,57.04283003]],[[9.84681783,57.04283003],[9.84680388,57.04291168]],[[9.84680388,57.04291168],[9.84677844,57.04309751]],[[9.84677844,57.04309751],[9.84677798,57.04310556]],[[9.84677798,57.04310556],[9.84677877,57.04311362]],[[9.84677877,57.04311362],[9.84678083,57.0431216]],[[9.84678083,57.0431216],[9.84678412,57.04312946]],[[9.84678412,57.04312946],[9.84678864,57.04313713]],[[9.84678864,57.04313713],[9.84679434,57.04314457]],[[9.84679434,57.04314457],[9.84680118,57.04315171]],[[9.84680118,57.04315171],[9.84680913,57.04315852]],[[9.84680913,57.04315852],[9.84681811,57.04316492]],[[9.84681811,57.04316492],[9.84682805,57.04317088]],[[9.84682805,57.04317088],[9.8468389,57.04317636]],[[9.8468389,57.04317636],[9.84685058,57.04318132]],[[9.84685058,57.04318132],[9.84686297,57.04318571]],[[9.84686297,57.04318571],[9.84687602,57.04318951]],[[9.84687602,57.04318951],[9.84688961,57.04319269]],[[9.84688961,57.04319269],[9.84690365,57.04319522]],[[9.84690365,57.04319522],[9.84691804,57.0431971]],[[9.84691804,57.0431971],[9.84693267,57.04319829]],[[9.84693267,57.04319829],[9.84694743,57.04319879]],[[9.84694743,57.04319879],[9.84727517,57.04320244]],[[9.85520479,57.02117986],[9.85527855,57.02117117]],[[9.85527855,57.02117117],[9.85538637,57.02115637]],[[9.85538637,57.02115637],[9.85549213,57.02113763]],[[9.85549213,57.02113763],[9.85559532,57.02111504]],[[9.85559532,57.02111504],[9.85569548,57.0210887]],[[9.85569548,57.0210887],[9.85800504,57.02042805]],[[9.85520999,57.02119303],[9.85519957,57.0211667]],[[9.85641263,57.02089878],[9.85638969,57.02087492]],[[9.8578707,57.02048169],[9.85784776,57.02045783]],[[9.88981586,57.08182964],[9.89042202,57.08187775]],[[9.89042202,57.08187775],[9.89062695,57.08189885]],[[9.89062695,57.08189885],[9.89082789,57.08192928]],[[9.89082789,57.08192928],[9.89102341,57.08196881]],[[9.89102341,57.08196881],[9.89121212,57.08201717]],[[9.89121212,57.08201717],[9.89139267,57.08207402]],[[9.89139267,57.08207402],[9.89156379,57.08213894]],[[9.89156379,57.08213894],[9.89172426,57.08221148]],[[9.89172426,57.08221148],[9.89187294,57.08229113]],[[9.89187294,57.08229113],[9.89200877,57.08237731]],[[9.89200877,57.08237731],[9.89213078,57.08246942]],[[9.89213078,57.08246942],[9.89223811,57.08256679]],[[9.89223811,57.08256679],[9.89233,57.08266873]],[[9.89233,57.08266873],[9.89240579,57.08277454]],[[9.89240579,57.08277454],[9.89246495,57.08288344]],[[9.89246495,57.08288344],[9.89250704,57.08299467]],[[9.89250704,57.08299467],[9.89253178,57.08310744]],[[9.89253178,57.08310744],[9.89253899,57.08322094]],[[9.89253899,57.08322094],[9.89253768,57.08331371]],[[9.89253768,57.08331371],[9.89253868,57.08332905]],[[9.89253868,57.08332905],[9.89254207,57.0833443]],[[9.89254207,57.0833443],[9.89254784,57.08335933]],[[9.89254784,57.08335933],[9.89255595,57.08337404]],[[9.89255595,57.08337404],[9.89256635,57.0833883]],[[9.89256635,57.0833883],[9.89257894,57.08340205]],[[9.89257894,57.08340205],[9.89259363,57.08341515]],[[9.89259363,57.08341515],[9.89261033,57.08342752]],[[9.89261033,57.08342752],[9.8926289,57.08343908]],[[9.8926289,57.08343908],[9.89264924,57.08344972]],[[9.89264924,57.08344972],[9.89267115,57.08345938]],[[9.89267115,57.08345938],[9.89269451,57.08346799]],[[9.89269451,57.08346799],[9.89271913,57.08347547]],[[9.89271913,57.08347547],[9.89274484,57.08348179]],[[9.89274484,57.08348179],[9.89277144,57.08348688]],[[9.89277144,57.08348688],[9.89279874,57.08349072]],[[9.89279874,57.08349072],[9.89282654,57.08349328]],[[9.89282654,57.08349328],[9.89285465,57.08349453]],[[9.88980992,57.08185186],[9.88982181,57.08180742]],[[9.89237379,57.08276547],[9.89242044,57.08275647]],[[9.89137392,57.08208349],[9.89140036,57.08206073]],[[9.89237379,57.08276547],[9.89242044,57.08275647]],[[9.94063997,57.10690454],[9.94066643,57.10697576]],[[9.94066643,57.10697576],[9.94067317,57.10699064]],[[9.94067317,57.10699064],[9.94068224,57.10700516]],[[9.94068224,57.10700516],[9.94069354,57.1070192]],[[9.94069354,57.1070192],[9.940707,57.10703266]],[[9.940707,57.10703266],[9.94072253,57.10704545]],[[9.94072253,57.10704545],[9.94073998,57.10705748]],[[9.94073998,57.10705748],[9.94075927,57.10706865]],[[9.94075927,57.10706865],[9.94078025,57.10707888]],[[9.94078025,57.10707888],[9.94080274,57.10708811]],[[9.94080274,57.10708811],[9.94082661,57.10709626]],[[9.94082661,57.10709626],[9.94085165,57.10710326]],[[9.94085165,57.10710326],[9.94087771,57.10710909]],[[9.94087771,57.10710909],[9.94090459,57.10711368]],[[9.94090459,57.10711368],[9.94093209,57.107117]],[[9.94093209,57.107117],[9.94096001,57.10711905]],[[9.94096001,57.10711905],[9.94098815,57.10711978]],[[9.94098815,57.10711978],[9.94101629,57.10711921]],[[9.94101629,57.10711921],[9.94104425,57.10711734]],[[9.94104425,57.10711734],[9.94270348,57.10696669]],[[9.94270348,57.10696669],[9.94273199,57.10696479]],[[9.94273199,57.10696479],[9.94276069,57.10696425]],[[9.94276069,57.10696425],[9.94278939,57.10696506]],[[9.94278939,57.10696506],[9.94281784,57.10696724]],[[9.94281784,57.10696724],[9.94284584,57.10697075]],[[9.94284584,57.10697075],[9.94287317,57.10697557]],[[9.94287317,57.10697557],[9.94289962,57.10698167]],[[9.94289962,57.10698167],[9.942925,57.10698899]],[[9.942925,57.10698899],[9.94294912,57.10699749]],[[9.94294912,57.10699749],[9.94297178,57.1070071]],[[9.94297178,57.1070071],[9.94299282,57.10701774]],[[9.94299282,57.10701774],[9.94301208,57.10702934]],[[9.94301208,57.10702934],[9.94302942,57.10704182]],[[9.94302942,57.10704182],[9.9430447,57.10705505]],[[9.9430447,57.10705505],[9.94305779,57.10706897]],[[9.94305779,57.10706897],[9.94306863,57.10708345]],[[9.94306863,57.10708345],[9.94307711,57.10709838]],[[9.94307711,57.10709838],[9.94308316,57.10711366]],[[9.94308316,57.10711366],[9.9433414,57.10793813]],[[9.9433414,57.10793813],[9.94336294,57.10800394]],[[9.94336294,57.10800394],[9.94338629,57.10806958]],[[9.94338629,57.10806958],[9.94341142,57.10813502]],[[9.94341142,57.10813502],[9.94359304,57.10859086]],[[9.94359304,57.10859086],[9.94360831,57.10862329]],[[9.94360831,57.10862329],[9.94362798,57.10865502]],[[9.94362798,57.10865502],[9.94365194,57.10868586]],[[9.94365194,57.10868586],[9.94368013,57.10871867]],[[9.94059953,57.106909],[9.94068041,57.1069001]],[[9.94313609,57.10736287],[9.9431849,57.10735835]],[[9.94204411,57.10704021],[9.94203597,57.10701364]],[[9.94313609,57.10736287],[9.9431849,57.10735835]],[[9.94343068,57.10824692],[9.94347906,57.10824122]],[[9.88879395,57.08191168],[9.88878899,57.08193753]],[[9.88878899,57.08193753],[9.88878797,57.08196351]],[[9.88878797,57.08196351],[9.88879091,57.08198944]],[[9.88879091,57.08198944],[9.88879776,57.08201516]],[[9.88879776,57.08201516],[9.88880849,57.08204048]],[[9.88880849,57.08204048],[9.88882303,57.08206524]],[[9.88882303,57.08206524],[9.88884128,57.08208926]],[[9.88884128,57.08208926],[9.88886309,57.08211236]],[[9.88886309,57.08211236],[9.88888836,57.08213441]],[[9.88888836,57.08213441],[9.88891686,57.08215525]],[[9.88891686,57.08215525],[9.88894845,57.08217474]],[[9.88894845,57.08217474],[9.88898286,57.08219273]],[[9.88898286,57.08219273],[9.8890199,57.08220913]],[[9.8890199,57.08220913],[9.88905931,57.08222379]],[[9.88905931,57.08222379],[9.88910079,57.08223663]],[[9.88910079,57.08223663],[9.88914408,57.08224756]],[[9.88914408,57.08224756],[9.8891889,57.08225651]],[[9.8891889,57.08225651],[9.88923491,57.08226341]],[[9.88923491,57.08226341],[9.88928181,57.08226822]],[[9.88928181,57.08226822],[9.88968978,57.0823006]],[[9.88875316,57.08190843],[9.88883476,57.08191493]],[[9.88071692,57.08540745],[9.88120531,57.08533783]],[[9.88120531,57.08533783],[9.88121341,57.08533667]],[[9.88121341,57.08533667],[9.88122151,57.08533552]],[[9.88122151,57.08533552],[9.88122963,57.08533436]],[[9.88122963,57.08533436],[9.88123773,57.08533321]],[[9.88123773,57.08533321],[9.88124583,57.08533205]],[[9.88124583,57.08533205],[9.88125395,57.0853309]],[[9.88125395,57.0853309],[9.88126205,57.08532974]],[[9.88126205,57.08532974],[9.88127015,57.08532859]],[[9.88127015,57.08532859],[9.88127827,57.08532744]],[[9.88127827,57.08532744],[9.88128637,57.08532629]],[[9.88128637,57.08532629],[9.88129449,57.08532514]],[[9.88129449,57.08532514],[9.88130259,57.08532398]],[[9.88130259,57.08532398],[9.88131071,57.08532283]],[[9.88131071,57.08532283],[9.88131881,57.08532168]],[[9.88131881,57.08532168],[9.88132693,57.08532053]],[[9.88132693,57.08532053],[9.88133503,57.08531938]],[[9.88133503,57.08531938],[9.88134315,57.08531824]],[[9.88134315,57.08531824],[9.88135127,57.0853171]],[[9.88135127,57.0853171],[9.88135937,57.08531595]],[[9.88135937,57.08531595],[9.88136749,57.08531481]],[[9.88136749,57.08531481],[9.88137561,57.08531367]],[[9.88137561,57.08531367],[9.88138373,57.08531253]],[[9.88138373,57.08531253],[9.88139185,57.08531139]],[[9.88139185,57.08531139],[9.88139995,57.08531026]],[[9.88139995,57.08531026],[9.88140807,57.08530912]],[[9.88140807,57.08530912],[9.88141618,57.08530799]],[[9.88141618,57.08530799],[9.88142432,57.08530686]],[[9.88142432,57.08530686],[9.88143244,57.08530574]],[[9.88143244,57.08530574],[9.88144055,57.08530461]],[[9.88144055,57.08530461],[9.88144867,57.08530349]],[[9.88144867,57.08530349],[9.88145679,57.08530236]],[[9.88145679,57.08530236],[9.88146493,57.08530124]],[[9.88146493,57.08530124],[9.88147304,57.08530013]],[[9.88147304,57.08530013],[9.88148118,57.08529901]],[[9.88148118,57.08529901],[9.8814893,57.0852979]],[[9.8814893,57.0852979],[9.88149743,57.08529679]],[[9.88149743,57.08529679],[9.88150557,57.08529568]],[[9.88150557,57.08529568],[9.8815137,57.08529458]],[[9.8815137,57.08529458],[9.88152182,57.08529347]],[[9.88152182,57.08529347],[9.88152995,57.08529238]],[[9.88152995,57.08529238],[9.88153809,57.08529128]],[[9.88153809,57.08529128],[9.88154624,57.08529019]],[[9.88154624,57.08529019],[9.88155437,57.08528909]],[[9.88155437,57.08528909],[9.88156251,57.08528801]],[[9.88156251,57.08528801],[9.88157066,57.08528693]],[[9.88157066,57.08528693],[9.88157879,57.08528585]],[[9.88157879,57.08528585],[9.88158694,57.08528477]],[[9.88158694,57.08528477],[9.88159508,57.0852837]],[[9.88159508,57.0852837],[9.88160323,57.08528263]],[[9.88160323,57.08528263],[9.88161138,57.08528156]],[[9.88161138,57.08528156],[9.88161953,57.0852805]],[[9.88161953,57.0852805],[9.88162768,57.08527944]],[[9.88162768,57.08527944],[9.88163583,57.08527839]],[[9.88163583,57.08527839],[9.88164398,57.08527733]],[[9.88164398,57.08527733],[9.88165215,57.08527628]],[[9.88165215,57.08527628],[9.8816603,57.08527524]],[[9.8816603,57.08527524],[9.88166847,57.08527421]],[[9.88166847,57.08527421],[9.88167662,57.08527317]],[[9.88167662,57.08527317],[9.88168479,57.08527214]],[[9.88168479,57.08527214],[9.88169295,57.08527111]],[[9.88169295,57.08527111],[9.88170112,57.08527009]],[[9.88170112,57.08527009],[9.88170929,57.08526907]],[[9.88170929,57.08526907],[9.88171746,57.08526806]],[[9.88171746,57.08526806],[9.88172564,57.08526705]],[[9.88172564,57.08526705],[9.88173381,57.08526605]],[[9.88173381,57.08526605],[9.88174199,57.08526505]],[[9.88174199,57.08526505],[9.88175017,57.08526405]],[[9.88175017,57.08526405],[9.88175836,57.08526306]],[[9.88175836,57.08526306],[9.88176654,57.08526208]],[[9.88176654,57.08526208],[9.88177473,57.0852611]],[[9.88177473,57.0852611],[9.88178291,57.08526013]],[[9.88178291,57.08526013],[9.88179109,57.08525916]],[[9.88179109,57.08525916],[9.88179929,57.0852582]],[[9.88179929,57.0852582],[9.88180748,57.08525724]],[[9.88180748,57.08525724],[9.88181568,57.08525629]],[[9.88181568,57.08525629],[9.88182388,57.08525534]],[[9.88182388,57.08525534],[9.88183208,57.0852544]],[[9.88183208,57.0852544],[9.88184028,57.08525346]],[[9.88184028,57.08525346],[9.88184849,57.08525254]],[[9.88184849,57.08525254],[9.88185669,57.08525161]],[[9.88185669,57.08525161],[9.88186491,57.08525069]],[[9.88186491,57.08525069],[9.88187311,57.08524978]],[[9.88187311,57.08524978],[9.88235075,57.08520743]],[[9.88235075,57.08520743],[9.882833,57.08518555]],[[9.882833,57.08518555],[9.88331693,57.08518425]],[[9.88331693,57.08518425],[9.88379955,57.08520357]],[[9.88379955,57.08520357],[9.88427794,57.08524336]],[[9.88427794,57.08524336],[9.88474914,57.0853034]],[[9.88474914,57.0853034],[9.88521028,57.08538331]],[[9.88521028,57.08538331],[9.88521816,57.08538486]],[[9.88521816,57.08538486],[9.88522602,57.08538642]],[[9.88522602,57.08538642],[9.8852339,57.08538799]],[[9.8852339,57.08538799],[9.88524176,57.08538956]],[[9.88524176,57.08538956],[9.88524962,57.08539114]],[[9.88524962,57.08539114],[9.88525749,57.08539273]],[[9.88525749,57.08539273],[9.88526535,57.08539432]],[[9.88526535,57.08539432],[9.88527319,57.08539591]],[[9.88527319,57.08539591],[9.88528104,57.08539751]],[[9.88528104,57.08539751],[9.88528889,57.08539911]],[[9.88528889,57.08539911],[9.88529673,57.08540072]],[[9.88529673,57.08540072],[9.88530458,57.08540233]],[[9.88530458,57.08540233],[9.88531241,57.08540396]],[[9.88531241,57.08540396],[9.88532024,57.08540558]],[[9.88532024,57.08540558],[9.88532807,57.08540721]],[[9.88532807,57.08540721],[9.88533589,57.08540885]],[[9.88533589,57.08540885],[9.88534371,57.08541049]],[[9.88534371,57.08541049],[9.88535154,57.08541213]],[[9.88535154,57.08541213],[9.88535935,57.08541378]],[[9.88535935,57.08541378],[9.88536716,57.08541543]],[[9.88536716,57.08541543],[9.88537497,57.08541709]],[[9.88537497,57.08541709],[9.88538277,57.08541875]],[[9.88538277,57.08541875],[9.88539057,57.08542041]],[[9.88539057,57.08542041],[9.88539838,57.08542208]],[[9.88539838,57.08542208],[9.88540617,57.08542375]],[[9.88540617,57.08542375],[9.88541397,57.08542543]],[[9.88541397,57.08542543],[9.88542175,57.08542711]],[[9.88542175,57.08542711],[9.88542955,57.0854288]],[[9.88542955,57.0854288],[9.88543733,57.08543049]],[[9.88543733,57.08543049],[9.88544511,57.08543218]],[[9.88544511,57.08543218],[9.88545289,57.08543387]],[[9.88545289,57.08543387],[9.88546066,57.08543558]],[[9.88546066,57.08543558],[9.88546844,57.08543728]],[[9.88546844,57.08543728],[9.88547622,57.08543899]],[[9.88547622,57.08543899],[9.88548399,57.0854407]],[[9.88548399,57.0854407],[9.88549175,57.08544241]],[[9.88549175,57.08544241],[9.88549951,57.08544413]],[[9.88549951,57.08544413],[9.88550728,57.08544585]],[[9.88550728,57.08544585],[9.88551504,57.08544757]],[[9.88551504,57.08544757],[9.8855228,57.08544929]],[[9.8855228,57.08544929],[9.88553055,57.08545102]],[[9.88553055,57.08545102],[9.88553831,57.08545275]],[[9.88553831,57.08545275],[9.88554606,57.08545449]],[[9.88554606,57.08545449],[9.8855538,57.08545623]],[[9.8855538,57.08545623],[9.88556155,57.08545797]],[[9.88556155,57.08545797],[9.8855693,57.08545971]],[[9.8855693,57.08545971],[9.88557704,57.08546146]],[[9.88557704,57.08546146],[9.88558479,57.08546321]],[[9.88558479,57.08546321],[9.88559253,57.08546495]],[[9.88559253,57.08546495],[9.88560026,57.0854667]],[[9.88560026,57.0854667],[9.88560799,57.08546845]],[[9.88560799,57.08546845],[9.88561574,57.08547021]],[[9.88561574,57.08547021],[9.88562347,57.08547197]],[[9.88562347,57.08547197],[9.8856312,57.08547374]],[[9.8856312,57.08547374],[9.88563893,57.08547549]],[[9.88563893,57.08547549],[9.88564666,57.08547726]],[[9.88564666,57.08547726],[9.88565439,57.08547903]],[[9.88565439,57.08547903],[9.88566212,57.0854808]],[[9.88566212,57.0854808],[9.88566983,57.08548256]],[[9.88566983,57.08548256],[9.88567756,57.08548433]],[[9.88567756,57.08548433],[9.88568529,57.08548611]],[[9.88568529,57.08548611],[9.88569301,57.08548788]],[[9.88569301,57.08548788],[9.88570072,57.08548966]],[[9.88570072,57.08548966],[9.88570845,57.08549143]],[[9.88570845,57.08549143],[9.88571616,57.08549321]],[[9.88571616,57.08549321],[9.88572388,57.08549499]],[[9.88572388,57.08549499],[9.88573161,57.08549677]],[[9.88573161,57.08549677],[9.88573932,57.08549855]],[[9.88573932,57.08549855],[9.88574703,57.08550033]],[[9.88574703,57.08550033],[9.88575475,57.08550212]],[[9.88575475,57.08550212],[9.88576246,57.0855039]],[[9.88576246,57.0855039],[9.88577017,57.08550569]],[[9.88577017,57.08550569],[9.88577789,57.08550747]],[[9.88577789,57.08550747],[9.8857856,57.08550926]],[[9.8857856,57.08550926],[9.88579331,57.08551104]],[[9.88579331,57.08551104],[9.88580101,57.08551283]],[[9.88580101,57.08551283],[9.88580872,57.08551462]],[[9.88580872,57.08551462],[9.88581644,57.08551641]],[[9.88581644,57.08551641],[9.88582415,57.08551819]],[[9.88582415,57.08551819],[9.88583186,57.08551999]],[[9.88583186,57.08551999],[9.88583957,57.08552177]],[[9.88583957,57.08552177],[9.88584727,57.08552357]],[[9.88584727,57.08552357],[9.88584727,57.08552357]],[[9.88584727,57.08552357],[9.88585498,57.08552535]],[[9.88585498,57.08552535],[9.8858627,57.08552714]],[[9.8858627,57.08552714],[9.88587041,57.08552893]],[[9.88587041,57.08552893],[9.88587812,57.08553071]],[[9.88587812,57.08553071],[9.88588582,57.0855325]],[[9.88588582,57.0855325],[9.88589353,57.08553429]],[[9.88589353,57.08553429],[9.88590125,57.08553608]],[[9.88590125,57.08553608],[9.88590896,57.08553786]],[[9.88590896,57.08553786],[9.88591667,57.08553965]],[[9.88591667,57.08553965],[9.88592439,57.08554143]],[[9.88592439,57.08554143],[9.8859321,57.08554322]],[[9.8859321,57.08554322],[9.88593981,57.085545]],[[9.88593981,57.085545],[9.88594753,57.08554679]],[[9.88594753,57.08554679],[9.88595524,57.08554857]],[[9.88595524,57.08554857],[9.88596295,57.08555035]],[[9.88596295,57.08555035],[9.88597067,57.08555214]],[[9.88597067,57.08555214],[9.8859784,57.08555391]],[[9.8859784,57.08555391],[9.88598611,57.08555569]],[[9.88598611,57.08555569],[9.88599382,57.08555746]],[[9.88599382,57.08555746],[9.88600155,57.08555924]],[[9.88600155,57.08555924],[9.88600927,57.08556102]],[[9.88600927,57.08556102],[9.886017,57.08556279]],[[9.886017,57.08556279],[9.88602471,57.08556456]],[[9.88602471,57.08556456],[9.88603244,57.08556633]],[[9.88603244,57.08556633],[9.88604017,57.0855681]],[[9.88604017,57.0855681],[9.8860479,57.08556986]],[[9.8860479,57.08556986],[9.88605563,57.08557163]],[[9.88605563,57.08557163],[9.88606336,57.08557339]],[[9.88606336,57.08557339],[9.88607109,57.08557515]],[[9.88607109,57.08557515],[9.88607882,57.08557691]],[[9.88607882,57.08557691],[9.88608655,57.08557867]],[[9.88608655,57.08557867],[9.8860943,57.08558042]],[[9.8860943,57.08558042],[9.88610203,57.08558218]],[[9.88610203,57.08558218],[9.88610977,57.08558392]],[[9.88610977,57.08558392],[9.8861175,57.08558567]],[[9.8861175,57.08558567],[9.88612525,57.08558741]],[[9.88612525,57.08558741],[9.88613299,57.08558915]],[[9.88613299,57.08558915],[9.88614074,57.08559089]],[[9.88614074,57.08559089],[9.88614849,57.08559263]],[[9.88614849,57.08559263],[9.88615625,57.08559437]],[[9.88615625,57.08559437],[9.886164,57.0855961]],[[9.886164,57.0855961],[9.88617176,57.08559783]],[[9.88617176,57.08559783],[9.88617951,57.08559955]],[[9.88617951,57.08559955],[9.88618727,57.08560127]],[[9.88618727,57.08560127],[9.88619503,57.08560299]],[[9.88619503,57.08560299],[9.8862028,57.08560471]],[[9.8862028,57.08560471],[9.88621058,57.08560642]],[[9.88621058,57.08560642],[9.88621834,57.08560813]],[[9.88621834,57.08560813],[9.88622612,57.08560984]],[[9.88622612,57.08560984],[9.88623388,57.08561154]],[[9.88623388,57.08561154],[9.88624166,57.08561325]],[[9.88624166,57.08561325],[9.88624944,57.08561494]],[[9.88624944,57.08561494],[9.88625722,57.08561664]],[[9.88625722,57.08561664],[9.88626502,57.08561832]],[[9.88626502,57.08561832],[9.8862728,57.08562001]],[[9.8862728,57.08562001],[9.88628059,57.08562169]],[[9.88628059,57.08562169],[9.88628839,57.08562337]],[[9.88628839,57.08562337],[9.88629618,57.08562504]],[[9.88629618,57.08562504],[9.88630398,57.08562671]],[[9.88630398,57.08562671],[9.88631179,57.08562837]],[[9.88631179,57.08562837],[9.88631959,57.08563004]],[[9.88631959,57.08563004],[9.8863274,57.08563169]],[[9.8863274,57.08563169],[9.88633521,57.08563335]],[[9.88633521,57.08563335],[9.88634303,57.08563499]],[[9.88634303,57.08563499],[9.88635084,57.08563663]],[[9.88635084,57.08563663],[9.88635867,57.08563827]],[[9.88635867,57.08563827],[9.8863665,57.08563991]],[[9.8863665,57.08563991],[9.88637433,57.08564154]],[[9.88637433,57.08564154],[9.88638216,57.08564316]],[[9.88638216,57.08564316],[9.88638999,57.08564478]],[[9.88638999,57.08564478],[9.88639783,57.0856464]],[[9.88639783,57.0856464],[9.88640566,57.085648]],[[9.88640566,57.085648],[9.88641351,57.08564961]],[[9.88641351,57.08564961],[9.88642135,57.08565121]],[[9.88642135,57.08565121],[9.88642921,57.0856528]],[[9.88642921,57.0856528],[9.88643706,57.08565439]],[[9.88643706,57.08565439],[9.88644492,57.08565598]],[[9.88644492,57.08565598],[9.88645279,57.08565756]],[[9.88645279,57.08565756],[9.88646066,57.08565913]],[[9.88646066,57.08565913],[9.88646853,57.0856607]],[[9.88646853,57.0856607],[9.88647641,57.08566226]],[[9.88647641,57.08566226],[9.88648428,57.08566381]],[[9.88648428,57.08566381],[9.88677147,57.08571611]],[[9.88677147,57.08571611],[9.887063,57.08576069]],[[9.887063,57.08576069],[9.8873582,57.08579744]],[[9.8873582,57.08579744],[9.88736641,57.08579834]],[[9.88736641,57.08579834],[9.88737464,57.08579924]],[[9.88737464,57.08579924],[9.88738285,57.08580014]],[[9.88738285,57.08580014],[9.88739107,57.08580102]],[[9.88739107,57.08580102],[9.8873993,57.0858019]],[[9.8873993,57.0858019],[9.88740751,57.08580278]],[[9.88740751,57.08580278],[9.88741574,57.08580365]],[[9.88741574,57.08580365],[9.88742397,57.08580452]],[[9.88742397,57.08580452],[9.88743221,57.08580537]],[[9.88743221,57.08580537],[9.88744044,57.08580623]],[[9.88744044,57.08580623],[9.88744867,57.08580707]],[[9.88744867,57.08580707],[9.88745691,57.08580792]],[[9.88745691,57.08580792],[9.88746516,57.08580876]],[[9.88746516,57.08580876],[9.88747338,57.08580959]],[[9.88747338,57.08580959],[9.88748163,57.08581042]],[[9.88748163,57.08581042],[9.88748987,57.08581124]],[[9.88748987,57.08581124],[9.88749812,57.08581206]],[[9.88749812,57.08581206],[9.88750636,57.08581287]],[[9.88750636,57.08581287],[9.88751462,57.08581368]],[[9.88751462,57.08581368],[9.88752286,57.08581449]],[[9.88752286,57.08581449],[9.88753111,57.08581528]],[[9.88753111,57.08581528],[9.88753937,57.08581608]],[[9.88753937,57.08581608],[9.88754761,57.08581687]],[[9.88754761,57.08581687],[9.88755587,57.08581765]],[[9.88755587,57.08581765],[9.88756413,57.08581844]],[[9.88756413,57.08581844],[9.8875724,57.08581921]],[[9.8875724,57.08581921],[9.88758066,57.08581999]],[[9.88758066,57.08581999],[9.88758892,57.08582075]],[[9.88758892,57.08582075],[9.88759718,57.08582152]],[[9.88759718,57.08582152],[9.88760544,57.08582228]],[[9.88760544,57.08582228],[9.8876137,57.08582304]],[[9.8876137,57.08582304],[9.88762196,57.08582379]],[[9.88762196,57.08582379],[9.88763024,57.08582454]],[[9.88763024,57.08582454],[9.8876385,57.08582528]],[[9.8876385,57.08582528],[9.88764678,57.08582603]],[[9.88764678,57.08582603],[9.88765504,57.08582676]],[[9.88765504,57.08582676],[9.88766331,57.0858275]],[[9.88766331,57.0858275],[9.88767159,57.08582823]],[[9.88767159,57.08582823],[9.88767985,57.08582896]],[[9.88767985,57.08582896],[9.88768813,57.08582968]],[[9.88768813,57.08582968],[9.88769641,57.08583041]],[[9.88769641,57.08583041],[9.88770468,57.08583113]],[[9.88770468,57.08583113],[9.88771296,57.08583184]],[[9.88771296,57.08583184],[9.88772124,57.08583256]],[[9.88772124,57.08583256],[9.88772952,57.08583327]],[[9.88772952,57.08583327],[9.88773779,57.08583398]],[[9.88773779,57.08583398],[9.88774607,57.08583468]],[[9.88774607,57.08583468],[9.88775435,57.08583538]],[[9.88775435,57.08583538],[9.88776264,57.08583608]],[[9.88776264,57.08583608],[9.88777092,57.08583678]],[[9.88777092,57.08583678],[9.8877792,57.08583748]],[[9.8877792,57.08583748],[9.88778749,57.08583817]],[[9.88778749,57.08583817],[9.88779577,57.08583886]],[[9.88779577,57.08583886],[9.88780405,57.08583955]],[[9.88780405,57.08583955],[9.88781234,57.08584024]],[[9.88781234,57.08584024],[9.88782062,57.08584092]],[[9.88782062,57.08584092],[9.88782891,57.0858416]],[[9.88782891,57.0858416],[9.88783721,57.08584228]],[[9.88783721,57.08584228],[9.88784548,57.08584296]],[[9.88784548,57.08584296],[9.88785378,57.08584364]],[[9.88785378,57.08584364],[9.88786206,57.08584432]],[[9.88786206,57.08584432],[9.88787035,57.08584499]],[[9.88787035,57.08584499],[9.88787864,57.08584566]],[[9.88787864,57.08584566],[9.88788694,57.08584633]],[[9.88788694,57.08584633],[9.88789522,57.085847]],[[9.88789522,57.085847],[9.88790351,57.08584768]],[[9.88790351,57.08584768],[9.8879118,57.08584834]],[[9.8879118,57.08584834],[9.8879201,57.085849]],[[9.8879201,57.085849],[9.88792838,57.08584967]],[[9.88792838,57.08584967],[9.88793667,57.08585034]],[[9.88793667,57.08585034],[9.88794496,57.085851]],[[9.88794496,57.085851],[9.88795326,57.08585166]],[[9.88795326,57.08585166],[9.88796155,57.08585233]],[[9.88796155,57.08585233],[9.88796985,57.08585298]],[[9.88796985,57.08585298],[9.88797814,57.08585364]],[[9.88797814,57.08585364],[9.88798643,57.08585431]],[[9.88798643,57.08585431],[9.88799473,57.08585496]],[[9.88799473,57.08585496],[9.88800301,57.08585562]],[[9.88800301,57.08585562],[9.8880113,57.08585628]],[[9.8880113,57.08585628],[9.88801959,57.08585694]],[[9.88801959,57.08585694],[9.88802789,57.08585759]],[[9.88802789,57.08585759],[9.88803618,57.08585826]],[[9.88803618,57.08585826],[9.88803618,57.08585826]],[[9.88803618,57.08585826],[9.88872278,57.08591275]],[[9.88072738,57.08542917],[9.88070649,57.08538573]],[[9.88396508,57.08522859],[9.88397199,57.08520191]],[[9.8870926,57.08577863],[9.88710452,57.08575248]],[[9.88232728,57.08522261],[9.88232103,57.08519589]],[[9.88396508,57.08522859],[9.88397199,57.08520191]],[[9.88554321,57.08546842],[9.88556206,57.08544351]],[[9.8870926,57.08577863],[9.88710452,57.08575248]],[[9.88096068,56.97159774],[9.88131315,56.97312765]],[[9.88131315,56.97312765],[9.88131448,56.97313344]],[[9.88131448,56.97313344],[9.88131582,56.97313924]],[[9.88131582,56.97313924],[9.88131715,56.97314503]],[[9.88131715,56.97314503],[9.88131848,56.97315082]],[[9.88131848,56.97315082],[9.88131983,56.97315663]],[[9.88131983,56.97315663],[9.88132116,56.97316242]],[[9.88132116,56.97316242],[9.88132249,56.97316821]],[[9.88132249,56.97316821],[9.88132384,56.97317401]],[[9.88132384,56.97317401],[9.88132517,56.9731798]],[[9.88132517,56.9731798],[9.8813265,56.97318559]],[[9.8813265,56.97318559],[9.88132783,56.9731914]],[[9.88132783,56.9731914],[9.88132916,56.97319719]],[[9.88132916,56.97319719],[9.88133049,56.97320298]],[[9.88133049,56.97320298],[9.8813318,56.97320878]],[[9.8813318,56.97320878],[9.88133313,56.97321458]],[[9.88133313,56.97321458],[9.88133446,56.97322037]],[[9.88133446,56.97322037],[9.88133577,56.97322617]],[[9.88133577,56.97322617],[9.88133709,56.97323197]],[[9.88133709,56.97323197],[9.88133842,56.97323776]],[[9.88133842,56.97323776],[9.88133973,56.97324355]],[[9.88133973,56.97324355],[9.88134104,56.97324936]],[[9.88134104,56.97324936],[9.88134234,56.97325515]],[[9.88134234,56.97325515],[9.88134365,56.97326094]],[[9.88134365,56.97326094],[9.88134495,56.97326675]],[[9.88134495,56.97326675],[9.88134625,56.97327254]],[[9.88134625,56.97327254],[9.88134754,56.97327834]],[[9.88134754,56.97327834],[9.88134884,56.97328414]],[[9.88134884,56.97328414],[9.88135014,56.97328994]],[[9.88135014,56.97328994],[9.88135142,56.97329573]],[[9.88135142,56.97329573],[9.88135272,56.97330153]],[[9.88135272,56.97330153],[9.881354,56.97330733]],[[9.881354,56.97330733],[9.88135528,56.97331313]],[[9.88135528,56.97331313],[9.88135654,56.97331893]],[[9.88135654,56.97331893],[9.88135782,56.97332472]],[[9.88135782,56.97332472],[9.88135909,56.97333053]],[[9.88135909,56.97333053],[9.88136035,56.97333633]],[[9.88136035,56.97333633],[9.8813616,56.97334212]],[[9.8813616,56.97334212],[9.88136286,56.97334793]],[[9.88136286,56.97334793],[9.88136411,56.97335373]],[[9.88136411,56.97335373],[9.88136536,56.97335953]],[[9.88136536,56.97335953],[9.88136661,56.97336533]],[[9.88136661,56.97336533],[9.88136784,56.97337113]],[[9.88136784,56.97337113],[9.88136907,56.97337693]],[[9.88136907,56.97337693],[9.8813703,56.97338273]],[[9.8813703,56.97338273],[9.88137153,56.97338853]],[[9.88137153,56.97338853],[9.88137275,56.97339433]],[[9.88137275,56.97339433],[9.88137396,56.97340015]],[[9.88137396,56.97340015],[9.88137517,56.97340595]],[[9.88137517,56.97340595],[9.88137637,56.97341175]],[[9.88137637,56.97341175],[9.88137757,56.97341755]],[[9.88137757,56.97341755],[9.88137877,56.97342336]],[[9.88137877,56.97342336],[9.88137995,56.97342916]],[[9.88137995,56.97342916],[9.88138113,56.97343497]],[[9.88138113,56.97343497],[9.88138232,56.97344077]],[[9.88138232,56.97344077],[9.88138348,56.97344657]],[[9.88138348,56.97344657],[9.88138465,56.97345238]],[[9.88138465,56.97345238],[9.88138581,56.97345819]],[[9.88138581,56.97345819],[9.88138696,56.973464]],[[9.88138696,56.973464],[9.88138809,56.9734698]],[[9.88138809,56.9734698],[9.88138924,56.97347561]],[[9.88138924,56.97347561],[9.88139036,56.97348142]],[[9.88139036,56.97348142],[9.88139149,56.97348723]],[[9.88139149,56.97348723],[9.88139261,56.97349304]],[[9.88139261,56.97349304],[9.88139371,56.97349885]],[[9.88139371,56.97349885],[9.88139481,56.97350466]],[[9.88139481,56.97350466],[9.88139591,56.97351047]],[[9.88139591,56.97351047],[9.88139699,56.97351627]],[[9.88139699,56.97351627],[9.88139807,56.97352208]],[[9.88139807,56.97352208],[9.88139914,56.97352789]],[[9.88139914,56.97352789],[9.88140021,56.97353371]],[[9.88140021,56.97353371],[9.88140126,56.97353953]],[[9.88140126,56.97353953],[9.88140231,56.97354534]],[[9.88140231,56.97354534],[9.88140334,56.97355115]],[[9.88140334,56.97355115],[9.88140438,56.97355696]],[[9.88140438,56.97355696],[9.88140539,56.97356278]],[[9.88140539,56.97356278],[9.88140641,56.97356859]],[[9.88140641,56.97356859],[9.88140741,56.97357441]],[[9.88140741,56.97357441],[9.88140841,56.97358022]],[[9.88140841,56.97358022],[9.8814094,56.97358604]],[[9.8814094,56.97358604],[9.88141038,56.97359185]],[[9.88141038,56.97359185],[9.88141135,56.97359767]],[[9.88141135,56.97359767],[9.8814123,56.97360348]],[[9.8814123,56.97360348],[9.88145839,56.97404805]],[[9.88145839,56.97404805],[9.88145058,56.9744933]],[[9.88145058,56.9744933],[9.88138892,56.9749373]],[[9.88138892,56.9749373],[9.88138775,56.97494311]],[[9.88138775,56.97494311],[9.88138658,56.97494891]],[[9.88138658,56.97494891],[9.8813854,56.97495471]],[[9.8813854,56.97495471],[9.88138421,56.97496052]],[[9.88138421,56.97496052],[9.88138301,56.97496632]],[[9.88138301,56.97496632],[9.88138181,56.97497212]],[[9.88138181,56.97497212],[9.88138059,56.97497793]],[[9.88138059,56.97497793],[9.88137937,56.97498373]],[[9.88137937,56.97498373],[9.88137813,56.97498953]],[[9.88137813,56.97498953],[9.8813769,56.97499533]],[[9.8813769,56.97499533],[9.88137565,56.97500114]],[[9.88137565,56.97500114],[9.88137439,56.97500694]],[[9.88137439,56.97500694],[9.88137314,56.97501274]],[[9.88137314,56.97501274],[9.88137186,56.97501853]],[[9.88137186,56.97501853],[9.88137059,56.97502433]],[[9.88137059,56.97502433],[9.8813693,56.97503013]],[[9.8813693,56.97503013],[9.881368,56.97503593]],[[9.881368,56.97503593],[9.8813667,56.97504173]],[[9.8813667,56.97504173],[9.88136539,56.97504752]],[[9.88136539,56.97504752],[9.88136407,56.97505332]],[[9.88136407,56.97505332],[9.88136275,56.97505911]],[[9.88136275,56.97505911],[9.88136142,56.97506491]],[[9.88136142,56.97506491],[9.88136007,56.9750707]],[[9.88136007,56.9750707],[9.88135872,56.9750765]],[[9.88135872,56.9750765],[9.88135737,56.9750823]],[[9.88135737,56.9750823],[9.881356,56.97508809]],[[9.881356,56.97508809],[9.88135463,56.97509388]],[[9.88135463,56.97509388],[9.88135326,56.97509968]],[[9.88135326,56.97509968],[9.88135188,56.97510547]],[[9.88135188,56.97510547],[9.88135048,56.97511126]],[[9.88135048,56.97511126],[9.8813491,56.97511705]],[[9.8813491,56.97511705],[9.8813477,56.97512284]],[[9.8813477,56.97512284],[9.88134628,56.97512863]],[[9.88134628,56.97512863],[9.88134488,56.97513441]],[[9.88134488,56.97513441],[9.88134347,56.9751402]],[[9.88134347,56.9751402],[9.88134203,56.97514599]],[[9.88134203,56.97514599],[9.88134062,56.97515179]],[[9.88134062,56.97515179],[9.88133919,56.97515757]],[[9.88133919,56.97515757],[9.88133775,56.97516336]],[[9.88133775,56.97516336],[9.88133632,56.97516915]],[[9.88133632,56.97516915],[9.88133487,56.97517493]],[[9.88133487,56.97517493],[9.88133342,56.97518072]],[[9.88133342,56.97518072],[9.88133197,56.97518651]],[[9.88133197,56.97518651],[9.88133052,56.97519229]],[[9.88133052,56.97519229],[9.88132906,56.97519809]],[[9.88132906,56.97519809],[9.88132761,56.97520387]],[[9.88132761,56.97520387],[9.88132614,56.97520965]],[[9.88132614,56.97520965],[9.88132468,56.97521544]],[[9.88132468,56.97521544],[9.8813232,56.97522122]],[[9.8813232,56.97522122],[9.88132173,56.97522701]],[[9.88132173,56.97522701],[9.88132025,56.97523279]],[[9.88132025,56.97523279],[9.88131877,56.97523858]],[[9.88131877,56.97523858],[9.88131728,56.97524436]],[[9.88131728,56.97524436],[9.88131579,56.97525015]],[[9.88131579,56.97525015],[9.8813143,56.97525593]],[[9.8813143,56.97525593],[9.88131281,56.97526171]],[[9.88131281,56.97526171],[9.88131131,56.97526749]],[[9.88131131,56.97526749],[9.88130981,56.97527328]],[[9.88130981,56.97527328],[9.88130829,56.97527906]],[[9.88130829,56.97527906],[9.8813068,56.97528484]],[[9.8813068,56.97528484],[9.88130528,56.97529063]],[[9.88130528,56.97529063],[9.88130377,56.97529641]],[[9.88130377,56.97529641],[9.88130225,56.97530219]],[[9.88130225,56.97530219],[9.88130074,56.97530797]],[[9.88130074,56.97530797],[9.88129921,56.97531375]],[[9.88129921,56.97531375],[9.88129767,56.97531953]],[[9.88129767,56.97531953],[9.88129616,56.97532531]],[[9.88129616,56.97532531],[9.88129463,56.97533109]],[[9.88129463,56.97533109],[9.8812931,56.97533687]],[[9.8812931,56.97533687],[9.88129155,56.97534266]],[[9.88129155,56.97534266],[9.88129002,56.97534844]],[[9.88129002,56.97534844],[9.88128849,56.97535421]],[[9.88128849,56.97535421],[9.88128694,56.97535999]],[[9.88128694,56.97535999],[9.88128541,56.97536577]],[[9.88128541,56.97536577],[9.88128388,56.97537156]],[[9.88128388,56.97537156],[9.88128233,56.97537734]],[[9.88128233,56.97537734],[9.88128078,56.97538312]],[[9.88128078,56.97538312],[9.88127925,56.97538889]],[[9.88127925,56.97538889],[9.8812777,56.97539467]],[[9.8812777,56.97539467],[9.88127617,56.97540046]],[[9.88127617,56.97540046],[9.88127462,56.97540624]],[[9.88127462,56.97540624],[9.88127309,56.97541202]],[[9.88127309,56.97541202],[9.88127309,56.97541202]],[[9.88127309,56.97541202],[9.88127053,56.97542165]],[[9.88127053,56.97542165],[9.88126797,56.97543129]],[[9.88126797,56.97543129],[9.8812654,56.97544092]],[[9.8812654,56.97544092],[9.88126284,56.97545055]],[[9.88126284,56.97545055],[9.88126028,56.97546019]],[[9.88126028,56.97546019],[9.88125773,56.97546982]],[[9.88125773,56.97546982],[9.88125517,56.97547945]],[[9.88125517,56.97547945],[9.88125262,56.97548909]],[[9.88125262,56.97548909],[9.88125007,56.97549872]],[[9.88125007,56.97549872],[9.88124754,56.97550835]],[[9.88124754,56.97550835],[9.881245,56.97551799]],[[9.881245,56.97551799],[9.88124248,56.97552763]],[[9.88124248,56.97552763],[9.88123995,56.97553726]],[[9.88123995,56.97553726],[9.88123744,56.9755469]],[[9.88123744,56.9755469],[9.88123492,56.97555654]],[[9.88123492,56.97555654],[9.88123243,56.97556618]],[[9.88123243,56.97556618],[9.88122993,56.97557581]],[[9.88122993,56.97557581],[9.88122745,56.97558545]],[[9.88122745,56.97558545],[9.88122497,56.9755951]],[[9.88122497,56.9755951],[9.8812225,56.97560474]],[[9.8812225,56.97560474],[9.88122006,56.97561438]],[[9.88122006,56.97561438],[9.88121761,56.97562402]],[[9.88121761,56.97562402],[9.88121518,56.97563367]],[[9.88121518,56.97563367],[9.88121276,56.97564331]],[[9.88121276,56.97564331],[9.88121035,56.97565295]],[[9.88121035,56.97565295],[9.88120795,56.9756626]],[[9.88120795,56.9756626],[9.88120556,56.97567224]],[[9.88120556,56.97567224],[9.8812032,56.9756819]],[[9.8812032,56.9756819],[9.88120085,56.97569155]],[[9.88120085,56.97569155],[9.88119852,56.9757012]],[[9.88119852,56.9757012],[9.88119618,56.97571085]],[[9.88119618,56.97571085],[9.88119388,56.9757205]],[[9.88119388,56.9757205],[9.8811916,56.97573015]],[[9.8811916,56.97573015],[9.88118932,56.9757398]],[[9.88118932,56.9757398],[9.88118707,56.97574946]],[[9.88118707,56.97574946],[9.88118483,56.97575912]],[[9.88118483,56.97575912],[9.88118261,56.97576879]],[[9.88118261,56.97576879],[9.88118041,56.97577844]],[[9.88118041,56.97577844],[9.88117823,56.97578811]],[[9.88117823,56.97578811],[9.88117607,56.97579777]],[[9.88117607,56.97579777],[9.88117394,56.97580743]],[[9.88117394,56.97580743],[9.88117182,56.9758171]],[[9.88117182,56.9758171],[9.88116972,56.97582677]],[[9.88116972,56.97582677],[9.88116765,56.97583643]],[[9.88116765,56.97583643],[9.88116561,56.9758461]],[[9.88116561,56.9758461],[9.88116357,56.97585578]],[[9.88116357,56.97585578],[9.88116157,56.97586545]],[[9.88116157,56.97586545],[9.8811596,56.97587512]],[[9.8811596,56.97587512],[9.88115764,56.97588479]],[[9.88115764,56.97588479],[9.88115572,56.97589447]],[[9.88115572,56.97589447],[9.88115382,56.97590415]],[[9.88115382,56.97590415],[9.88115194,56.97591383]],[[9.88115194,56.97591383],[9.88115009,56.97592352]],[[9.88115009,56.97592352],[9.88114828,56.9759332]],[[9.88114828,56.9759332],[9.88114647,56.97594288]],[[9.88114647,56.97594288],[9.88114472,56.97595257]],[[9.88114472,56.97595257],[9.88114299,56.97596226]],[[9.88114299,56.97596226],[9.88114128,56.97597195]],[[9.88114128,56.97597195],[9.88113961,56.97598164]],[[9.88113961,56.97598164],[9.88113796,56.97599133]],[[9.88113796,56.97599133],[9.88113636,56.97600103]],[[9.88113636,56.97600103],[9.88113476,56.97601073]],[[9.88113476,56.97601073],[9.88113322,56.97602042]],[[9.88113322,56.97602042],[9.88113171,56.97603012]],[[9.88113171,56.97603012],[9.88113023,56.97603982]],[[9.88113023,56.97603982],[9.88112878,56.97604952]],[[9.88112878,56.97604952],[9.88112737,56.97605923]],[[9.88112737,56.97605923],[9.88112599,56.97606894]],[[9.88112599,56.97606894],[9.88112465,56.97607864]],[[9.88112465,56.97607864],[9.88112333,56.97608835]],[[9.88112333,56.97608835],[9.88112207,56.97609806]],[[9.88112207,56.97609806],[9.88112084,56.97610777]],[[9.88112084,56.97610777],[9.88111964,56.97611749]],[[9.88111964,56.97611749],[9.88111847,56.97612719]],[[9.88111847,56.97612719],[9.88111736,56.97613691]],[[9.88111736,56.97613691],[9.88111629,56.97614663]],[[9.88111629,56.97614663],[9.88111524,56.97615635]],[[9.88111524,56.97615635],[9.88111424,56.97616606]],[[9.88111424,56.97616606],[9.88111329,56.97617579]],[[9.88111329,56.97617579],[9.88111237,56.9761855]],[[9.88111237,56.9761855],[9.8811115,56.97619523]],[[9.8811115,56.97619523],[9.88111066,56.97620495]],[[9.88111066,56.97620495],[9.88110714,56.97652453]],[[9.88110714,56.97652453],[9.88114989,56.97684324]],[[9.88114989,56.97684324],[9.88123862,56.97715912]],[[9.88123862,56.97715912],[9.88137278,56.97747019]],[[9.88137278,56.97747019],[9.88155154,56.97777449]],[[9.88155154,56.97777449],[9.88155307,56.97777678]],[[9.88155307,56.97777678],[9.88155461,56.97777906]],[[9.88155461,56.97777906],[9.88155614,56.97778135]],[[9.88155614,56.97778135],[9.88155767,56.97778363]],[[9.88155767,56.97778363],[9.8815592,56.97778591]],[[9.8815592,56.97778591],[9.88156074,56.9777882]],[[9.88156074,56.9777882],[9.8815623,56.97779048]],[[9.8815623,56.97779048],[9.88156384,56.97779276]],[[9.88156384,56.97779276],[9.88156539,56.97779504]],[[9.88156539,56.97779504],[9.88156693,56.97779733]],[[9.88156693,56.97779733],[9.88156849,56.97779961]],[[9.88156849,56.97779961],[9.88157004,56.97780189]],[[9.88157004,56.97780189],[9.8815716,56.97780417]],[[9.8815716,56.97780417],[9.88157315,56.97780646]],[[9.88157315,56.97780646],[9.88157472,56.97780873]],[[9.88157472,56.97780873],[9.88157628,56.97781101]],[[9.88157628,56.97781101],[9.88157785,56.97781329]],[[9.88157785,56.97781329],[9.8815794,56.97781557]],[[9.8815794,56.97781557],[9.88158098,56.97781785]],[[9.88158098,56.97781785],[9.88158255,56.97782012]],[[9.88158255,56.97782012],[9.88158412,56.9778224]],[[9.88158412,56.9778224],[9.88158569,56.97782468]],[[9.88158569,56.97782468],[9.88158728,56.97782695]],[[9.88158728,56.97782695],[9.88158885,56.97782923]],[[9.88158885,56.97782923],[9.88159044,56.9778315]],[[9.88159044,56.9778315],[9.88159203,56.97783378]],[[9.88159203,56.97783378],[9.8815936,56.97783606]],[[9.8815936,56.97783606],[9.88159519,56.97783833]],[[9.88159519,56.97783833],[9.88159677,56.9778406]],[[9.88159677,56.9778406],[9.88159836,56.97784288]],[[9.88159836,56.97784288],[9.88159997,56.97784515]],[[9.88159997,56.97784515],[9.88160155,56.97784742]],[[9.88160155,56.97784742],[9.88160314,56.9778497]],[[9.88160314,56.9778497],[9.88160475,56.97785196]],[[9.88160475,56.97785196],[9.88160633,56.97785424]],[[9.88160633,56.97785424],[9.88160794,56.97785651]],[[9.88160794,56.97785651],[9.88160954,56.97785878]],[[9.88160954,56.97785878],[9.88161115,56.97786106]],[[9.88161115,56.97786106],[9.88161275,56.97786332]],[[9.88161275,56.97786332],[9.88161436,56.97786559]],[[9.88161436,56.97786559],[9.88161596,56.97786787]],[[9.88161596,56.97786787],[9.88161757,56.97787013]],[[9.88161757,56.97787013],[9.88161917,56.97787241]],[[9.88161917,56.97787241],[9.88162077,56.97787467]],[[9.88162077,56.97787467],[9.88162238,56.97787694]],[[9.88162238,56.97787694],[9.881624,56.97787922]],[[9.881624,56.97787922],[9.8816256,56.97788148]],[[9.8816256,56.97788148],[9.88162721,56.97788375]],[[9.88162721,56.97788375],[9.88162883,56.97788602]],[[9.88162883,56.97788602],[9.88163043,56.97788828]],[[9.88163043,56.97788828],[9.88163206,56.97789056]],[[9.88163206,56.97789056],[9.88163368,56.97789282]],[[9.88163368,56.97789282],[9.88163528,56.9778951]],[[9.88163528,56.9778951],[9.8816369,56.97789736]],[[9.8816369,56.97789736],[9.88163852,56.97789962]],[[9.88163852,56.97789962],[9.88164014,56.9779019]],[[9.88164014,56.9779019],[9.88164176,56.97790416]],[[9.88164176,56.97790416],[9.88164339,56.97790643]],[[9.88164339,56.97790643],[9.88164501,56.97790869]],[[9.88164501,56.97790869],[9.88164663,56.97791096]],[[9.88164663,56.97791096],[9.88164825,56.97791323]],[[9.88164825,56.97791323],[9.88164989,56.97791549]],[[9.88164989,56.97791549],[9.88165151,56.97791776]],[[9.88165151,56.97791776],[9.88165313,56.97792002]],[[9.88165313,56.97792002],[9.88165476,56.9779223]],[[9.88165476,56.9779223],[9.88165639,56.97792456]],[[9.88165639,56.97792456],[9.88165801,56.97792683]],[[9.88165801,56.97792683],[9.88165964,56.97792909]],[[9.88165964,56.97792909],[9.88166126,56.97793135]],[[9.88166126,56.97793135],[9.8816629,56.97793362]],[[9.8816629,56.97793362],[9.88166452,56.97793588]],[[9.88166452,56.97793588],[9.88166616,56.97793815]],[[9.88166616,56.97793815],[9.8816678,56.97794041]],[[9.8816678,56.97794041],[9.88166942,56.97794268]],[[9.88166942,56.97794268],[9.88167106,56.97794494]],[[9.88167106,56.97794494],[9.88167269,56.97794721]],[[9.88167269,56.97794721],[9.88167431,56.97794947]],[[9.88167431,56.97794947],[9.88167595,56.97795174]],[[9.88167595,56.97795174],[9.88167757,56.977954]],[[9.88167757,56.977954],[9.88167921,56.97795626]],[[9.88167921,56.97795626],[9.88168085,56.97795853]],[[9.88168085,56.97795853],[9.88168247,56.97796079]],[[9.88168247,56.97796079],[9.88168247,56.97796079]],[[9.88168247,56.97796079],[9.88182963,56.97816514]],[[9.88091989,56.97160055],[9.88100147,56.97159494]],[[9.88179137,56.97817336],[9.8818679,56.97815692]],[[9.88091989,56.97160055],[9.88100147,56.97159494]],[[9.88134518,56.97338137],[9.88139419,56.97337827]],[[9.88131151,56.97516877],[9.8813604,56.9751724]],[[9.881152,56.97695882],[9.88120086,56.97695504]],[[9.88114148,56.97249041],[9.88119041,56.97248704]],[[9.88134518,56.97338137],[9.88139419,56.97337827]],[[9.88143648,56.97427567],[9.88148581,56.97427595]],[[9.88131151,56.97516877],[9.8813604,56.9751724]],[[9.88110249,56.97606011],[9.88115168,56.97606221]],[[9.881152,56.97695882],[9.88120086,56.97695504]],[[9.8815627,56.97782953],[9.88160886,56.97782001]],[[9.85605439,57.00584467],[9.85607063,57.00584192]],[[9.85607063,57.00584192],[9.85608685,57.00583915]],[[9.85608685,57.00583915],[9.85610306,57.00583637]],[[9.85610306,57.00583637],[9.85611925,57.00583358]],[[9.85611925,57.00583358],[9.85613544,57.00583076]],[[9.85613544,57.00583076],[9.85615162,57.00582792]],[[9.85615162,57.00582792],[9.85616778,57.00582507]],[[9.85616778,57.00582507],[9.85618394,57.0058222]],[[9.85618394,57.0058222],[9.85620009,57.0058193]],[[9.85620009,57.0058193],[9.85621623,57.0058164]],[[9.85621623,57.0058164],[9.85623236,57.00581347]],[[9.85623236,57.00581347],[9.85624846,57.00581053]],[[9.85624846,57.00581053],[9.85626457,57.00580758]],[[9.85626457,57.00580758],[9.85628066,57.00580461]],[[9.85628066,57.00580461],[9.85629675,57.00580162]],[[9.85629675,57.00580162],[9.85631283,57.00579861]],[[9.85631283,57.00579861],[9.8563289,57.00579559]],[[9.8563289,57.00579559],[9.85634494,57.00579256]],[[9.85634494,57.00579256],[9.856361,57.0057895]],[[9.856361,57.0057895],[9.85637704,57.00578644]],[[9.85637704,57.00578644],[9.85639307,57.00578336]],[[9.85639307,57.00578336],[9.85640908,57.00578027]],[[9.85640908,57.00578027],[9.85642509,57.00577716]],[[9.85642509,57.00577716],[9.8564411,57.00577404]],[[9.8564411,57.00577404],[9.85645709,57.0057709]],[[9.85645709,57.0057709],[9.85647306,57.00576776]],[[9.85647306,57.00576776],[9.85648904,57.0057646]],[[9.85648904,57.0057646],[9.85650502,57.00576142]],[[9.85650502,57.00576142],[9.85652096,57.00575824]],[[9.85652096,57.00575824],[9.85653692,57.00575503]],[[9.85653692,57.00575503],[9.85655286,57.00575183]],[[9.85655286,57.00575183],[9.85656879,57.0057486]],[[9.85656879,57.0057486],[9.85658472,57.00574537]],[[9.85658472,57.00574537],[9.85660063,57.00574212]],[[9.85660063,57.00574212],[9.85661654,57.00573887]],[[9.85661654,57.00573887],[9.85663245,57.0057356]],[[9.85663245,57.0057356],[9.85664834,57.00573233]],[[9.85664834,57.00573233],[9.85666424,57.00572904]],[[9.85666424,57.00572904],[9.85668012,57.00572573]],[[9.85668012,57.00572573],[9.85669598,57.00572243]],[[9.85669598,57.00572243],[9.85671186,57.00571911]],[[9.85671186,57.00571911],[9.85672772,57.00571578]],[[9.85672772,57.00571578],[9.85674356,57.00571244]],[[9.85674356,57.00571244],[9.85675941,57.0057091]],[[9.85675941,57.0057091],[9.85677525,57.00570575]],[[9.85677525,57.00570575],[9.8567911,57.00570238]],[[9.8567911,57.00570238],[9.85680693,57.00569901]],[[9.85680693,57.00569901],[9.85682274,57.00569563]],[[9.85682274,57.00569563],[9.85683857,57.00569224]],[[9.85683857,57.00569224],[9.85685438,57.00568885]],[[9.85685438,57.00568885],[9.85687018,57.00568544]],[[9.85687018,57.00568544],[9.85688599,57.00568204]],[[9.85688599,57.00568204],[9.85690179,57.00567862]],[[9.85690179,57.00567862],[9.85691757,57.0056752]],[[9.85691757,57.0056752],[9.85693336,57.00567177]],[[9.85693336,57.00567177],[9.85694914,57.00566834]],[[9.85694914,57.00566834],[9.85696492,57.00566489]],[[9.85696492,57.00566489],[9.8569807,57.00566145]],[[9.8569807,57.00566145],[9.85699646,57.00565799]],[[9.85699646,57.00565799],[9.85701223,57.00565453]],[[9.85701223,57.00565453],[9.85702799,57.00565107]],[[9.85702799,57.00565107],[9.85704375,57.0056476]],[[9.85704375,57.0056476],[9.85705952,57.00564413]],[[9.85705952,57.00564413],[9.85707526,57.00564065]],[[9.85707526,57.00564065],[9.85709101,57.00563718]],[[9.85709101,57.00563718],[9.85710676,57.00563369]],[[9.85710676,57.00563369],[9.85712251,57.0056302]],[[9.85712251,57.0056302],[9.85713825,57.0056267]],[[9.85713825,57.0056267],[9.85715398,57.00562321]],[[9.85715398,57.00562321],[9.85716971,57.00561972]],[[9.85716971,57.00561972],[9.85718546,57.00561622]],[[9.85718546,57.00561622],[9.85720119,57.00561271]],[[9.85720119,57.00561271],[9.85721692,57.0056092]],[[9.85721692,57.0056092],[9.85723265,57.0056057]],[[9.85723265,57.0056057],[9.85724838,57.00560219]],[[9.85724838,57.00560219],[9.8572641,57.00559868]],[[9.8572641,57.00559868],[9.85727983,57.00559517]],[[9.85727983,57.00559517],[9.85729556,57.00559165]],[[9.85729556,57.00559165],[9.85731127,57.00558814]],[[9.85731127,57.00558814],[9.857327,57.00558462]],[[9.857327,57.00558462],[9.85734273,57.0055811]],[[9.85734273,57.0055811],[9.85735845,57.00557758]],[[9.85735845,57.00557758],[9.85735845,57.00557758]],[[9.85735845,57.00557758],[9.85736701,57.00557567]],[[9.85736701,57.00557567],[9.85737558,57.00557376]],[[9.85737558,57.00557376],[9.85738414,57.00557184]],[[9.85738414,57.00557184],[9.85739271,57.00556993]],[[9.85739271,57.00556993],[9.85740127,57.00556801]],[[9.85740127,57.00556801],[9.85740984,57.0055661]],[[9.85740984,57.0055661],[9.8574184,57.00556418]],[[9.8574184,57.00556418],[9.85742697,57.00556227]],[[9.85742697,57.00556227],[9.85743554,57.00556036]],[[9.85743554,57.00556036],[9.8574441,57.00555845]],[[9.8574441,57.00555845],[9.85745267,57.00555653]],[[9.85745267,57.00555653],[9.85746125,57.00555463]],[[9.85746125,57.00555463],[9.85746981,57.00555272]],[[9.85746981,57.00555272],[9.85747838,57.00555081]],[[9.85747838,57.00555081],[9.85748694,57.0055489]],[[9.85748694,57.0055489],[9.85749553,57.00554699]],[[9.85749553,57.00554699],[9.85750409,57.00554509]],[[9.85750409,57.00554509],[9.85751267,57.00554319]],[[9.85751267,57.00554319],[9.85752124,57.00554128]],[[9.85752124,57.00554128],[9.85752982,57.00553938]],[[9.85752982,57.00553938],[9.8575384,57.00553749]],[[9.8575384,57.00553749],[9.85754697,57.00553558]],[[9.85754697,57.00553558],[9.85755555,57.00553369]],[[9.85755555,57.00553369],[9.85756413,57.00553179]],[[9.85756413,57.00553179],[9.85757271,57.0055299]],[[9.85757271,57.0055299],[9.85758129,57.00552802]],[[9.85758129,57.00552802],[9.85758987,57.00552612]],[[9.85758987,57.00552612],[9.85759847,57.00552424]],[[9.85759847,57.00552424],[9.85760705,57.00552235]],[[9.85760705,57.00552235],[9.85761564,57.00552047]],[[9.85761564,57.00552047],[9.85762423,57.00551859]],[[9.85762423,57.00551859],[9.85763283,57.00551671]],[[9.85763283,57.00551671],[9.85764141,57.00551484]],[[9.85764141,57.00551484],[9.85765001,57.00551296]],[[9.85765001,57.00551296],[9.85765861,57.0055111]],[[9.85765861,57.0055111],[9.85766721,57.00550923]],[[9.85766721,57.00550923],[9.85767582,57.00550736]],[[9.85767582,57.00550736],[9.85768442,57.0055055]],[[9.85768442,57.0055055],[9.85769302,57.00550364]],[[9.85769302,57.00550364],[9.85770163,57.00550179]],[[9.85770163,57.00550179],[9.85771025,57.00549993]],[[9.85771025,57.00549993],[9.85771886,57.00549808]],[[9.85771886,57.00549808],[9.85772748,57.00549623]],[[9.85772748,57.00549623],[9.85773609,57.00549439]],[[9.85773609,57.00549439],[9.85774471,57.00549255]],[[9.85774471,57.00549255],[9.85775334,57.00549071]],[[9.85775334,57.00549071],[9.85776195,57.00548888]],[[9.85776195,57.00548888],[9.85777058,57.00548705]],[[9.85777058,57.00548705],[9.85777921,57.00548523]],[[9.85777921,57.00548523],[9.85778784,57.0054834]],[[9.85778784,57.0054834],[9.85779647,57.00548158]],[[9.85779647,57.00548158],[9.85780512,57.00547977]],[[9.85780512,57.00547977],[9.85781375,57.00547796]],[[9.85781375,57.00547796],[9.8578224,57.00547615]],[[9.8578224,57.00547615],[9.85783105,57.00547435]],[[9.85783105,57.00547435],[9.85783969,57.00547255]],[[9.85783969,57.00547255],[9.85784834,57.00547076]],[[9.85784834,57.00547076],[9.857857,57.00546896]],[[9.857857,57.00546896],[9.85786567,57.00546718]],[[9.85786567,57.00546718],[9.85787431,57.0054654]],[[9.85787431,57.0054654],[9.85788299,57.00546362]],[[9.85788299,57.00546362],[9.85789166,57.00546185]],[[9.85789166,57.00546185],[9.85790032,57.00546008]],[[9.85790032,57.00546008],[9.857909,57.00545833]],[[9.857909,57.00545833],[9.85791768,57.00545657]],[[9.85791768,57.00545657],[9.85792636,57.00545482]],[[9.85792636,57.00545482],[9.85793504,57.00545307]],[[9.85793504,57.00545307],[9.85794374,57.00545132]],[[9.85794374,57.00545132],[9.85795242,57.00544958]],[[9.85795242,57.00544958],[9.85796111,57.00544785]],[[9.85796111,57.00544785],[9.85796981,57.00544613]],[[9.85796981,57.00544613],[9.85797852,57.0054444]],[[9.85797852,57.0054444],[9.85798722,57.00544269]],[[9.85798722,57.00544269],[9.85799593,57.00544098]],[[9.85799593,57.00544098],[9.85800464,57.00543928]],[[9.85800464,57.00543928],[9.85801336,57.00543757]],[[9.85801336,57.00543757],[9.85802208,57.00543589]],[[9.85802208,57.00543589],[9.85803081,57.0054342]],[[9.85803081,57.0054342],[9.85803954,57.00543252]],[[9.85803954,57.00543252],[9.85804827,57.00543084]],[[9.85804827,57.00543084],[9.858057,57.00542917]],[[9.858057,57.00542917],[9.85806575,57.00542751]],[[9.85806575,57.00542751],[9.85857752,57.00534222]],[[9.85857752,57.00534222],[9.85909975,57.00527852]],[[9.85909975,57.00527852],[9.85962936,57.00523679]],[[9.85962936,57.00523679],[9.86016329,57.00521727]],[[9.86016329,57.00521727],[9.86069838,57.00522008]],[[9.86069838,57.00522008],[9.86123151,57.0052452]],[[9.86123151,57.0052452],[9.86124069,57.00524583]],[[9.86124069,57.00524583],[9.86124987,57.00524647]],[[9.86124987,57.00524647],[9.86125905,57.00524712]],[[9.86125905,57.00524712],[9.86126823,57.00524777]],[[9.86126823,57.00524777],[9.86127741,57.00524842]],[[9.86127741,57.00524842],[9.86128659,57.00524908]],[[9.86128659,57.00524908],[9.86129576,57.00524974]],[[9.86129576,57.00524974],[9.86130494,57.00525042]],[[9.86130494,57.00525042],[9.8613141,57.0052511]],[[9.8613141,57.0052511],[9.86132328,57.00525179]],[[9.86132328,57.00525179],[9.86133245,57.00525248]],[[9.86133245,57.00525248],[9.86134161,57.00525318]],[[9.86134161,57.00525318],[9.86135078,57.00525388]],[[9.86135078,57.00525388],[9.86135994,57.00525459]],[[9.86135994,57.00525459],[9.86136911,57.0052553]],[[9.86136911,57.0052553],[9.86137827,57.00525602]],[[9.86137827,57.00525602],[9.86138743,57.00525675]],[[9.86138743,57.00525675],[9.86139658,57.00525748]],[[9.86139658,57.00525748],[9.86140575,57.00525822]],[[9.86140575,57.00525822],[9.86141489,57.00525896]],[[9.86141489,57.00525896],[9.86142406,57.0052597]],[[9.86142406,57.0052597],[9.86143321,57.00526045]],[[9.86143321,57.00526045],[9.86144235,57.0052612]],[[9.86144235,57.0052612],[9.86145152,57.00526197]],[[9.86145152,57.00526197],[9.86146066,57.00526273]],[[9.86146066,57.00526273],[9.86146981,57.0052635]],[[9.86146981,57.0052635],[9.86147896,57.00526427]],[[9.86147896,57.00526427],[9.86148811,57.00526505]],[[9.86148811,57.00526505],[9.86149724,57.00526584]],[[9.86149724,57.00526584],[9.86150639,57.00526662]],[[9.86150639,57.00526662],[9.86151553,57.00526741]],[[9.86151553,57.00526741],[9.86152466,57.00526821]],[[9.86152466,57.00526821],[9.86153381,57.005269]],[[9.86153381,57.005269],[9.86154294,57.00526981]],[[9.86154294,57.00526981],[9.86155209,57.00527061]],[[9.86155209,57.00527061],[9.86156122,57.00527143]],[[9.86156122,57.00527143],[9.86157035,57.00527224]],[[9.86157035,57.00527224],[9.86157948,57.00527306]],[[9.86157948,57.00527306],[9.86158861,57.00527387]],[[9.86158861,57.00527387],[9.86159776,57.0052747]],[[9.86159776,57.0052747],[9.86160688,57.00527553]],[[9.86160688,57.00527553],[9.86161601,57.00527637]],[[9.86161601,57.00527637],[9.86162514,57.0052772]],[[9.86162514,57.0052772],[9.86163427,57.00527804]],[[9.86163427,57.00527804],[9.8616434,57.00527887]],[[9.8616434,57.00527887],[9.86165253,57.00527972]],[[9.86165253,57.00527972],[9.86166164,57.00528056]],[[9.86166164,57.00528056],[9.86167077,57.00528142]],[[9.86167077,57.00528142],[9.86167989,57.00528227]],[[9.86167989,57.00528227],[9.86168902,57.00528313]],[[9.86168902,57.00528313],[9.86169813,57.00528398]],[[9.86169813,57.00528398],[9.86170726,57.00528484]],[[9.86170726,57.00528484],[9.86171638,57.00528571]],[[9.86171638,57.00528571],[9.86172549,57.00528657]],[[9.86172549,57.00528657],[9.86173461,57.00528743]],[[9.86173461,57.00528743],[9.86174374,57.00528831]],[[9.86174374,57.00528831],[9.86175285,57.00528918]],[[9.86175285,57.00528918],[9.86176197,57.00529005]],[[9.86176197,57.00529005],[9.86177108,57.00529093]],[[9.86177108,57.00529093],[9.8617802,57.0052918]],[[9.8617802,57.0052918],[9.86178931,57.00529269]],[[9.86178931,57.00529269],[9.86179842,57.00529357]],[[9.86179842,57.00529357],[9.86180754,57.00529445]],[[9.86180754,57.00529445],[9.86181665,57.00529533]],[[9.86181665,57.00529533],[9.86182577,57.00529622]],[[9.86182577,57.00529622],[9.86183488,57.0052971]],[[9.86183488,57.0052971],[9.86184399,57.00529799]],[[9.86184399,57.00529799],[9.86185309,57.00529888]],[[9.86185309,57.00529888],[9.86186221,57.00529977]],[[9.86186221,57.00529977],[9.86187132,57.00530066]],[[9.86187132,57.00530066],[9.86188044,57.00530155]],[[9.86188044,57.00530155],[9.86188955,57.00530245]],[[9.86188955,57.00530245],[9.86189865,57.00530334]],[[9.86189865,57.00530334],[9.86190776,57.00530423]],[[9.86190776,57.00530423],[9.86191688,57.00530513]],[[9.86191688,57.00530513],[9.86192597,57.00530603]],[[9.86192597,57.00530603],[9.86193509,57.00530692]],[[9.86193509,57.00530692],[9.8619442,57.00530782]],[[9.8619442,57.00530782],[9.8619533,57.00530872]],[[9.8619533,57.00530872],[9.86196241,57.00530962]],[[9.86196241,57.00530962],[9.86197153,57.00531051]],[[9.86197153,57.00531051],[9.86198063,57.0053114]],[[9.86198063,57.0053114],[9.86198063,57.0053114]],[[9.86198063,57.0053114],[9.86198668,57.005312]],[[9.86198668,57.005312],[9.86199273,57.00531259]],[[9.86199273,57.00531259],[9.86199877,57.00531319]],[[9.86199877,57.00531319],[9.86200483,57.00531379]],[[9.86200483,57.00531379],[9.86201088,57.00531438]],[[9.86201088,57.00531438],[9.86201692,57.00531498]],[[9.86201692,57.00531498],[9.86202297,57.00531558]],[[9.86202297,57.00531558],[9.86202903,57.00531617]],[[9.86202903,57.00531617],[9.86203506,57.00531677]],[[9.86203506,57.00531677],[9.86204112,57.00531736]],[[9.86204112,57.00531736],[9.86204717,57.00531796]],[[9.86204717,57.00531796],[9.86205323,57.00531855]],[[9.86205323,57.00531855],[9.86205926,57.00531915]],[[9.86205926,57.00531915],[9.86206532,57.00531974]],[[9.86206532,57.00531974],[9.86207137,57.00532034]],[[9.86207137,57.00532034],[9.86207741,57.00532093]],[[9.86207741,57.00532093],[9.86208346,57.00532153]],[[9.86208346,57.00532153],[9.86208952,57.00532212]],[[9.86208952,57.00532212],[9.86209556,57.00532271]],[[9.86209556,57.00532271],[9.86210161,57.00532331]],[[9.86210161,57.00532331],[9.86210766,57.0053239]],[[9.86210766,57.0053239],[9.86211372,57.00532449]],[[9.86211372,57.00532449],[9.86211976,57.00532508]],[[9.86211976,57.00532508],[9.86212581,57.00532568]],[[9.86212581,57.00532568],[9.86213187,57.00532627]],[[9.86213187,57.00532627],[9.86213792,57.00532686]],[[9.86213792,57.00532686],[9.86214396,57.00532745]],[[9.86214396,57.00532745],[9.86215001,57.00532804]],[[9.86215001,57.00532804],[9.86215607,57.00532863]],[[9.86215607,57.00532863],[9.86216212,57.00532922]],[[9.86216212,57.00532922],[9.86216817,57.0053298]],[[9.86216817,57.0053298],[9.86217421,57.00533039]],[[9.86217421,57.00533039],[9.86218027,57.00533099]],[[9.86218027,57.00533099],[9.86218632,57.00533158]],[[9.86218632,57.00533158],[9.86219237,57.00533216]],[[9.86219237,57.00533216],[9.86219843,57.00533275]],[[9.86219843,57.00533275],[9.86220448,57.00533333]],[[9.86220448,57.00533333],[9.86221052,57.00533392]],[[9.86221052,57.00533392],[9.86221657,57.0053345]],[[9.86221657,57.0053345],[9.86222263,57.00533508]],[[9.86222263,57.00533508],[9.86222868,57.00533567]],[[9.86222868,57.00533567],[9.86223474,57.00533625]],[[9.86223474,57.00533625],[9.86224079,57.00533684]],[[9.86224079,57.00533684],[9.86224685,57.00533742]],[[9.86224685,57.00533742],[9.8622529,57.005338]],[[9.8622529,57.005338],[9.86225895,57.00533858]],[[9.86225895,57.00533858],[9.86226501,57.00533916]],[[9.86226501,57.00533916],[9.86227106,57.00533973]],[[9.86227106,57.00533973],[9.86227712,57.00534031]],[[9.86227712,57.00534031],[9.86228317,57.0053409]],[[9.86228317,57.0053409],[9.86228923,57.00534147]],[[9.86228923,57.00534147],[9.86229528,57.00534205]],[[9.86229528,57.00534205],[9.86230133,57.00534262]],[[9.86230133,57.00534262],[9.86230739,57.00534319]],[[9.86230739,57.00534319],[9.86231344,57.00534377]],[[9.86231344,57.00534377],[9.8623195,57.00534434]],[[9.8623195,57.00534434],[9.86232555,57.00534491]],[[9.86232555,57.00534491],[9.86233162,57.00534548]],[[9.86233162,57.00534548],[9.86233768,57.00534606]],[[9.86233768,57.00534606],[9.86234373,57.00534663]],[[9.86234373,57.00534663],[9.86234979,57.00534719]],[[9.86234979,57.00534719],[9.86235584,57.00534776]],[[9.86235584,57.00534776],[9.86236191,57.00534833]],[[9.86236191,57.00534833],[9.86236796,57.00534889]],[[9.86236796,57.00534889],[9.86237402,57.00534945]],[[9.86237402,57.00534945],[9.86238007,57.00535002]],[[9.86238007,57.00535002],[9.86238614,57.00535058]],[[9.86238614,57.00535058],[9.8623922,57.00535115]],[[9.8623922,57.00535115],[9.86239825,57.00535171]],[[9.86239825,57.00535171],[9.86240432,57.00535226]],[[9.86240432,57.00535226],[9.86241038,57.00535283]],[[9.86241038,57.00535283],[9.86241645,57.00535338]],[[9.86241645,57.00535338],[9.8624225,57.00535394]],[[9.8624225,57.00535394],[9.86242856,57.00535449]],[[9.86242856,57.00535449],[9.86243463,57.00535504]],[[9.86243463,57.00535504],[9.86244068,57.0053556]],[[9.86244068,57.0053556],[9.86244675,57.00535615]],[[9.86244675,57.00535615],[9.86245281,57.0053567]],[[9.86245281,57.0053567],[9.86245888,57.00535725]],[[9.86245888,57.00535725],[9.86246495,57.0053578]],[[9.86246495,57.0053578],[9.862471,57.00535834]],[[9.862471,57.00535834],[9.86247707,57.00535889]],[[9.86247707,57.00535889],[9.86261024,57.00537056]],[[9.86261024,57.00537056],[9.86274357,57.00538163]],[[9.86274357,57.00538163],[9.86287705,57.00539211]],[[9.86287705,57.00539211],[9.86288153,57.00539245]],[[9.86288153,57.00539245],[9.862886,57.00539279]],[[9.862886,57.00539279],[9.86289048,57.00539313]],[[9.86289048,57.00539313],[9.86289495,57.00539346]],[[9.86289495,57.00539346],[9.86289943,57.0053938]],[[9.86289943,57.0053938],[9.86290389,57.00539414]],[[9.86290389,57.00539414],[9.86290836,57.00539447]],[[9.86290836,57.00539447],[9.86291284,57.00539481]],[[9.86291284,57.00539481],[9.86291731,57.00539515]],[[9.86291731,57.00539515],[9.86292179,57.00539549]],[[9.86292179,57.00539549],[9.86292626,57.00539582]],[[9.86292626,57.00539582],[9.86293074,57.00539615]],[[9.86293074,57.00539615],[9.86293521,57.00539649]],[[9.86293521,57.00539649],[9.86293969,57.00539682]],[[9.86293969,57.00539682],[9.86294417,57.00539715]],[[9.86294417,57.00539715],[9.86294864,57.00539748]],[[9.86294864,57.00539748],[9.86295312,57.00539781]],[[9.86295312,57.00539781],[9.86295759,57.00539815]],[[9.86295759,57.00539815],[9.86296207,57.00539848]],[[9.86296207,57.00539848],[9.86296654,57.0053988]],[[9.86296654,57.0053988],[9.86297102,57.00539913]],[[9.86297102,57.00539913],[9.86297549,57.00539946]],[[9.86297549,57.00539946],[9.86297997,57.00539979]],[[9.86297997,57.00539979],[9.86298444,57.00540012]],[[9.86298444,57.00540012],[9.86298892,57.00540044]],[[9.86298892,57.00540044],[9.86299339,57.00540076]],[[9.86299339,57.00540076],[9.86299787,57.00540109]],[[9.86299787,57.00540109],[9.86300234,57.00540142]],[[9.86300234,57.00540142],[9.86300682,57.00540174]],[[9.86300682,57.00540174],[9.86301129,57.00540207]],[[9.86301129,57.00540207],[9.86301577,57.0054024]],[[9.86301577,57.0054024],[9.86302025,57.00540272]],[[9.86302025,57.00540272],[9.86302472,57.00540303]],[[9.86302472,57.00540303],[9.8630292,57.00540336]],[[9.8630292,57.00540336],[9.86303369,57.00540368]],[[9.86303369,57.00540368],[9.86303816,57.005404]],[[9.86303816,57.005404],[9.86304264,57.00540433]],[[9.86304264,57.00540433],[9.86304711,57.00540465]],[[9.86304711,57.00540465],[9.86305159,57.00540497]],[[9.86305159,57.00540497],[9.86305606,57.00540529]],[[9.86305606,57.00540529],[9.86306054,57.00540561]],[[9.86306054,57.00540561],[9.86306501,57.00540592]],[[9.86306501,57.00540592],[9.86306951,57.00540624]],[[9.86306951,57.00540624],[9.86307398,57.00540657]],[[9.86307398,57.00540657],[9.86307846,57.00540689]],[[9.86307846,57.00540689],[9.86308293,57.0054072]],[[9.86308293,57.0054072],[9.86308741,57.00540752]],[[9.86308741,57.00540752],[9.86309188,57.00540784]],[[9.86309188,57.00540784],[9.86309636,57.00540816]],[[9.86309636,57.00540816],[9.86310085,57.00540848]],[[9.86310085,57.00540848],[9.86310533,57.0054088]],[[9.86310533,57.0054088],[9.8631098,57.00540912]],[[9.8631098,57.00540912],[9.86311428,57.00540943]],[[9.86311428,57.00540943],[9.86311875,57.00540975]],[[9.86311875,57.00540975],[9.86312324,57.00541007]],[[9.86312324,57.00541007],[9.86312772,57.00541038]],[[9.86312772,57.00541038],[9.86313219,57.0054107]],[[9.86313219,57.0054107],[9.86313667,57.00541101]],[[9.86313667,57.00541101],[9.86314114,57.00541133]],[[9.86314114,57.00541133],[9.86314564,57.00541164]],[[9.86314564,57.00541164],[9.86315011,57.00541196]],[[9.86315011,57.00541196],[9.86315459,57.00541227]],[[9.86315459,57.00541227],[9.86315906,57.00541259]],[[9.86315906,57.00541259],[9.86316354,57.0054129]],[[9.86316354,57.0054129],[9.86316803,57.00541322]],[[9.86316803,57.00541322],[9.8631725,57.00541353]],[[9.8631725,57.00541353],[9.86317698,57.00541385]],[[9.86317698,57.00541385],[9.86318145,57.00541416]],[[9.86318145,57.00541416],[9.86318593,57.00541447]],[[9.86318593,57.00541447],[9.86319042,57.00541479]],[[9.86319042,57.00541479],[9.8631949,57.0054151]],[[9.8631949,57.0054151],[9.86319937,57.00541541]],[[9.86319937,57.00541541],[9.86320385,57.00541573]],[[9.86320385,57.00541573],[9.86320834,57.00541604]],[[9.86320834,57.00541604],[9.86321282,57.00541635]],[[9.86321282,57.00541635],[9.86321729,57.00541667]],[[9.86321729,57.00541667],[9.86322177,57.00541698]],[[9.86322177,57.00541698],[9.86322626,57.00541729]],[[9.86322626,57.00541729],[9.86323073,57.00541761]],[[9.86323073,57.00541761],[9.86323521,57.00541792]],[[9.86323521,57.00541792],[9.86323968,57.00541823]],[[9.86323968,57.00541823],[9.86324418,57.00541855]],[[9.86324418,57.00541855],[9.86324418,57.00541855]],[[9.86324418,57.00541855],[9.86324831,57.00541883]],[[9.85606652,57.00586612],[9.85604226,57.00582321]],[[9.85668479,57.00573918],[9.85666721,57.005714]],[[9.8598222,57.00524067],[9.85981837,57.0052138]],[[9.86308188,57.00542072],[9.86308826,57.005394]],[[9.85668479,57.00573918],[9.85666721,57.005714]],[[9.85821716,57.00541399],[9.85820195,57.00538836]],[[9.8598222,57.00524067],[9.85981837,57.0052138]],[[9.86145724,57.00527607],[9.86146475,57.00524945]],[[9.86308188,57.00542072],[9.86308826,57.005394]],[[9.85504259,57.0388041],[9.85536819,57.03884013]],[[9.85536819,57.03884013],[9.85546561,57.03885319]],[[9.85546561,57.03885319],[9.85556075,57.03887049]],[[9.85556075,57.03887049],[9.85565299,57.03889195]],[[9.85565299,57.03889195],[9.85574176,57.03891742]],[[9.85574176,57.03891742],[9.85582643,57.03894674]],[[9.85582643,57.03894674],[9.85590646,57.0389797]],[[9.85590646,57.0389797],[9.85598134,57.03901609]],[[9.85598134,57.03901609],[9.85605053,57.03905568]],[[9.85605053,57.03905568],[9.85611362,57.03909819]],[[9.85611362,57.03909819],[9.85617016,57.03914334]],[[9.85617016,57.03914334],[9.85621981,57.03919086]],[[9.854272,57.03977043],[9.85518023,57.03947231]],[[9.85518023,57.03947231],[9.85518883,57.03946948]],[[9.85518883,57.03946948],[9.85519744,57.03946666]],[[9.85519744,57.03946666],[9.85520605,57.03946383]],[[9.85520605,57.03946383],[9.85521466,57.03946101]],[[9.85521466,57.03946101],[9.85522325,57.03945819]],[[9.85522325,57.03945819],[9.85523186,57.03945537]],[[9.85523186,57.03945537],[9.85524047,57.03945255]],[[9.85524047,57.03945255],[9.85524908,57.03944972]],[[9.85524908,57.03944972],[9.85525769,57.03944691]],[[9.85525769,57.03944691],[9.85526631,57.03944409]],[[9.85526631,57.03944409],[9.85527492,57.03944127]],[[9.85527492,57.03944127],[9.85528353,57.03943846]],[[9.85528353,57.03943846],[9.85529216,57.03943565]],[[9.85529216,57.03943565],[9.85530079,57.03943284]],[[9.85530079,57.03943284],[9.85530941,57.03943004]],[[9.85530941,57.03943004],[9.85531804,57.03942723]],[[9.85531804,57.03942723],[9.85532666,57.03942443]],[[9.85532666,57.03942443],[9.85533531,57.03942163]],[[9.85533531,57.03942163],[9.85534393,57.03941884]],[[9.85534393,57.03941884],[9.85535258,57.03941605]],[[9.85535258,57.03941605],[9.85536122,57.03941326]],[[9.85536122,57.03941326],[9.85536988,57.03941047]],[[9.85536988,57.03941047],[9.85537852,57.0394077]],[[9.85537852,57.0394077],[9.85538718,57.03940492]],[[9.85538718,57.03940492],[9.85539584,57.03940214]],[[9.85539584,57.03940214],[9.85540451,57.03939938]],[[9.85540451,57.03939938],[9.85541319,57.03939661]],[[9.85541319,57.03939661],[9.85542186,57.03939386]],[[9.85542186,57.03939386],[9.85543054,57.0393911]],[[9.85543054,57.0393911],[9.85543923,57.03938836]],[[9.85543923,57.03938836],[9.85544792,57.03938562]],[[9.85544792,57.03938562],[9.85545661,57.03938288]],[[9.85545661,57.03938288],[9.85546532,57.03938014]],[[9.85546532,57.03938014],[9.85547403,57.03937742]],[[9.85547403,57.03937742],[9.85548276,57.0393747]],[[9.85548276,57.0393747],[9.85549148,57.03937198]],[[9.85549148,57.03937198],[9.8555002,57.03936928]],[[9.8555002,57.03936928],[9.85550895,57.03936658]],[[9.85550895,57.03936658],[9.85551769,57.03936389]],[[9.85551769,57.03936389],[9.85552644,57.03936119]],[[9.85552644,57.03936119],[9.8555352,57.03935852]],[[9.8555352,57.03935852],[9.85554397,57.03935584]],[[9.85554397,57.03935584],[9.85555275,57.03935318]],[[9.85555275,57.03935318],[9.85556152,57.03935052]],[[9.85556152,57.03935052],[9.85557031,57.03934787]],[[9.85557031,57.03934787],[9.8555791,57.03934522]],[[9.8555791,57.03934522],[9.85558791,57.03934259]],[[9.85558791,57.03934259],[9.85559673,57.03933996]],[[9.85559673,57.03933996],[9.85560556,57.03933735]],[[9.85560556,57.03933735],[9.85561438,57.03933474]],[[9.85561438,57.03933474],[9.85562322,57.03933215]],[[9.85562322,57.03933215],[9.85563207,57.03932955]],[[9.85563207,57.03932955],[9.85564093,57.03932698]],[[9.85564093,57.03932698],[9.8556498,57.0393244]],[[9.8556498,57.0393244],[9.85565867,57.03932184]],[[9.85565867,57.03932184],[9.85566756,57.03931928]],[[9.85566756,57.03931928],[9.85567647,57.03931674]],[[9.85567647,57.03931674],[9.85568537,57.03931421]],[[9.85568537,57.03931421],[9.85569429,57.03931169]],[[9.85569429,57.03931169],[9.85570322,57.03930919]],[[9.85570322,57.03930919],[9.85571215,57.03930668]],[[9.85571215,57.03930668],[9.85572109,57.0393042]],[[9.85572109,57.0393042],[9.85573006,57.03930172]],[[9.85573006,57.03930172],[9.85573903,57.03929925]],[[9.85573903,57.03929925],[9.855748,57.0392968]],[[9.855748,57.0392968],[9.85575699,57.03929436]],[[9.85575699,57.03929436],[9.85576599,57.03929193]],[[9.85576599,57.03929193],[9.85577501,57.03928951]],[[9.85577501,57.03928951],[9.85578403,57.03928711]],[[9.85578403,57.03928711],[9.85579307,57.03928471]],[[9.85579307,57.03928471],[9.85580211,57.03928233]],[[9.85580211,57.03928233],[9.85581117,57.03927996]],[[9.85581117,57.03927996],[9.85582024,57.03927761]],[[9.85582024,57.03927761],[9.85582931,57.03927527]],[[9.85582931,57.03927527],[9.85583841,57.03927295]],[[9.85583841,57.03927295],[9.85584752,57.03927064]],[[9.85584752,57.03927064],[9.85585663,57.03926833]],[[9.85585663,57.03926833],[9.85586577,57.03926605]],[[9.85586577,57.03926605],[9.8558749,57.03926378]],[[9.8558749,57.03926378],[9.85588406,57.03926153]],[[9.85588406,57.03926153],[9.85589322,57.03925929]],[[9.85589322,57.03925929],[9.85590239,57.03925706]],[[9.85590239,57.03925706],[9.85614276,57.03920507]],[[9.85614276,57.03920507],[9.85638986,57.03916351]],[[9.85638986,57.03916351],[9.85664218,57.03913265]],[[9.85664218,57.03913265],[9.85689815,57.03911266]],[[9.85689815,57.03911266],[9.85715621,57.03910369]],[[9.85715621,57.03910369],[9.85716626,57.03910356]],[[9.85716626,57.03910356],[9.85717629,57.03910345]],[[9.85717629,57.03910345],[9.85718634,57.03910336]],[[9.85718634,57.03910336],[9.85719639,57.03910328]],[[9.85719639,57.03910328],[9.85720642,57.03910322]],[[9.85720642,57.03910322],[9.85721647,57.03910318]],[[9.85721647,57.03910318],[9.85722652,57.03910314]],[[9.85722652,57.03910314],[9.85723657,57.03910314]],[[9.85723657,57.03910314],[9.8572466,57.03910313]],[[9.8572466,57.03910313],[9.85725665,57.03910315]],[[9.85725665,57.03910315],[9.8572667,57.03910318]],[[9.8572667,57.03910318],[9.85727674,57.03910323]],[[9.85727674,57.03910323],[9.85728678,57.03910328]],[[9.85728678,57.03910328],[9.85729682,57.03910336]],[[9.85729682,57.03910336],[9.85730687,57.03910344]],[[9.85730687,57.03910344],[9.85731692,57.03910354]],[[9.85731692,57.03910354],[9.85732695,57.03910365]],[[9.85732695,57.03910365],[9.857337,57.03910378]],[[9.857337,57.03910378],[9.85734703,57.03910393]],[[9.85734703,57.03910393],[9.85735708,57.03910407]],[[9.85735708,57.03910407],[9.85736711,57.03910424]],[[9.85736711,57.03910424],[9.85737716,57.03910442]],[[9.85737716,57.03910442],[9.85738719,57.03910461]],[[9.85738719,57.03910461],[9.85739724,57.03910481]],[[9.85739724,57.03910481],[9.85740727,57.03910503]],[[9.85740727,57.03910503],[9.8574173,57.03910525]],[[9.8574173,57.03910525],[9.85742734,57.03910549]],[[9.85742734,57.03910549],[9.85743738,57.03910574]],[[9.85743738,57.03910574],[9.85744741,57.03910599]],[[9.85744741,57.03910599],[9.85745744,57.03910626]],[[9.85745744,57.03910626],[9.85746747,57.03910654]],[[9.85746747,57.03910654],[9.8574775,57.03910683]],[[9.8574775,57.03910683],[9.85748753,57.03910714]],[[9.85748753,57.03910714],[9.85749756,57.03910745]],[[9.85749756,57.03910745],[9.85750759,57.03910777]],[[9.85750759,57.03910777],[9.8575176,57.0391081]],[[9.8575176,57.0391081],[9.85752763,57.03910843]],[[9.85752763,57.03910843],[9.85753765,57.03910879]],[[9.85753765,57.03910879],[9.85754768,57.03910914]],[[9.85754768,57.03910914],[9.85755769,57.03910951]],[[9.85755769,57.03910951],[9.85756772,57.03910988]],[[9.85756772,57.03910988],[9.85757774,57.03911027]],[[9.85757774,57.03911027],[9.85758777,57.03911066]],[[9.85758777,57.03911066],[9.85759778,57.03911106]],[[9.85759778,57.03911106],[9.85760779,57.03911146]],[[9.85760779,57.03911146],[9.85761781,57.03911188]],[[9.85761781,57.03911188],[9.85762782,57.0391123]],[[9.85762782,57.0391123],[9.85763784,57.03911273]],[[9.85763784,57.03911273],[9.85764785,57.03911317]],[[9.85764785,57.03911317],[9.85765786,57.03911361]],[[9.85765786,57.03911361],[9.85766788,57.03911405]],[[9.85766788,57.03911405],[9.85767787,57.03911451]],[[9.85767787,57.03911451],[9.85768789,57.03911497]],[[9.85768789,57.03911497],[9.8576979,57.03911544]],[[9.8576979,57.03911544],[9.8577079,57.03911591]],[[9.8577079,57.03911591],[9.85771791,57.03911639]],[[9.85771791,57.03911639],[9.85772791,57.03911688]],[[9.85772791,57.03911688],[9.85773792,57.03911737]],[[9.85773792,57.03911737],[9.85774792,57.03911786]],[[9.85774792,57.03911786],[9.85775792,57.03911836]],[[9.85775792,57.03911836],[9.85776793,57.03911886]],[[9.85776793,57.03911886],[9.85777793,57.03911937]],[[9.85777793,57.03911937],[9.85778792,57.03911987]],[[9.85778792,57.03911987],[9.85779792,57.03912039]],[[9.85779792,57.03912039],[9.85780793,57.03912091]],[[9.85780793,57.03912091],[9.85781793,57.03912144]],[[9.85781793,57.03912144],[9.85782793,57.03912196]],[[9.85782793,57.03912196],[9.85783792,57.03912249]],[[9.85783792,57.03912249],[9.85784792,57.03912301]],[[9.85784792,57.03912301],[9.85785792,57.03912355]],[[9.85785792,57.03912355],[9.85786791,57.03912409]],[[9.85786791,57.03912409],[9.85787791,57.03912463]],[[9.85787791,57.03912463],[9.85788791,57.03912517]],[[9.85788791,57.03912517],[9.85789789,57.03912571]],[[9.85789789,57.03912571],[9.85790788,57.03912625]],[[9.85790788,57.03912625],[9.85791788,57.03912679]],[[9.85791788,57.03912679],[9.85792788,57.03912734]],[[9.85792788,57.03912734],[9.85793787,57.03912789]],[[9.85793787,57.03912789],[9.85794787,57.03912844]],[[9.85794787,57.03912844],[9.85795785,57.03912898]],[[9.85795785,57.03912898],[9.85796785,57.03912953]],[[9.85796785,57.03912953],[9.85797784,57.03913008]],[[9.85797784,57.03913008],[9.85797784,57.03913008]],[[9.85797784,57.03913008],[9.85798486,57.03913047]],[[9.85798486,57.03913047],[9.85799188,57.03913085]],[[9.85799188,57.03913085],[9.85799889,57.03913124]],[[9.85799889,57.03913124],[9.85800589,57.03913163]],[[9.85800589,57.03913163],[9.85801291,57.03913201]],[[9.85801291,57.03913201],[9.85801992,57.0391324]],[[9.85801992,57.0391324],[9.85802694,57.03913278]],[[9.85802694,57.03913278],[9.85803395,57.03913317]],[[9.85803395,57.03913317],[9.85804097,57.03913355]],[[9.85804097,57.03913355],[9.85804797,57.03913394]],[[9.85804797,57.03913394],[9.85805499,57.03913431]],[[9.85805499,57.03913431],[9.858062,57.0391347]],[[9.858062,57.0391347],[9.85806902,57.03913507]],[[9.85806902,57.03913507],[9.85807603,57.03913545]],[[9.85807603,57.03913545],[9.85808305,57.03913583]],[[9.85808305,57.03913583],[9.85809007,57.03913621]],[[9.85809007,57.03913621],[9.85809708,57.03913659]],[[9.85809708,57.03913659],[9.8581041,57.03913696]],[[9.8581041,57.03913696],[9.85811111,57.03913733]],[[9.85811111,57.03913733],[9.85811813,57.03913771]],[[9.85811813,57.03913771],[9.85812514,57.03913807]],[[9.85812514,57.03913807],[9.85813216,57.03913845]],[[9.85813216,57.03913845],[9.85813918,57.03913882]],[[9.85813918,57.03913882],[9.85814619,57.03913918]],[[9.85814619,57.03913918],[9.85815321,57.03913954]],[[9.85815321,57.03913954],[9.85816022,57.03913991]],[[9.85816022,57.03913991],[9.85816724,57.03914027]],[[9.85816724,57.03914027],[9.85817426,57.03914063]],[[9.85817426,57.03914063],[9.85818127,57.03914098]],[[9.85818127,57.03914098],[9.85818829,57.03914134]],[[9.85818829,57.03914134],[9.8581953,57.03914169]],[[9.8581953,57.03914169],[9.85820234,57.03914204]],[[9.85820234,57.03914204],[9.85820935,57.03914239]],[[9.85820935,57.03914239],[9.85821637,57.03914274]],[[9.85821637,57.03914274],[9.85822338,57.03914309]],[[9.85822338,57.03914309],[9.85823042,57.03914343]],[[9.85823042,57.03914343],[9.85823743,57.03914377]],[[9.85823743,57.03914377],[9.85824445,57.0391441]],[[9.85824445,57.0391441],[9.85825148,57.03914443]],[[9.85825148,57.03914443],[9.8582585,57.03914476]],[[9.8582585,57.03914476],[9.85826551,57.03914509]],[[9.85826551,57.03914509],[9.85827255,57.03914542]],[[9.85827255,57.03914542],[9.85827956,57.03914574]],[[9.85827956,57.03914574],[9.85828659,57.03914606]],[[9.85828659,57.03914606],[9.85829361,57.03914637]],[[9.85829361,57.03914637],[9.85830064,57.03914669]],[[9.85830064,57.03914669],[9.85830766,57.039147]],[[9.85830766,57.039147],[9.85831469,57.0391473]],[[9.85831469,57.0391473],[9.85832172,57.03914761]],[[9.85832172,57.03914761],[9.85832874,57.03914791]],[[9.85832874,57.03914791],[9.85833577,57.03914821]],[[9.85833577,57.03914821],[9.85834281,57.03914849]],[[9.85834281,57.03914849],[9.85834982,57.03914879]],[[9.85834982,57.03914879],[9.85835685,57.03914908]],[[9.85835685,57.03914908],[9.85836389,57.03914935]],[[9.85836389,57.03914935],[9.85837092,57.03914963]],[[9.85837092,57.03914963],[9.85837795,57.03914991]],[[9.85837795,57.03914991],[9.85838499,57.03915018]],[[9.85838499,57.03915018],[9.85839202,57.03915044]],[[9.85839202,57.03915044],[9.85839905,57.0391507]],[[9.85839905,57.0391507],[9.85840608,57.03915096]],[[9.85840608,57.03915096],[9.85841312,57.03915121]],[[9.85841312,57.03915121],[9.85842015,57.03915146]],[[9.85842015,57.03915146],[9.85842718,57.03915171]],[[9.85842718,57.03915171],[9.85843422,57.03915195]],[[9.85843422,57.03915195],[9.85844125,57.03915218]],[[9.85844125,57.03915218],[9.85844828,57.03915241]],[[9.85844828,57.03915241],[9.85845531,57.03915264]],[[9.85845531,57.03915264],[9.85846236,57.03915286]],[[9.85846236,57.03915286],[9.8584694,57.03915307]],[[9.8584694,57.03915307],[9.85847643,57.03915329]],[[9.85847643,57.03915329],[9.85848348,57.03915349]],[[9.85848348,57.03915349],[9.85849051,57.03915369]],[[9.85849051,57.03915369],[9.85849755,57.03915389]],[[9.85849755,57.03915389],[9.85850459,57.03915408]],[[9.85850459,57.03915408],[9.85851163,57.03915426]],[[9.85851163,57.03915426],[9.85851868,57.03915445]],[[9.85851868,57.03915445],[9.85852571,57.03915462]],[[9.85852571,57.03915462],[9.85853276,57.03915479]],[[9.85853276,57.03915479],[9.85853979,57.03915496]],[[9.85853979,57.03915496],[9.85854684,57.03915511]],[[9.85854684,57.03915511],[9.85855388,57.03915526]],[[9.85855388,57.03915526],[9.85882539,57.03915675]],[[9.85882539,57.03915675],[9.8590966,57.03914968]],[[9.8590966,57.03914968],[9.8593666,57.03913407]],[[9.85503766,57.03881729],[9.8550475,57.03879089]],[[9.85428474,57.03978197],[9.85425924,57.0397589]],[[9.85570077,57.03932503],[9.85567801,57.03930112]],[[9.85727343,57.03911668],[9.85727386,57.03908974]],[[9.85891782,57.03916878],[9.85891593,57.03914186]],[[9.91648607,57.09477608],[9.91657785,57.09481044]],[[9.91657785,57.09481044],[9.91658987,57.09481536]],[[9.91658987,57.09481536],[9.91660106,57.09482083]],[[9.91660106,57.09482083],[9.91661135,57.0948268]],[[9.91661135,57.0948268],[9.91662066,57.09483322]],[[9.91662066,57.09483322],[9.91662891,57.09484006]],[[9.91662891,57.09484006],[9.91663607,57.09484727]],[[9.91663607,57.09484727],[9.91664206,57.09485477]],[[9.91664206,57.09485477],[9.91664684,57.09486253]],[[9.91664684,57.09486253],[9.91665039,57.09487049]],[[9.91665039,57.09487049],[9.91665264,57.09487858]],[[9.91665264,57.09487858],[9.91665365,57.09488675]],[[9.91665365,57.09488675],[9.91665333,57.09489493]],[[9.91665333,57.09489493],[9.91665175,57.09490307]],[[9.91665175,57.09490307],[9.91664888,57.09491111]],[[9.91664888,57.09491111],[9.91664475,57.09491897]],[[9.91664475,57.09491897],[9.91663939,57.09492663]],[[9.91663939,57.09492663],[9.91663286,57.09493399]],[[9.91663286,57.09493399],[9.91657235,57.09499529]],[[9.9164627,57.09479458],[9.91650944,57.09475759]],[[9.86313252,57.0682002],[9.86337344,57.06804369]],[[9.86337344,57.06804369],[9.86337432,57.06804314]],[[9.86337432,57.06804314],[9.86337517,57.06804257]],[[9.86337517,57.06804257],[9.86337603,57.06804202]],[[9.86337603,57.06804202],[9.86337689,57.06804145]],[[9.86337689,57.06804145],[9.86337775,57.06804089]],[[9.86337775,57.06804089],[9.86337861,57.06804034]],[[9.86337861,57.06804034],[9.86337947,57.06803977]],[[9.86337947,57.06803977],[9.86338033,57.06803922]],[[9.86338033,57.06803922],[9.86338119,57.06803865]],[[9.86338119,57.06803865],[9.86338207,57.0680381]],[[9.86338207,57.0680381],[9.86338292,57.06803754]],[[9.86338292,57.06803754],[9.86338378,57.06803698]],[[9.86338378,57.06803698],[9.86338464,57.06803642]],[[9.86338464,57.06803642],[9.8633855,57.06803586]],[[9.8633855,57.06803586],[9.86338636,57.0680353]],[[9.86338636,57.0680353],[9.86338722,57.06803474]],[[9.86338722,57.06803474],[9.86338808,57.06803418]],[[9.86338808,57.06803418],[9.86338894,57.06803362]],[[9.86338894,57.06803362],[9.8633898,57.06803306]],[[9.8633898,57.06803306],[9.86339067,57.0680325]],[[9.86339067,57.0680325],[9.86339153,57.06803194]],[[9.86339153,57.06803194],[9.86339239,57.06803138]],[[9.86339239,57.06803138],[9.86339325,57.06803083]],[[9.86339325,57.06803083],[9.86339411,57.06803026]],[[9.86339411,57.06803026],[9.86339497,57.06802971]],[[9.86339497,57.06802971],[9.86339583,57.06802914]],[[9.86339583,57.06802914],[9.86339669,57.06802859]],[[9.86339669,57.06802859],[9.86339755,57.06802802]],[[9.86339755,57.06802802],[9.86339841,57.06802747]],[[9.86339841,57.06802747],[9.86339927,57.0680269]],[[9.86339927,57.0680269],[9.86340013,57.06802634]],[[9.86340013,57.06802634],[9.86340099,57.06802578]],[[9.86340099,57.06802578],[9.86340185,57.06802522]],[[9.86340185,57.06802522],[9.8634027,57.06802466]],[[9.8634027,57.06802466],[9.86340356,57.0680241]],[[9.86340356,57.0680241],[9.86340442,57.06802354]],[[9.86340442,57.06802354],[9.86340528,57.06802298]],[[9.86340528,57.06802298],[9.86340614,57.06802242]],[[9.86340614,57.06802242],[9.863407,57.06802186]],[[9.863407,57.06802186],[9.86340786,57.0680213]],[[9.86340786,57.0680213],[9.86340872,57.06802074]],[[9.86340872,57.06802074],[9.86340958,57.06802018]],[[9.86340958,57.06802018],[9.86341044,57.06801962]],[[9.86341044,57.06801962],[9.8634113,57.06801906]],[[9.8634113,57.06801906],[9.86341216,57.0680185]],[[9.86341216,57.0680185],[9.86341302,57.06801794]],[[9.86341302,57.06801794],[9.86341388,57.06801738]],[[9.86341388,57.06801738],[9.86341474,57.06801681]],[[9.86341474,57.06801681],[9.86341559,57.06801626]],[[9.86341559,57.06801626],[9.86341645,57.06801569]],[[9.86341645,57.06801569],[9.86341731,57.06801513]],[[9.86341731,57.06801513],[9.86341816,57.06801457]],[[9.86341816,57.06801457],[9.86341902,57.06801401]],[[9.86341902,57.06801401],[9.86341987,57.06801345]],[[9.86341987,57.06801345],[9.86342073,57.06801289]],[[9.86342073,57.06801289],[9.86342159,57.06801232]],[[9.86342159,57.06801232],[9.86342245,57.06801177]],[[9.86342245,57.06801177],[9.86342331,57.0680112]],[[9.86342331,57.0680112],[9.86342415,57.06801065]],[[9.86342415,57.06801065],[9.86342501,57.06801008]],[[9.86342501,57.06801008],[9.86342587,57.06800952]],[[9.86342587,57.06800952],[9.86342673,57.06800896]],[[9.86342673,57.06800896],[9.86342759,57.0680084]],[[9.86342759,57.0680084],[9.86342843,57.06800783]],[[9.86342843,57.06800783],[9.86342929,57.06800728]],[[9.86342929,57.06800728],[9.86343015,57.06800671]],[[9.86343015,57.06800671],[9.86343101,57.06800615]],[[9.86343101,57.06800615],[9.86343186,57.06800558]],[[9.86343186,57.06800558],[9.86343271,57.06800503]],[[9.86343271,57.06800503],[9.86343357,57.06800446]],[[9.86343357,57.06800446],[9.86343443,57.0680039]],[[9.86343443,57.0680039],[9.86343528,57.06800333]],[[9.86343528,57.06800333],[9.86343614,57.06800278]],[[9.86343614,57.06800278],[9.86343699,57.06800221]],[[9.86343699,57.06800221],[9.86343784,57.06800165]],[[9.86343784,57.06800165],[9.8634387,57.06800108]],[[9.8634387,57.06800108],[9.86343956,57.06800053]],[[9.86343956,57.06800053],[9.8634404,57.06799996]],[[9.8634404,57.06799996],[9.86344126,57.0679994]],[[9.86344126,57.0679994],[9.8634421,57.06799883]],[[9.8634421,57.06799883],[9.86344296,57.06799827]],[[9.86344296,57.06799827],[9.8634438,57.0679977]],[[9.8634438,57.0679977],[9.86354463,57.06792921]],[[9.86354463,57.06792921],[9.86364213,57.06785931]],[[9.86364213,57.06785931],[9.86373626,57.06778805]],[[9.86373626,57.06778805],[9.8637372,57.06778731]],[[9.8637372,57.06778731],[9.86373815,57.06778658]],[[9.86373815,57.06778658],[9.86373909,57.06778585]],[[9.86373909,57.06778585],[9.86374003,57.06778512]],[[9.86374003,57.06778512],[9.86374097,57.06778438]],[[9.86374097,57.06778438],[9.86374192,57.06778365]],[[9.86374192,57.06778365],[9.86374286,57.06778291]],[[9.86374286,57.06778291],[9.86374378,57.06778218]],[[9.86374378,57.06778218],[9.86374473,57.06778144]],[[9.86374473,57.06778144],[9.86374567,57.06778071]],[[9.86374567,57.06778071],[9.86374661,57.06777997]],[[9.86374661,57.06777997],[9.86374755,57.06777923]],[[9.86374755,57.06777923],[9.8637485,57.0677785]],[[9.8637485,57.0677785],[9.86374942,57.06777776]],[[9.86374942,57.06777776],[9.86375036,57.06777703]],[[9.86375036,57.06777703],[9.86375131,57.06777629]],[[9.86375131,57.06777629],[9.86375223,57.06777556]],[[9.86375223,57.06777556],[9.86375318,57.06777482]],[[9.86375318,57.06777482],[9.86375412,57.06777409]],[[9.86375412,57.06777409],[9.86375504,57.06777335]],[[9.86375504,57.06777335],[9.86375599,57.06777262]],[[9.86375599,57.06777262],[9.86375693,57.06777188]],[[9.86375693,57.06777188],[9.86375785,57.06777115]],[[9.86375785,57.06777115],[9.8637588,57.06777041]],[[9.8637588,57.06777041],[9.86375972,57.06776967]],[[9.86375972,57.06776967],[9.86376066,57.06776894]],[[9.86376066,57.06776894],[9.86376159,57.0677682]],[[9.86376159,57.0677682],[9.86376253,57.06776746]],[[9.86376253,57.06776746],[9.86376346,57.06776672]],[[9.86376346,57.06776672],[9.8637644,57.06776599]],[[9.8637644,57.06776599],[9.86376533,57.06776525]],[[9.86376533,57.06776525],[9.86376627,57.06776452]],[[9.86376627,57.06776452],[9.8637672,57.06776377]],[[9.8637672,57.06776377],[9.86376814,57.06776304]],[[9.86376814,57.06776304],[9.86376906,57.0677623]],[[9.86376906,57.0677623],[9.86376999,57.06776157]],[[9.86376999,57.06776157],[9.86377093,57.06776083]],[[9.86377093,57.06776083],[9.86377186,57.06776009]],[[9.86377186,57.06776009],[9.8637728,57.06775935]],[[9.8637728,57.06775935],[9.86377373,57.06775862]],[[9.86377373,57.06775862],[9.86377465,57.06775788]],[[9.86377465,57.06775788],[9.86377559,57.06775714]],[[9.86377559,57.06775714],[9.86377652,57.0677564]],[[9.86377652,57.0677564],[9.86377745,57.06775567]],[[9.86377745,57.06775567],[9.86377839,57.06775492]],[[9.86377839,57.06775492],[9.86377931,57.06775419]],[[9.86377931,57.06775419],[9.86378024,57.06775345]],[[9.86378024,57.06775345],[9.86378117,57.06775272]],[[9.86378117,57.06775272],[9.86378211,57.06775197]],[[9.86378211,57.06775197],[9.86378303,57.06775124]],[[9.86378303,57.06775124],[9.86378396,57.0677505]],[[9.86378396,57.0677505],[9.86378489,57.06774976]],[[9.86378489,57.06774976],[9.86378583,57.06774902]],[[9.86378583,57.06774902],[9.86378675,57.06774829]],[[9.86378675,57.06774829],[9.86378768,57.06774754]],[[9.86378768,57.06774754],[9.86378861,57.06774681]],[[9.86378861,57.06774681],[9.86378955,57.06774607]],[[9.86378955,57.06774607],[9.86379047,57.06774533]],[[9.86379047,57.06774533],[9.8637914,57.06774459]],[[9.8637914,57.06774459],[9.86379233,57.06774385]],[[9.86379233,57.06774385],[9.86379325,57.06774311]],[[9.86379325,57.06774311],[9.86379419,57.06774238]],[[9.86379419,57.06774238],[9.86379512,57.06774163]],[[9.86379512,57.06774163],[9.86379605,57.0677409]],[[9.86379605,57.0677409],[9.86379697,57.06774015]],[[9.86379697,57.06774015],[9.8637979,57.06773942]],[[9.8637979,57.06773942],[9.86379882,57.06773868]],[[9.86379882,57.06773868],[9.86379975,57.06773794]],[[9.86379975,57.06773794],[9.86380069,57.0677372]],[[9.86380069,57.0677372],[9.86380162,57.06773646]],[[9.86380162,57.06773646],[9.86380254,57.06773572]],[[9.86380254,57.06773572],[9.86380347,57.06773499]],[[9.86380347,57.06773499],[9.8638044,57.06773424]],[[9.8638044,57.06773424],[9.86380532,57.06773351]],[[9.86380532,57.06773351],[9.86380625,57.06773276]],[[9.86380625,57.06773276],[9.86380717,57.06773203]],[[9.86380717,57.06773203],[9.86380812,57.06773128]],[[9.86380812,57.06773128],[9.86380904,57.06773055]],[[9.86380904,57.06773055],[9.86380997,57.06772981]],[[9.86380997,57.06772981],[9.86381089,57.06772907]],[[9.86381089,57.06772907],[9.86381182,57.06772833]],[[9.86381182,57.06772833],[9.86381274,57.06772759]],[[9.86381274,57.06772759],[9.86381274,57.06772759]],[[9.86381274,57.06772759],[9.86381413,57.06772649]],[[9.86381413,57.06772649],[9.86381552,57.06772537]],[[9.86381552,57.06772537],[9.86381693,57.06772427]],[[9.86381693,57.06772427],[9.86381832,57.06772316]],[[9.86381832,57.06772316],[9.86381971,57.06772205]],[[9.86381971,57.06772205],[9.86382109,57.06772094]],[[9.86382109,57.06772094],[9.86382248,57.06771983]],[[9.86382248,57.06771983],[9.86382389,57.06771872]],[[9.86382389,57.06771872],[9.86382528,57.06771762]],[[9.86382528,57.06771762],[9.86382667,57.06771651]],[[9.86382667,57.06771651],[9.86382805,57.0677154]],[[9.86382805,57.0677154],[9.86382944,57.06771429]],[[9.86382944,57.06771429],[9.86383085,57.06771318]],[[9.86383085,57.06771318],[9.86383224,57.06771208]],[[9.86383224,57.06771208],[9.86383363,57.06771096]],[[9.86383363,57.06771096],[9.86383502,57.06770986]],[[9.86383502,57.06770986],[9.86383642,57.06770875]],[[9.86383642,57.06770875],[9.86383781,57.06770765]],[[9.86383781,57.06770765],[9.8638392,57.06770653]],[[9.8638392,57.06770653],[9.8638406,57.06770542]],[[9.8638406,57.06770542],[9.86384199,57.06770432]],[[9.86384199,57.06770432],[9.86384338,57.06770322]],[[9.86384338,57.06770322],[9.86384479,57.0677021]],[[9.86384479,57.0677021],[9.86384618,57.067701]],[[9.86384618,57.067701],[9.86384758,57.06769989]],[[9.86384758,57.06769989],[9.86384897,57.06769879]],[[9.86384897,57.06769879],[9.86385037,57.06769767]],[[9.86385037,57.06769767],[9.86385176,57.06769657]],[[9.86385176,57.06769657],[9.86385317,57.06769547]],[[9.86385317,57.06769547],[9.86385456,57.06769436]],[[9.86385456,57.06769436],[9.86385596,57.06769325]],[[9.86385596,57.06769325],[9.86385737,57.06769215]],[[9.86385737,57.06769215],[9.86385876,57.06769104]],[[9.86385876,57.06769104],[9.86386016,57.06768993]],[[9.86386016,57.06768993],[9.86386157,57.06768883]],[[9.86386157,57.06768883],[9.86386296,57.06768772]],[[9.86386296,57.06768772],[9.86386436,57.06768662]],[[9.86386436,57.06768662],[9.86386577,57.06768551]],[[9.86386577,57.06768551],[9.86386717,57.06768441]],[[9.86386717,57.06768441],[9.86386858,57.06768331]],[[9.86386858,57.06768331],[9.86386998,57.0676822]],[[9.86386998,57.0676822],[9.86387139,57.0676811]],[[9.86387139,57.0676811],[9.86387279,57.06767999]],[[9.86387279,57.06767999],[9.8638742,57.06767889]],[[9.8638742,57.06767889],[9.8638756,57.06767778]],[[9.8638756,57.06767778],[9.86387701,57.06767668]],[[9.86387701,57.06767668],[9.86387841,57.06767558]],[[9.86387841,57.06767558],[9.86387982,57.06767447]],[[9.86387982,57.06767447],[9.86388122,57.06767338]],[[9.86388122,57.06767338],[9.86388265,57.06767228]],[[9.86388265,57.06767228],[9.86388405,57.06767117]],[[9.86388405,57.06767117],[9.86388546,57.06767007]],[[9.86388546,57.06767007],[9.86388688,57.06766897]],[[9.86388688,57.06766897],[9.86388828,57.06766786]],[[9.86388828,57.06766786],[9.86388971,57.06766677]],[[9.86388971,57.06766677],[9.86389111,57.06766567]],[[9.86389111,57.06766567],[9.86389253,57.06766456]],[[9.86389253,57.06766456],[9.86389394,57.06766347]],[[9.86389394,57.06766347],[9.86389536,57.06766237]],[[9.86389536,57.06766237],[9.86389678,57.06766127]],[[9.86389678,57.06766127],[9.8638982,57.06766017]],[[9.8638982,57.06766017],[9.86389963,57.06765908]],[[9.86389963,57.06765908],[9.86390105,57.06765797]],[[9.86390105,57.06765797],[9.86390245,57.06765688]],[[9.86390245,57.06765688],[9.86390389,57.06765579]],[[9.86390389,57.06765579],[9.86390531,57.06765468]],[[9.86390531,57.06765468],[9.86390673,57.06765359]],[[9.86390673,57.06765359],[9.86390816,57.06765249]],[[9.86390816,57.06765249],[9.86390958,57.0676514]],[[9.86390958,57.0676514],[9.86391102,57.06765031]],[[9.86391102,57.06765031],[9.86391244,57.06764921]],[[9.86391244,57.06764921],[9.86391388,57.06764811]],[[9.86391388,57.06764811],[9.8639153,57.06764702]],[[9.8639153,57.06764702],[9.86391674,57.06764593]],[[9.86391674,57.06764593],[9.86391816,57.06764484]],[[9.86391816,57.06764484],[9.8639196,57.06764374]],[[9.8639196,57.06764374],[9.86392103,57.06764265]],[[9.86392103,57.06764265],[9.86392247,57.06764155]],[[9.86392247,57.06764155],[9.86392391,57.06764047]],[[9.86392391,57.06764047],[9.86392535,57.06763938]],[[9.86392535,57.06763938],[9.86392679,57.06763828]],[[9.86392679,57.06763828],[9.86392822,57.0676372]],[[9.86392822,57.0676372],[9.86413762,57.06749187]],[[9.86413762,57.06749187],[9.86436823,57.06735641]],[[9.86436823,57.06735641],[9.86461852,57.06723173]],[[9.86461852,57.06723173],[9.86462007,57.06723104]],[[9.86462007,57.06723104],[9.8646216,57.06723033]],[[9.8646216,57.06723033],[9.86462314,57.06722962]],[[9.86462314,57.06722962],[9.86462468,57.06722892]],[[9.86462468,57.06722892],[9.86462623,57.06722821]],[[9.86462623,57.06722821],[9.86462776,57.06722751]],[[9.86462776,57.06722751],[9.8646293,57.06722681]],[[9.8646293,57.06722681],[9.86463085,57.06722611]],[[9.86463085,57.06722611],[9.86463239,57.06722541]],[[9.86463239,57.06722541],[9.86463394,57.0672247]],[[9.86463394,57.0672247],[9.86463547,57.067224]],[[9.86463547,57.067224],[9.86463703,57.0672233]],[[9.86463703,57.0672233],[9.86463856,57.06722261]],[[9.86463856,57.06722261],[9.86464011,57.0672219]],[[9.86464011,57.0672219],[9.86464167,57.0672212]],[[9.86464167,57.0672212],[9.8646432,57.0672205]],[[9.8646432,57.0672205],[9.86464475,57.0672198]],[[9.86464475,57.0672198],[9.86464631,57.0672191]],[[9.86464631,57.0672191],[9.86464784,57.0672184]],[[9.86464784,57.0672184],[9.86464939,57.06721771]],[[9.86464939,57.06721771],[9.86465095,57.06721701]],[[9.86465095,57.06721701],[9.8646525,57.06721632]],[[9.8646525,57.06721632],[9.86465405,57.06721562]],[[9.86465405,57.06721562],[9.8646556,57.06721492]],[[9.8646556,57.06721492],[9.86465716,57.06721422]],[[9.86465716,57.06721422],[9.86465871,57.06721352]],[[9.86465871,57.06721352],[9.86466026,57.06721283]],[[9.86466026,57.06721283],[9.86466181,57.06721213]],[[9.86466181,57.06721213],[9.86466336,57.06721144]],[[9.86466336,57.06721144],[9.86466492,57.06721074]],[[9.86466492,57.06721074],[9.86466647,57.06721005]],[[9.86466647,57.06721005],[9.86466802,57.06720936]],[[9.86466802,57.06720936],[9.86466957,57.06720866]],[[9.86466957,57.06720866],[9.86467114,57.06720797]],[[9.86467114,57.06720797],[9.86467269,57.06720727]],[[9.86467269,57.06720727],[9.86467425,57.06720658]],[[9.86467425,57.06720658],[9.8646758,57.06720589]],[[9.8646758,57.06720589],[9.86467735,57.06720519]],[[9.86467735,57.06720519],[9.86467892,57.0672045]],[[9.86467892,57.0672045],[9.86468047,57.06720381]],[[9.86468047,57.06720381],[9.86468202,57.06720311]],[[9.86468202,57.06720311],[9.86468359,57.06720242]],[[9.86468359,57.06720242],[9.86468514,57.06720173]],[[9.86468514,57.06720173],[9.86468669,57.06720103]],[[9.86468669,57.06720103],[9.86468826,57.06720034]],[[9.86468826,57.06720034],[9.86468982,57.06719965]],[[9.86468982,57.06719965],[9.86469138,57.06719896]],[[9.86469138,57.06719896],[9.86469294,57.06719827]],[[9.86469294,57.06719827],[9.86469449,57.06719758]],[[9.86469449,57.06719758],[9.86469606,57.06719689]],[[9.86469606,57.06719689],[9.86469761,57.0671962]],[[9.86469761,57.0671962],[9.86469918,57.06719551]],[[9.86469918,57.06719551],[9.86470073,57.06719482]],[[9.86470073,57.06719482],[9.8647023,57.06719413]],[[9.8647023,57.06719413],[9.86470385,57.06719344]],[[9.86470385,57.06719344],[9.86470542,57.06719275]],[[9.86470542,57.06719275],[9.86470697,57.06719206]],[[9.86470697,57.06719206],[9.86470854,57.06719137]],[[9.86470854,57.06719137],[9.86471009,57.06719068]],[[9.86471009,57.06719068],[9.86471166,57.06718999]],[[9.86471166,57.06718999],[9.86471323,57.0671893]],[[9.86471323,57.0671893],[9.86471478,57.06718861]],[[9.86471478,57.06718861],[9.86471635,57.06718792]],[[9.86471635,57.06718792],[9.86471792,57.06718723]],[[9.86471792,57.06718723],[9.86471947,57.06718654]],[[9.86471947,57.06718654],[9.86472104,57.06718585]],[[9.86472104,57.06718585],[9.86472261,57.06718516]],[[9.86472261,57.06718516],[9.86472416,57.06718447]],[[9.86472416,57.06718447],[9.86472573,57.06718379]],[[9.86472573,57.06718379],[9.8647273,57.0671831]],[[9.8647273,57.0671831],[9.86472885,57.06718241]],[[9.86472885,57.06718241],[9.86473042,57.06718172]],[[9.86473042,57.06718172],[9.86473199,57.06718103]],[[9.86473199,57.06718103],[9.86473354,57.06718034]],[[9.86473354,57.06718034],[9.86473511,57.06717966]],[[9.86473511,57.06717966],[9.86473668,57.06717897]],[[9.86473668,57.06717897],[9.86473823,57.06717828]],[[9.86473823,57.06717828],[9.8647398,57.06717759]],[[9.8647398,57.06717759],[9.86474136,57.0671769]],[[9.86474136,57.0671769],[9.86474293,57.06717622]],[[9.86474293,57.06717622],[9.86474449,57.06717553]],[[9.86474449,57.06717553],[9.86474605,57.06717484]],[[9.86474605,57.06717484],[9.86474605,57.06717484]],[[9.86474605,57.06717484],[9.86526563,57.06694616]],[[9.86526563,57.06694616],[9.86526563,57.06694616]],[[9.86526563,57.06694616],[9.86526903,57.06694466]],[[9.86526903,57.06694466],[9.86527245,57.06694316]],[[9.86527245,57.06694316],[9.86527585,57.06694166]],[[9.86527585,57.06694166],[9.86527925,57.06694017]],[[9.86527925,57.06694017],[9.86528265,57.06693867]],[[9.86528265,57.06693867],[9.86528607,57.06693716]],[[9.86528607,57.06693716],[9.86528947,57.06693567]],[[9.86528947,57.06693567],[9.86529287,57.06693417]],[[9.86529287,57.06693417],[9.86529629,57.06693268]],[[9.86529629,57.06693268],[9.86529969,57.06693117]],[[9.86529969,57.06693117],[9.86530309,57.06692968]],[[9.86530309,57.06692968],[9.86530651,57.06692818]],[[9.86530651,57.06692818],[9.86530991,57.06692668]],[[9.86530991,57.06692668],[9.86531333,57.06692519]],[[9.86531333,57.06692519],[9.86531673,57.06692369]],[[9.86531673,57.06692369],[9.86532015,57.0669222]],[[9.86532015,57.0669222],[9.86532355,57.0669207]],[[9.86532355,57.0669207],[9.86532697,57.0669192]],[[9.86532697,57.0669192],[9.86533039,57.06691771]],[[9.86533039,57.06691771],[9.86533379,57.06691622]],[[9.86533379,57.06691622],[9.86533721,57.06691473]],[[9.86533721,57.06691473],[9.86534062,57.06691323]],[[9.86534062,57.06691323],[9.86534404,57.06691174]],[[9.86534404,57.06691174],[9.86534746,57.06691025]],[[9.86534746,57.06691025],[9.86535088,57.06690876]],[[9.86535088,57.06690876],[9.8653543,57.06690727]],[[9.8653543,57.06690727],[9.86535771,57.06690578]],[[9.86535771,57.06690578],[9.86536113,57.06690429]],[[9.86536113,57.06690429],[9.86536455,57.0669028]],[[9.86536455,57.0669028],[9.86536797,57.06690132]],[[9.86536797,57.06690132],[9.8653714,57.06689983]],[[9.8653714,57.06689983],[9.86537482,57.06689834]],[[9.86537482,57.06689834],[9.86537825,57.06689685]],[[9.86537825,57.06689685],[9.86538167,57.06689538]],[[9.86538167,57.06689538],[9.8653851,57.06689389]],[[9.8653851,57.06689389],[9.86538854,57.06689241]],[[9.86538854,57.06689241],[9.86539197,57.06689092]],[[9.86539197,57.06689092],[9.86539541,57.06688945]],[[9.86539541,57.06688945],[9.86539884,57.06688797]],[[9.86539884,57.06688797],[9.86540228,57.06688649]],[[9.86540228,57.06688649],[9.86540571,57.06688501]],[[9.86540571,57.06688501],[9.86540914,57.06688354]],[[9.86540914,57.06688354],[9.86541259,57.06688207]],[[9.86541259,57.06688207],[9.86541603,57.06688059]],[[9.86541603,57.06688059],[9.86541948,57.06687912]],[[9.86541948,57.06687912],[9.86542293,57.06687765]],[[9.86542293,57.06687765],[9.86542636,57.06687618]],[[9.86542636,57.06687618],[9.86542981,57.06687471]],[[9.86542981,57.06687471],[9.86543327,57.06687324]],[[9.86543327,57.06687324],[9.86543673,57.06687177]],[[9.86543673,57.06687177],[9.86544018,57.06687031]],[[9.86544018,57.06687031],[9.86544363,57.06686884]],[[9.86544363,57.06686884],[9.8654471,57.06686738]],[[9.8654471,57.06686738],[9.86545055,57.06686592]],[[9.86545055,57.06686592],[9.86545402,57.06686446]],[[9.86545402,57.06686446],[9.86545749,57.06686301]],[[9.86545749,57.06686301],[9.86546095,57.06686155]],[[9.86546095,57.06686155],[9.86546442,57.0668601]],[[9.86546442,57.0668601],[9.8654679,57.06685865]],[[9.8654679,57.06685865],[9.86547137,57.0668572]],[[9.86547137,57.0668572],[9.86547485,57.06685575]],[[9.86547485,57.06685575],[9.86547832,57.0668543]],[[9.86547832,57.0668543],[9.8654818,57.06685286]],[[9.8654818,57.06685286],[9.86548529,57.0668514]],[[9.86548529,57.0668514],[9.86548877,57.06684996]],[[9.86548877,57.06684996],[9.86549227,57.06684852]],[[9.86549227,57.06684852],[9.86549576,57.06684709]],[[9.86549576,57.06684709],[9.86549926,57.06684565]],[[9.86549926,57.06684565],[9.86550276,57.06684421]],[[9.86550276,57.06684421],[9.86550626,57.06684278]],[[9.86550626,57.06684278],[9.86550976,57.06684135]],[[9.86550976,57.06684135],[9.86551325,57.06683992]],[[9.86551325,57.06683992],[9.86551675,57.06683849]],[[9.86551675,57.06683849],[9.86552027,57.06683707]],[[9.86552027,57.06683707],[9.86552379,57.06683564]],[[9.86552379,57.06683564],[9.8655273,57.06683422]],[[9.8655273,57.06683422],[9.86553082,57.0668328]],[[9.86553082,57.0668328],[9.86553434,57.06683139]],[[9.86553434,57.06683139],[9.86553787,57.06682997]],[[9.86553787,57.06682997],[9.86554139,57.06682856]],[[9.86554139,57.06682856],[9.86554492,57.06682714]],[[9.86554492,57.06682714],[9.86554845,57.06682574]],[[9.86554845,57.06682574],[9.86576875,57.06674446]],[[9.86576875,57.06674446],[9.86599919,57.06667199]],[[9.86599919,57.06667199],[9.86623858,57.06660871]],[[9.86623858,57.06660871],[9.86648566,57.06655493]],[[9.86648566,57.06655493],[9.8664918,57.06655374]],[[9.8664918,57.06655374],[9.86649794,57.06655256]],[[9.86649794,57.06655256],[9.86650407,57.06655137]],[[9.86650407,57.06655137],[9.86651021,57.06655019]],[[9.86651021,57.06655019],[9.86651636,57.06654902]],[[9.86651636,57.06654902],[9.86652251,57.06654786]],[[9.86652251,57.06654786],[9.86652867,57.0665467]],[[9.86652867,57.0665467],[9.86653482,57.06654554]],[[9.86653482,57.06654554],[9.86654097,57.06654439]],[[9.86654097,57.06654439],[9.86654714,57.06654325]],[[9.86654714,57.06654325],[9.86655331,57.06654211]],[[9.86655331,57.06654211],[9.86655948,57.06654097]],[[9.86655948,57.06654097],[9.86656565,57.06653984]],[[9.86656565,57.06653984],[9.86657184,57.06653872]],[[9.86657184,57.06653872],[9.86657801,57.0665376]],[[9.86657801,57.0665376],[9.86658419,57.06653648]],[[9.86658419,57.06653648],[9.86659038,57.06653538]],[[9.86659038,57.06653538],[9.86659656,57.06653427]],[[9.86659656,57.06653427],[9.86660275,57.06653317]],[[9.86660275,57.06653317],[9.86660895,57.06653207]],[[9.86660895,57.06653207],[9.86661514,57.06653098]],[[9.86661514,57.06653098],[9.86662134,57.0665299]],[[9.86662134,57.0665299],[9.86662754,57.06652882]],[[9.86662754,57.06652882],[9.86663374,57.06652774]],[[9.86663374,57.06652774],[9.86663994,57.06652667]],[[9.86663994,57.06652667],[9.86664616,57.06652559]],[[9.86664616,57.06652559],[9.86665237,57.06652453]],[[9.86665237,57.06652453],[9.86665858,57.06652347]],[[9.86665858,57.06652347],[9.8666648,57.06652241]],[[9.8666648,57.06652241],[9.86667102,57.06652136]],[[9.86667102,57.06652136],[9.86667724,57.0665203]],[[9.86667724,57.0665203],[9.86668346,57.06651926]],[[9.86668346,57.06651926],[9.86668968,57.06651821]],[[9.86668968,57.06651821],[9.86669591,57.06651718]],[[9.86669591,57.06651718],[9.86670213,57.06651613]],[[9.86670213,57.06651613],[9.86670836,57.06651511]],[[9.86670836,57.06651511],[9.8667146,57.06651407]],[[9.8667146,57.06651407],[9.86672083,57.06651305]],[[9.86672083,57.06651305],[9.86672707,57.06651203]],[[9.86672707,57.06651203],[9.8667333,57.066511]],[[9.8667333,57.066511],[9.86673954,57.06650999]],[[9.86673954,57.06650999],[9.86674579,57.06650898]],[[9.86674579,57.06650898],[9.86675202,57.06650797]],[[9.86675202,57.06650797],[9.86675828,57.06650696]],[[9.86675828,57.06650696],[9.86676451,57.06650596]],[[9.86676451,57.06650596],[9.86677076,57.06650496]],[[9.86677076,57.06650496],[9.86677701,57.06650396]],[[9.86677701,57.06650396],[9.86678326,57.06650296]],[[9.86678326,57.06650296],[9.8667895,57.06650196]],[[9.8667895,57.06650196],[9.86679577,57.06650097]],[[9.86679577,57.06650097],[9.86680202,57.06649998]],[[9.86680202,57.06649998],[9.86680827,57.06649899]],[[9.86680827,57.06649899],[9.86681452,57.06649801]],[[9.86681452,57.06649801],[9.86682077,57.06649703]],[[9.86682077,57.06649703],[9.86682704,57.06649604]],[[9.86682704,57.06649604],[9.86683329,57.06649506]],[[9.86683329,57.06649506],[9.86683956,57.06649408]],[[9.86683956,57.06649408],[9.86684581,57.06649311]],[[9.86684581,57.06649311],[9.86685208,57.06649214]],[[9.86685208,57.06649214],[9.86685835,57.06649117]],[[9.86685835,57.06649117],[9.8668646,57.06649019]],[[9.8668646,57.06649019],[9.86687086,57.06648922]],[[9.86687086,57.06648922],[9.86687713,57.06648826]],[[9.86687713,57.06648826],[9.8668834,57.06648729]],[[9.8668834,57.06648729],[9.86688967,57.06648632]],[[9.86688967,57.06648632],[9.86689593,57.06648536]],[[9.86689593,57.06648536],[9.8669022,57.0664844]],[[9.8669022,57.0664844],[9.86690847,57.06648343]],[[9.86690847,57.06648343],[9.86691474,57.06648248]],[[9.86691474,57.06648248],[9.866921,57.06648152]],[[9.866921,57.06648152],[9.86692727,57.06648055]],[[9.86692727,57.06648055],[9.86693354,57.0664796]],[[9.86693354,57.0664796],[9.86693981,57.06647864]],[[9.86693981,57.06647864],[9.86694609,57.06647768]],[[9.86694609,57.06647768],[9.86695236,57.06647673]],[[9.86695236,57.06647673],[9.86695863,57.06647577]],[[9.86695863,57.06647577],[9.86696489,57.06647482]],[[9.86696489,57.06647482],[9.86697116,57.06647386]],[[9.86697116,57.06647386],[9.86697745,57.06647291]],[[9.86697745,57.06647291],[9.86698371,57.06647196]],[[9.86698371,57.06647196],[9.86698998,57.066471]],[[9.86698998,57.066471],[9.86699625,57.06647005]],[[9.86699625,57.06647005],[9.86699625,57.06647005]],[[9.86699625,57.06647005],[9.86700253,57.06646909]],[[9.86700253,57.06646909],[9.8670088,57.06646814]],[[9.8670088,57.06646814],[9.86701507,57.06646719]],[[9.86701507,57.06646719],[9.86702135,57.06646623]],[[9.86702135,57.06646623],[9.86702762,57.06646528]],[[9.86702762,57.06646528],[9.86703389,57.06646432]],[[9.86703389,57.06646432],[9.86704015,57.06646337]],[[9.86704015,57.06646337],[9.86704642,57.06646241]],[[9.86704642,57.06646241],[9.86705271,57.06646146]],[[9.86705271,57.06646146],[9.86705897,57.0664605]],[[9.86705897,57.0664605],[9.86706524,57.06645954]],[[9.86706524,57.06645954],[9.86707151,57.06645858]],[[9.86707151,57.06645858],[9.86707778,57.06645763]],[[9.86707778,57.06645763],[9.86708404,57.06645666]],[[9.86708404,57.06645666],[9.86709031,57.0664557]],[[9.86709031,57.0664557],[9.86709658,57.06645474]],[[9.86709658,57.06645474],[9.86710285,57.06645377]],[[9.86710285,57.06645377],[9.86710911,57.06645281]],[[9.86710911,57.06645281],[9.86711538,57.06645185]],[[9.86711538,57.06645185],[9.86712165,57.06645087]],[[9.86712165,57.06645087],[9.86712792,57.06644991]],[[9.86712792,57.06644991],[9.86713417,57.06644894]],[[9.86713417,57.06644894],[9.86714044,57.06644797]],[[9.86714044,57.06644797],[9.8671467,57.06644699]],[[9.8671467,57.06644699],[9.86715296,57.06644601]],[[9.86715296,57.06644601],[9.86715922,57.06644504]],[[9.86715922,57.06644504],[9.86716547,57.06644406]],[[9.86716547,57.06644406],[9.86717174,57.06644308]],[[9.86717174,57.06644308],[9.86717799,57.0664421]],[[9.86717799,57.0664421],[9.86718424,57.06644111]],[[9.86718424,57.06644111],[9.8671905,57.06644012]],[[9.8671905,57.06644012],[9.86719675,57.06643913]],[[9.86719675,57.06643913],[9.867203,57.06643814]],[[9.867203,57.06643814],[9.86720925,57.06643715]],[[9.86720925,57.06643715],[9.8672155,57.06643615]],[[9.8672155,57.06643615],[9.86722175,57.06643515]],[[9.86722175,57.06643515],[9.867228,57.06643414]],[[9.867228,57.06643414],[9.86723424,57.06643314]],[[9.86723424,57.06643314],[9.86724049,57.06643213]],[[9.86724049,57.06643213],[9.86724672,57.06643112]],[[9.86724672,57.06643112],[9.86725298,57.06643011]],[[9.86725298,57.06643011],[9.86725921,57.06642909]],[[9.86725921,57.06642909],[9.86726544,57.06642807]],[[9.86726544,57.06642807],[9.86727168,57.06642705]],[[9.86727168,57.06642705],[9.86727791,57.06642602]],[[9.86727791,57.06642602],[9.86728415,57.066425]],[[9.86728415,57.066425],[9.86729037,57.06642396]],[[9.86729037,57.06642396],[9.8672966,57.06642292]],[[9.8672966,57.06642292],[9.86730284,57.06642188]],[[9.86730284,57.06642188],[9.86730906,57.06642085]],[[9.86730906,57.06642085],[9.86731527,57.06641979]],[[9.86731527,57.06641979],[9.86732149,57.06641875]],[[9.86732149,57.06641875],[9.86732771,57.06641769]],[[9.86732771,57.06641769],[9.86733393,57.06641663]],[[9.86733393,57.06641663],[9.86734015,57.06641557]],[[9.86734015,57.06641557],[9.86734635,57.0664145]],[[9.86734635,57.0664145],[9.86735257,57.06641344]],[[9.86735257,57.06641344],[9.86735877,57.06641236]],[[9.86735877,57.06641236],[9.86736497,57.06641128]],[[9.86736497,57.06641128],[9.86737117,57.0664102]],[[9.86737117,57.0664102],[9.86737738,57.06640911]],[[9.86737738,57.06640911],[9.86738356,57.06640802]],[[9.86738356,57.06640802],[9.86738976,57.06640692]],[[9.86738976,57.06640692],[9.86739595,57.06640582]],[[9.86739595,57.06640582],[9.86740214,57.06640472]],[[9.86740214,57.06640472],[9.86740832,57.06640361]],[[9.86740832,57.06640361],[9.86741451,57.06640249]],[[9.86741451,57.06640249],[9.86742068,57.06640138]],[[9.86742068,57.06640138],[9.86742686,57.06640025]],[[9.86742686,57.06640025],[9.86743303,57.06639913]],[[9.86743303,57.06639913],[9.8674392,57.06639799]],[[9.8674392,57.06639799],[9.86744537,57.06639685]],[[9.86744537,57.06639685],[9.86745154,57.06639571]],[[9.86745154,57.06639571],[9.86745769,57.06639456]],[[9.86745769,57.06639456],[9.86746385,57.06639341]],[[9.86746385,57.06639341],[9.86747,57.06639224]],[[9.86747,57.06639224],[9.86747615,57.06639107]],[[9.86747615,57.06639107],[9.8674823,57.0663899]],[[9.8674823,57.0663899],[9.86748844,57.06638873]],[[9.86748844,57.06638873],[9.86749458,57.06638755]],[[9.86749458,57.06638755],[9.86750071,57.06638636]],[[9.86750071,57.06638636],[9.86750685,57.06638516]],[[9.86750685,57.06638516],[9.86777987,57.06632508]],[[9.86777987,57.06632508],[9.86804328,57.06625339]],[[9.86804328,57.06625339],[9.86829543,57.06617055]],[[9.86316411,57.06821463],[9.86310094,57.06818578]],[[9.86539102,57.06690854],[9.86536022,57.06688746]],[[9.86415896,57.06749899],[9.86412139,57.06748148]],[[9.86539102,57.06690854],[9.86536022,57.06688746]],[[9.86684144,57.0665078],[9.86682782,57.0664819]],[[9.85274503,57.01341114],[9.86249525,57.01320078]],[[9.86249525,57.01320078],[9.86249525,57.01320078]],[[9.86249525,57.01320078],[9.86250728,57.01320053]],[[9.86250728,57.01320053],[9.86251933,57.01320026]],[[9.86251933,57.01320026],[9.86253137,57.01320001]],[[9.86253137,57.01320001],[9.8625434,57.01319974]],[[9.8625434,57.01319974],[9.86255543,57.01319949]],[[9.86255543,57.01319949],[9.86256747,57.01319923]],[[9.86256747,57.01319923],[9.8625795,57.01319896]],[[9.8625795,57.01319896],[9.86259154,57.01319871]],[[9.86259154,57.01319871],[9.86260357,57.01319844]],[[9.86260357,57.01319844],[9.8626156,57.01319819]],[[9.8626156,57.01319819],[9.86262764,57.01319793]],[[9.86262764,57.01319793],[9.86263967,57.01319767]],[[9.86263967,57.01319767],[9.86265171,57.01319741]],[[9.86265171,57.01319741],[9.86266376,57.01319715]],[[9.86266376,57.01319715],[9.86267579,57.0131969]],[[9.86267579,57.0131969],[9.86268782,57.01319664]],[[9.86268782,57.01319664],[9.86269986,57.01319639]],[[9.86269986,57.01319639],[9.86271189,57.01319614]],[[9.86271189,57.01319614],[9.86272393,57.01319588]],[[9.86272393,57.01319588],[9.86273596,57.01319562]],[[9.86273596,57.01319562],[9.86274799,57.01319538]],[[9.86274799,57.01319538],[9.86276003,57.01319512]],[[9.86276003,57.01319512],[9.86277206,57.01319487]],[[9.86277206,57.01319487],[9.86278411,57.01319463]],[[9.86278411,57.01319463],[9.86279615,57.01319438]],[[9.86279615,57.01319438],[9.86280818,57.01319413]],[[9.86280818,57.01319413],[9.86282021,57.01319388]],[[9.86282021,57.01319388],[9.86283225,57.01319364]],[[9.86283225,57.01319364],[9.86284428,57.0131934]],[[9.86284428,57.0131934],[9.86285632,57.01319315]],[[9.86285632,57.01319315],[9.86286837,57.01319291]],[[9.86286837,57.01319291],[9.8628804,57.01319268]],[[9.8628804,57.01319268],[9.86289243,57.01319243]],[[9.86289243,57.01319243],[9.86290447,57.0131922]],[[9.86290447,57.0131922],[9.8629165,57.01319196]],[[9.8629165,57.01319196],[9.86292854,57.01319172]],[[9.86292854,57.01319172],[9.86294059,57.01319149]],[[9.86294059,57.01319149],[9.86295262,57.01319125]],[[9.86295262,57.01319125],[9.86296465,57.01319103]],[[9.86296465,57.01319103],[9.86297669,57.0131908]],[[9.86297669,57.0131908],[9.86298872,57.01319057]],[[9.86298872,57.01319057],[9.86300077,57.01319034]],[[9.86300077,57.01319034],[9.86301281,57.01319012]],[[9.86301281,57.01319012],[9.86302484,57.0131899]],[[9.86302484,57.0131899],[9.86303687,57.01318967]],[[9.86303687,57.01318967],[9.86304892,57.01318945]],[[9.86304892,57.01318945],[9.86306096,57.01318924]],[[9.86306096,57.01318924],[9.86307299,57.01318902]],[[9.86307299,57.01318902],[9.86308503,57.0131888]],[[9.86308503,57.0131888],[9.86309708,57.01318859]],[[9.86309708,57.01318859],[9.86310911,57.01318838]],[[9.86310911,57.01318838],[9.86312114,57.01318817]],[[9.86312114,57.01318817],[9.86313319,57.01318796]],[[9.86313319,57.01318796],[9.86314523,57.01318776]],[[9.86314523,57.01318776],[9.86315726,57.01318755]],[[9.86315726,57.01318755],[9.86316929,57.01318735]],[[9.86316929,57.01318735],[9.86318134,57.01318716]],[[9.86318134,57.01318716],[9.86319338,57.01318696]],[[9.86319338,57.01318696],[9.86320541,57.01318676]],[[9.86320541,57.01318676],[9.86321746,57.01318658]],[[9.86321746,57.01318658],[9.8632295,57.01318638]],[[9.8632295,57.01318638],[9.86324155,57.0131862]],[[9.86324155,57.0131862],[9.86325358,57.01318602]],[[9.86325358,57.01318602],[9.86326561,57.01318583]],[[9.86326561,57.01318583],[9.86327766,57.01318566]],[[9.86327766,57.01318566],[9.8632897,57.01318548]],[[9.8632897,57.01318548],[9.86330175,57.01318531]],[[9.86330175,57.01318531],[9.86331378,57.01318514]],[[9.86331378,57.01318514],[9.86332582,57.01318497]],[[9.86332582,57.01318497],[9.86333787,57.01318481]],[[9.86333787,57.01318481],[9.8633499,57.01318464]],[[9.8633499,57.01318464],[9.86336195,57.01318448]],[[9.86336195,57.01318448],[9.86337398,57.01318432]],[[9.86337398,57.01318432],[9.86338603,57.01318417]],[[9.86338603,57.01318417],[9.86339807,57.01318402]],[[9.86339807,57.01318402],[9.86341012,57.01318387]],[[9.86341012,57.01318387],[9.86342215,57.01318372]],[[9.86342215,57.01318372],[9.8634342,57.01318358]],[[9.8634342,57.01318358],[9.86344623,57.01318344]],[[9.86344623,57.01318344],[9.86345828,57.0131833]],[[9.86345828,57.0131833],[9.86347032,57.01318317]],[[9.86347032,57.01318317],[9.86348237,57.01318304]],[[9.86348237,57.01318304],[9.86494829,57.0131911]],[[9.86494829,57.0131911],[9.86641078,57.01324657]],[[9.86641078,57.01324657],[9.86786463,57.01334929]],[[9.86425927,57.01319487],[9.86425986,57.01316793]],[[9.852746,57.01342459],[9.85274405,57.01339767]],[[9.85439082,57.01338917],[9.85438889,57.01336224]],[[9.85603566,57.01335371],[9.85603371,57.01332679]],[[9.85768048,57.01331823],[9.85767852,57.01329132]],[[9.85932531,57.01328274],[9.85932335,57.01325582]],[[9.86097012,57.01324722],[9.86096816,57.0132203]],[[9.86261493,57.01321168],[9.86261299,57.01318477]],[[9.86590174,57.01323537],[9.86590562,57.01320851]],[[9.86753564,57.01333546],[9.86754278,57.0133088]],[[9.83717502,57.0362065],[9.83738083,57.03623782]],[[9.83738083,57.03623782],[9.83738083,57.03623782]],[[9.83738083,57.03623782],[9.83739373,57.03623978]],[[9.83739373,57.03623978],[9.83740662,57.03624174]],[[9.83740662,57.03624174],[9.83741952,57.03624371]],[[9.83741952,57.03624371],[9.83743243,57.03624566]],[[9.83743243,57.03624566],[9.83744532,57.03624763]],[[9.83744532,57.03624763],[9.83745822,57.0362496]],[[9.83745822,57.0362496],[9.83747113,57.03625155]],[[9.83747113,57.03625155],[9.83748402,57.03625351]],[[9.83748402,57.03625351],[9.83749692,57.03625547]],[[9.83749692,57.03625547],[9.83750983,57.03625743]],[[9.83750983,57.03625743],[9.83752271,57.03625939]],[[9.83752271,57.03625939],[9.83753562,57.03626134]],[[9.83753562,57.03626134],[9.83754852,57.03626329]],[[9.83754852,57.03626329],[9.83756143,57.03626525]],[[9.83756143,57.03626525],[9.83757433,57.03626719]],[[9.83757433,57.03626719],[9.83758724,57.03626914]],[[9.83758724,57.03626914],[9.83760014,57.03627109]],[[9.83760014,57.03627109],[9.83761305,57.03627304]],[[9.83761305,57.03627304],[9.83762597,57.03627498]],[[9.83762597,57.03627498],[9.83763887,57.03627692]],[[9.83763887,57.03627692],[9.83765178,57.03627886]],[[9.83765178,57.03627886],[9.8376647,57.0362808]],[[9.8376647,57.0362808],[9.83767761,57.03628273]],[[9.83767761,57.03628273],[9.83769053,57.03628466]],[[9.83769053,57.03628466],[9.83770343,57.03628659]],[[9.83770343,57.03628659],[9.83771635,57.03628852]],[[9.83771635,57.03628852],[9.83772928,57.03629044]],[[9.83772928,57.03629044],[9.8377422,57.03629236]],[[9.8377422,57.03629236],[9.83775512,57.03629427]],[[9.83775512,57.03629427],[9.83776804,57.03629618]],[[9.83776804,57.03629618],[9.83778096,57.03629809]],[[9.83778096,57.03629809],[9.83779388,57.0363]],[[9.83779388,57.0363],[9.83780682,57.0363019]],[[9.83780682,57.0363019],[9.83781974,57.03630379]],[[9.83781974,57.03630379],[9.83783268,57.03630569]],[[9.83783268,57.03630569],[9.83784562,57.03630758]],[[9.83784562,57.03630758],[9.83785856,57.03630946]],[[9.83785856,57.03630946],[9.8378715,57.03631135]],[[9.8378715,57.03631135],[9.83788444,57.03631322]],[[9.83788444,57.03631322],[9.83789737,57.03631509]],[[9.83789737,57.03631509],[9.83791033,57.03631696]],[[9.83791033,57.03631696],[9.83792328,57.03631882]],[[9.83792328,57.03631882],[9.83793622,57.03632068]],[[9.83793622,57.03632068],[9.83794918,57.03632253]],[[9.83794918,57.03632253],[9.83796213,57.03632438]],[[9.83796213,57.03632438],[9.83797509,57.03632623]],[[9.83797509,57.03632623],[9.83798806,57.03632806]],[[9.83798806,57.03632806],[9.83800101,57.03632989]],[[9.83800101,57.03632989],[9.83801398,57.03633172]],[[9.83801398,57.03633172],[9.83802696,57.03633354]],[[9.83802696,57.03633354],[9.83803993,57.03633535]],[[9.83803993,57.03633535],[9.8380529,57.03633716]],[[9.8380529,57.03633716],[9.83806587,57.03633896]],[[9.83806587,57.03633896],[9.83807886,57.03634076]],[[9.83807886,57.03634076],[9.83809183,57.03634255]],[[9.83809183,57.03634255],[9.83810482,57.03634433]],[[9.83810482,57.03634433],[9.83811781,57.03634611]],[[9.83811781,57.03634611],[9.83813079,57.03634788]],[[9.83813079,57.03634788],[9.8381438,57.03634964]],[[9.8381438,57.03634964],[9.83815679,57.0363514]],[[9.83815679,57.0363514],[9.83816979,57.03635315]],[[9.83816979,57.03635315],[9.8381828,57.03635489]],[[9.8381828,57.03635489],[9.8381958,57.03635662]],[[9.8381958,57.03635662],[9.83820882,57.03635835]],[[9.83820882,57.03635835],[9.83822183,57.03636007]],[[9.83822183,57.03636007],[9.83823485,57.03636178]],[[9.83823485,57.03636178],[9.83824787,57.03636349]],[[9.83824787,57.03636349],[9.83826089,57.03636518]],[[9.83826089,57.03636518],[9.83827393,57.03636687]],[[9.83827393,57.03636687],[9.83828695,57.03636856]],[[9.83828695,57.03636856],[9.83829999,57.03637023]],[[9.83829999,57.03637023],[9.83831303,57.0363719]],[[9.83831303,57.0363719],[9.83832607,57.03637355]],[[9.83832607,57.03637355],[9.83833912,57.0363752]],[[9.83833912,57.0363752],[9.83835217,57.03637683]],[[9.83835217,57.03637683],[9.83836521,57.03637847]],[[9.83836521,57.03637847],[9.83837828,57.03638008]],[[9.83837828,57.03638008],[9.83839134,57.0363817]],[[9.83839134,57.0363817],[9.83840441,57.03638329]],[[9.83840441,57.03638329],[9.83841747,57.03638489]],[[9.83841747,57.03638489],[9.83843054,57.03638648]],[[9.83843054,57.03638648],[9.83844362,57.03638805]],[[9.83844362,57.03638805],[9.83914922,57.03645818]],[[9.83914922,57.03645818],[9.8398623,57.03650024]],[[9.8398623,57.03650024],[9.84057909,57.03651397]],[[9.84057909,57.03651397],[9.84059248,57.03651396]],[[9.84059248,57.03651396],[9.84060587,57.03651394]],[[9.84060587,57.03651394],[9.84061926,57.03651391]],[[9.84061926,57.03651391],[9.84063265,57.03651386]],[[9.84063265,57.03651386],[9.84064604,57.03651381]],[[9.84064604,57.03651381],[9.84065944,57.03651375]],[[9.84065944,57.03651375],[9.84067283,57.03651368]],[[9.84067283,57.03651368],[9.84068622,57.0365136]],[[9.84068622,57.0365136],[9.84069961,57.03651352]],[[9.84069961,57.03651352],[9.840713,57.03651342]],[[9.840713,57.03651342],[9.84072639,57.03651331]],[[9.84072639,57.03651331],[9.84073979,57.0365132]],[[9.84073979,57.0365132],[9.84075316,57.03651307]],[[9.84075316,57.03651307],[9.84076655,57.03651295]],[[9.84076655,57.03651295],[9.84077994,57.0365128]],[[9.84077994,57.0365128],[9.84079334,57.03651266]],[[9.84079334,57.03651266],[9.84080673,57.0365125]],[[9.84080673,57.0365125],[9.8408201,57.03651234]],[[9.8408201,57.03651234],[9.8408335,57.03651217]],[[9.8408335,57.03651217],[9.84084689,57.03651199]],[[9.84084689,57.03651199],[9.84086028,57.0365118]],[[9.84086028,57.0365118],[9.84087366,57.03651161]],[[9.84087366,57.03651161],[9.84088705,57.03651141]],[[9.84088705,57.03651141],[9.84090042,57.0365112]],[[9.84090042,57.0365112],[9.84091382,57.03651099]],[[9.84091382,57.03651099],[9.84092721,57.03651076]],[[9.84092721,57.03651076],[9.84094058,57.03651054]],[[9.84094058,57.03651054],[9.84095398,57.0365103]],[[9.84095398,57.0365103],[9.84096735,57.03651006]],[[9.84096735,57.03651006],[9.84098074,57.03650981]],[[9.84098074,57.03650981],[9.84099412,57.03650956]],[[9.84099412,57.03650956],[9.84100751,57.0365093]],[[9.84100751,57.0365093],[9.84102089,57.03650903]],[[9.84102089,57.03650903],[9.84103426,57.03650876]],[[9.84103426,57.03650876],[9.84104766,57.03650848]],[[9.84104766,57.03650848],[9.84106103,57.0365082]],[[9.84106103,57.0365082],[9.84107441,57.03650791]],[[9.84107441,57.03650791],[9.8410878,57.03650762]],[[9.8410878,57.03650762],[9.84110118,57.03650732]],[[9.84110118,57.03650732],[9.84111455,57.03650701]],[[9.84111455,57.03650701],[9.84112793,57.0365067]],[[9.84112793,57.0365067],[9.8411413,57.03650638]],[[9.8411413,57.03650638],[9.8411547,57.03650607]],[[9.8411547,57.03650607],[9.84116807,57.03650574]],[[9.84116807,57.03650574],[9.84118145,57.03650541]],[[9.84118145,57.03650541],[9.84119483,57.03650508]],[[9.84119483,57.03650508],[9.8412082,57.03650474]],[[9.8412082,57.03650474],[9.84122158,57.0365044]],[[9.84122158,57.0365044],[9.84123495,57.03650405]],[[9.84123495,57.03650405],[9.84124833,57.0365037]],[[9.84124833,57.0365037],[9.84126171,57.03650335]],[[9.84126171,57.03650335],[9.84127508,57.03650299]],[[9.84127508,57.03650299],[9.84128846,57.03650263]],[[9.84128846,57.03650263],[9.84130184,57.03650227]],[[9.84130184,57.03650227],[9.8413152,57.0365019]],[[9.8413152,57.0365019],[9.84132857,57.03650152]],[[9.84132857,57.03650152],[9.84134195,57.03650115]],[[9.84134195,57.03650115],[9.84135532,57.03650077]],[[9.84135532,57.03650077],[9.8413687,57.03650039]],[[9.8413687,57.03650039],[9.84138208,57.03650001]],[[9.84138208,57.03650001],[9.84139544,57.03649962]],[[9.84139544,57.03649962],[9.84140881,57.03649923]],[[9.84140881,57.03649923],[9.84142219,57.03649884]],[[9.84142219,57.03649884],[9.84143557,57.03649845]],[[9.84143557,57.03649845],[9.84144893,57.03649805]],[[9.84144893,57.03649805],[9.8414623,57.03649766]],[[9.8414623,57.03649766],[9.84147568,57.03649725]],[[9.84147568,57.03649725],[9.84148904,57.03649685]],[[9.84148904,57.03649685],[9.84150242,57.03649645]],[[9.84150242,57.03649645],[9.84151579,57.03649604]],[[9.84151579,57.03649604],[9.84152915,57.03649564]],[[9.84152915,57.03649564],[9.84154253,57.03649523]],[[9.84154253,57.03649523],[9.84155591,57.03649483]],[[9.84155591,57.03649483],[9.84156927,57.03649441]],[[9.84156927,57.03649441],[9.84158264,57.036494]],[[9.84158264,57.036494],[9.841596,57.0364936]],[[9.841596,57.0364936],[9.84160938,57.03649318]],[[9.84160938,57.03649318],[9.84162276,57.03649277]],[[9.84162276,57.03649277],[9.84163612,57.03649235]],[[9.84163612,57.03649235],[9.84164949,57.03649194]],[[9.84164949,57.03649194],[9.84166285,57.03649152]],[[9.84166285,57.03649152],[9.84167623,57.03649111]],[[9.84167623,57.03649111],[9.84167623,57.03649111]],[[9.84167623,57.03649111],[9.8416945,57.03649055]],[[9.8416945,57.03649055],[9.84171278,57.03648998]],[[9.84171278,57.03648998],[9.84173105,57.03648942]],[[9.84173105,57.03648942],[9.84174932,57.03648885]],[[9.84174932,57.03648885],[9.84176761,57.03648829]],[[9.84176761,57.03648829],[9.84178588,57.03648773]],[[9.84178588,57.03648773],[9.84180415,57.03648716]],[[9.84180415,57.03648716],[9.84182243,57.0364866]],[[9.84182243,57.0364866],[9.8418407,57.03648604]],[[9.8418407,57.03648604],[9.84185899,57.03648549]],[[9.84185899,57.03648549],[9.84187725,57.03648493]],[[9.84187725,57.03648493],[9.84189552,57.03648437]],[[9.84189552,57.03648437],[9.84191381,57.03648382]],[[9.84191381,57.03648382],[9.84193208,57.03648327]],[[9.84193208,57.03648327],[9.84195036,57.03648272]],[[9.84195036,57.03648272],[9.84196863,57.03648218]],[[9.84196863,57.03648218],[9.84198692,57.03648163]],[[9.84198692,57.03648163],[9.84200519,57.03648109]],[[9.84200519,57.03648109],[9.84202347,57.03648056]],[[9.84202347,57.03648056],[9.84204174,57.03648002]],[[9.84204174,57.03648002],[9.84206003,57.03647949]],[[9.84206003,57.03647949],[9.8420783,57.03647896]],[[9.8420783,57.03647896],[9.84209658,57.03647844]],[[9.84209658,57.03647844],[9.84211487,57.03647792]],[[9.84211487,57.03647792],[9.84213314,57.03647741]],[[9.84213314,57.03647741],[9.84215142,57.03647689]],[[9.84215142,57.03647689],[9.84216971,57.03647639]],[[9.84216971,57.03647639],[9.84218799,57.03647589]],[[9.84218799,57.03647589],[9.84220626,57.03647539]],[[9.84220626,57.03647539],[9.84222455,57.0364749]],[[9.84222455,57.0364749],[9.84224283,57.03647441]],[[9.84224283,57.03647441],[9.84226112,57.03647392]],[[9.84226112,57.03647392],[9.8422794,57.03647345]],[[9.8422794,57.03647345],[9.84229769,57.03647298]],[[9.84229769,57.03647298],[9.84231596,57.03647251]],[[9.84231596,57.03647251],[9.84233424,57.03647206]],[[9.84233424,57.03647206],[9.84235253,57.03647161]],[[9.84235253,57.03647161],[9.84237083,57.03647115]],[[9.84237083,57.03647115],[9.84238911,57.03647072]],[[9.84238911,57.03647072],[9.8424074,57.03647028]],[[9.8424074,57.03647028],[9.84242568,57.03646985]],[[9.84242568,57.03646985],[9.84244397,57.03646943]],[[9.84244397,57.03646943],[9.84246225,57.03646901]],[[9.84246225,57.03646901],[9.84248055,57.03646861]],[[9.84248055,57.03646861],[9.84249884,57.03646822]],[[9.84249884,57.03646822],[9.84251712,57.03646783]],[[9.84251712,57.03646783],[9.84253543,57.03646744]],[[9.84253543,57.03646744],[9.84255371,57.03646706]],[[9.84255371,57.03646706],[9.842572,57.0364667]],[[9.842572,57.0364667],[9.8425903,57.03646634]],[[9.8425903,57.03646634],[9.84260858,57.03646598]],[[9.84260858,57.03646598],[9.84262688,57.03646565]],[[9.84262688,57.03646565],[9.84264517,57.03646531]],[[9.84264517,57.03646531],[9.84266347,57.03646498]],[[9.84266347,57.03646498],[9.84268177,57.03646467]],[[9.84268177,57.03646467],[9.84270005,57.03646436]],[[9.84270005,57.03646436],[9.84271835,57.03646407]],[[9.84271835,57.03646407],[9.84273666,57.03646378]],[[9.84273666,57.03646378],[9.84275496,57.03646351]],[[9.84275496,57.03646351],[9.84277324,57.03646324]],[[9.84277324,57.03646324],[9.84279154,57.03646298]],[[9.84279154,57.03646298],[9.84280984,57.03646273]],[[9.84280984,57.03646273],[9.84282814,57.0364625]],[[9.84282814,57.0364625],[9.84284644,57.03646228]],[[9.84284644,57.03646228],[9.84286474,57.03646206]],[[9.84286474,57.03646206],[9.84288304,57.03646186]],[[9.84288304,57.03646186],[9.84290135,57.03646166]],[[9.84290135,57.03646166],[9.84291965,57.03646148]],[[9.84291965,57.03646148],[9.84293795,57.03646131]],[[9.84293795,57.03646131],[9.84295625,57.03646116]],[[9.84295625,57.03646116],[9.84297455,57.03646101]],[[9.84297455,57.03646101],[9.84299285,57.03646087]],[[9.84299285,57.03646087],[9.84301116,57.03646075]],[[9.84301116,57.03646075],[9.84302946,57.03646064]],[[9.84302946,57.03646064],[9.84304776,57.03646054]],[[9.84304776,57.03646054],[9.84306606,57.03646046]],[[9.84306606,57.03646046],[9.84308436,57.03646039]],[[9.84308436,57.03646039],[9.84310268,57.03646033]],[[9.84310268,57.03646033],[9.84312098,57.03646029]],[[9.84312098,57.03646029],[9.84313928,57.03646025]],[[9.84313928,57.03646025],[9.84315758,57.03646023]],[[9.84315758,57.03646023],[9.8431759,57.03646023]],[[9.8431759,57.03646023],[9.84424438,57.036484]],[[9.84424438,57.036484],[9.84530583,57.03655492]],[[9.84530583,57.03655492],[9.84635323,57.03667252]],[[9.84635323,57.03667252],[9.84737971,57.03683603]],[[9.84737971,57.03683603],[9.84837848,57.03704437]],[[9.84837848,57.03704437],[9.84934301,57.03729618]],[[9.84934301,57.03729618],[9.85026692,57.03758978]],[[9.85026692,57.03758978],[9.85114413,57.03792325]],[[9.85114413,57.03792325],[9.85196886,57.03829441]],[[9.85196886,57.03829441],[9.85273569,57.03870079]],[[9.85273569,57.03870079],[9.85343957,57.03913973]],[[9.85343957,57.03913973],[9.85407585,57.03960833]],[[9.85407585,57.03960833],[9.85464035,57.04010352]],[[9.85464035,57.04010352],[9.85512936,57.04062202]],[[9.85512936,57.04062202],[9.85513705,57.04063109]],[[9.85513705,57.04063109],[9.85514472,57.04064015]],[[9.85514472,57.04064015],[9.85515236,57.04064921]],[[9.85515236,57.04064921],[9.85515999,57.04065829]],[[9.85515999,57.04065829],[9.85516758,57.04066736]],[[9.85516758,57.04066736],[9.85517517,57.04067644]],[[9.85517517,57.04067644],[9.85518273,57.04068553]],[[9.85518273,57.04068553],[9.85519026,57.04069463]],[[9.85519026,57.04069463],[9.85519778,57.04070373]],[[9.85519778,57.04070373],[9.85520527,57.04071283]],[[9.85520527,57.04071283],[9.85521275,57.04072194]],[[9.85521275,57.04072194],[9.85522021,57.04073106]],[[9.85522021,57.04073106],[9.85522764,57.04074017]],[[9.85522764,57.04074017],[9.85523505,57.04074929]],[[9.85523505,57.04074929],[9.85524246,57.04075843]],[[9.85524246,57.04075843],[9.85524984,57.04076756]],[[9.85524984,57.04076756],[9.8552572,57.0407767]],[[9.8552572,57.0407767],[9.85526452,57.04078584]],[[9.85526452,57.04078584],[9.85527185,57.04079498]],[[9.85527185,57.04079498],[9.85527915,57.04080413]],[[9.85527915,57.04080413],[9.85528644,57.04081329]],[[9.85528644,57.04081329],[9.8552937,57.04082245]],[[9.8552937,57.04082245],[9.85530097,57.04083161]],[[9.85530097,57.04083161],[9.8553082,57.04084078]],[[9.8553082,57.04084078],[9.85531542,57.04084995]],[[9.85531542,57.04084995],[9.85532262,57.04085912]],[[9.85532262,57.04085912],[9.8553298,57.0408683]],[[9.8553298,57.0408683],[9.85533698,57.04087749]],[[9.85533698,57.04087749],[9.85534413,57.04088667]],[[9.85534413,57.04088667],[9.85535127,57.04089586]],[[9.85535127,57.04089586],[9.8553584,57.04090505]],[[9.8553584,57.04090505],[9.85536552,57.04091425]],[[9.85536552,57.04091425],[9.85537261,57.04092344]],[[9.85537261,57.04092344],[9.8553797,57.04093265]],[[9.8553797,57.04093265],[9.85538676,57.04094185]],[[9.85538676,57.04094185],[9.85539381,57.04095106]],[[9.85539381,57.04095106],[9.85540085,57.04096027]],[[9.85540085,57.04096027],[9.85540789,57.04096949]],[[9.85540789,57.04096949],[9.8554149,57.04097871]],[[9.8554149,57.04097871],[9.8554219,57.04098792]],[[9.8554219,57.04098792],[9.8554289,57.04099714]],[[9.8554289,57.04099714],[9.85543588,57.04100637]],[[9.85543588,57.04100637],[9.85544284,57.0410156]],[[9.85544284,57.0410156],[9.85544981,57.04102483]],[[9.85544981,57.04102483],[9.85545676,57.04103407]],[[9.85545676,57.04103407],[9.85546369,57.0410433]],[[9.85546369,57.0410433],[9.85547062,57.04105254]],[[9.85547062,57.04105254],[9.85547754,57.04106177]],[[9.85547754,57.04106177],[9.85548444,57.04107101]],[[9.85548444,57.04107101],[9.85549134,57.04108026]],[[9.85549134,57.04108026],[9.85549822,57.04108951]],[[9.85549822,57.04108951],[9.8555051,57.04109876]],[[9.8555051,57.04109876],[9.85551197,57.04110801]],[[9.85551197,57.04110801],[9.85551884,57.04111726]],[[9.85551884,57.04111726],[9.85552569,57.04112651]],[[9.85552569,57.04112651],[9.85553254,57.04113576]],[[9.85553254,57.04113576],[9.85553937,57.04114502]],[[9.85553937,57.04114502],[9.8555462,57.04115429]],[[9.8555462,57.04115429],[9.85555304,57.04116354]],[[9.85555304,57.04116354],[9.85555985,57.0411728]],[[9.85555985,57.0411728],[9.85556666,57.04118207]],[[9.85556666,57.04118207],[9.85557347,57.04119133]],[[9.85557347,57.04119133],[9.85558027,57.0412006]],[[9.85558027,57.0412006],[9.85558706,57.04120986]],[[9.85558706,57.04120986],[9.85559386,57.04121913]],[[9.85559386,57.04121913],[9.85560064,57.0412284]],[[9.85560064,57.0412284],[9.85560741,57.04123766]],[[9.85560741,57.04123766],[9.85561419,57.04124694]],[[9.85561419,57.04124694],[9.85562096,57.04125621]],[[9.85562096,57.04125621],[9.85562773,57.04126548]],[[9.85562773,57.04126548],[9.8556345,57.04127476]],[[9.8556345,57.04127476],[9.85564125,57.04128403]],[[9.85564125,57.04128403],[9.85564801,57.04129331]],[[9.85564801,57.04129331],[9.85565477,57.04130258]],[[9.85565477,57.04130258],[9.85566152,57.04131186]],[[9.85566152,57.04131186],[9.85566827,57.04132113]],[[9.85566827,57.04132113],[9.85567502,57.04133041]],[[9.85567502,57.04133041],[9.85568177,57.04133968]],[[9.85568177,57.04133968],[9.85568852,57.04134896]],[[9.85568852,57.04134896],[9.85569526,57.04135824]],[[9.85569526,57.04135824],[9.85570201,57.04136752]],[[9.85570201,57.04136752],[9.85570876,57.04137679]],[[9.85570876,57.04137679],[9.85570876,57.04137679]],[[9.85570876,57.04137679],[9.85571431,57.04138443]],[[9.85571431,57.04138443],[9.85571985,57.04139206]],[[9.85571985,57.04139206],[9.85572541,57.0413997]],[[9.85572541,57.0413997],[9.85573096,57.04140733]],[[9.85573096,57.04140733],[9.85573652,57.04141497]],[[9.85573652,57.04141497],[9.85574209,57.0414226]],[[9.85574209,57.0414226],[9.85574764,57.04143023]],[[9.85574764,57.04143023],[9.85575321,57.04143786]],[[9.85575321,57.04143786],[9.85575879,57.0414455]],[[9.85575879,57.0414455],[9.85576436,57.04145313]],[[9.85576436,57.04145313],[9.85576993,57.04146075]],[[9.85576993,57.04146075],[9.85577552,57.04146838]],[[9.85577552,57.04146838],[9.85578112,57.04147601]],[[9.85578112,57.04147601],[9.85578671,57.04148364]],[[9.85578671,57.04148364],[9.85579231,57.04149126]],[[9.85579231,57.04149126],[9.85579793,57.04149888]],[[9.85579793,57.04149888],[9.85580356,57.0415065]],[[9.85580356,57.0415065],[9.85580919,57.04151412]],[[9.85580919,57.04151412],[9.85581483,57.04152173]],[[9.85581483,57.04152173],[9.85582048,57.04152936]],[[9.85582048,57.04152936],[9.85582614,57.04153696]],[[9.85582614,57.04153696],[9.85583181,57.04154457]],[[9.85583181,57.04154457],[9.85583749,57.04155218]],[[9.85583749,57.04155218],[9.8558432,57.04155978]],[[9.8558432,57.04155978],[9.8558489,57.04156738]],[[9.8558489,57.04156738],[9.85585462,57.04157499]],[[9.85585462,57.04157499],[9.85586036,57.04158258]],[[9.85586036,57.04158258],[9.85586609,57.04159017]],[[9.85586609,57.04159017],[9.85587186,57.04159776]],[[9.85587186,57.04159776],[9.85587763,57.04160535]],[[9.85587763,57.04160535],[9.85588344,57.04161292]],[[9.85588344,57.04161292],[9.85588924,57.0416205]],[[9.85588924,57.0416205],[9.85589507,57.04162808]],[[9.85589507,57.04162808],[9.85590091,57.04163565]],[[9.85590091,57.04163565],[9.85590678,57.04164321]],[[9.85590678,57.04164321],[9.85591264,57.04165078]],[[9.85591264,57.04165078],[9.85591855,57.04165834]],[[9.85591855,57.04165834],[9.85592446,57.04166589]],[[9.85592446,57.04166589],[9.8559304,57.04167344]],[[9.8559304,57.04167344],[9.85593635,57.04168098]],[[9.85593635,57.04168098],[9.85594233,57.04168852]],[[9.85594233,57.04168852],[9.85594833,57.04169606]],[[9.85594833,57.04169606],[9.85595435,57.04170359]],[[9.85595435,57.04170359],[9.85596038,57.04171111]],[[9.85596038,57.04171111],[9.85596645,57.04171863]],[[9.85596645,57.04171863],[9.85597253,57.04172615]],[[9.85597253,57.04172615],[9.85597865,57.04173365]],[[9.85597865,57.04173365],[9.85598478,57.04174116]],[[9.85598478,57.04174116],[9.85599094,57.04174866]],[[9.85599094,57.04174866],[9.85599713,57.04175614]],[[9.85599713,57.04175614],[9.85600332,57.04176363]],[[9.85600332,57.04176363],[9.85600957,57.0417711]],[[9.85600957,57.0417711],[9.85601584,57.04177858]],[[9.85601584,57.04177858],[9.85602212,57.04178604]],[[9.85602212,57.04178604],[9.85602843,57.04179349]],[[9.85602843,57.04179349],[9.85603478,57.04180094]],[[9.85603478,57.04180094],[9.85604116,57.04180839]],[[9.85604116,57.04180839],[9.85604755,57.04181582]],[[9.85604755,57.04181582],[9.85605398,57.04182325]],[[9.85605398,57.04182325],[9.85606044,57.04183067]],[[9.85606044,57.04183067],[9.85606694,57.04183808]],[[9.85606694,57.04183808],[9.85607347,57.04184548]],[[9.85607347,57.04184548],[9.85608001,57.04185288]],[[9.85608001,57.04185288],[9.8560866,57.04186027]],[[9.8560866,57.04186027],[9.85609321,57.04186765]],[[9.85609321,57.04186765],[9.85609986,57.04187502]],[[9.85609986,57.04187502],[9.85610655,57.04188238]],[[9.85610655,57.04188238],[9.85611326,57.04188973]],[[9.85611326,57.04188973],[9.85612002,57.04189707]],[[9.85612002,57.04189707],[9.85612679,57.04190441]],[[9.85612679,57.04190441],[9.85613362,57.04191173]],[[9.85613362,57.04191173],[9.85614048,57.04191904]],[[9.85614048,57.04191904],[9.85614737,57.04192635]],[[9.85614737,57.04192635],[9.85615429,57.04193364]],[[9.85615429,57.04193364],[9.85616126,57.04194092]],[[9.85616126,57.04194092],[9.85616827,57.0419482]],[[9.85616827,57.0419482],[9.85617531,57.04195546]],[[9.85617531,57.04195546],[9.85618238,57.04196272]],[[9.85618238,57.04196272],[9.8561895,57.04196995]],[[9.8561895,57.04196995],[9.85619666,57.04197718]],[[9.85619666,57.04197718],[9.85620385,57.04198439]],[[9.85620385,57.04198439],[9.85621108,57.0419916]],[[9.85621108,57.0419916],[9.85641594,57.04217684]],[[9.85641594,57.04217684],[9.85664742,57.04235254]],[[9.85664742,57.04235254],[9.85690401,57.04251754]],[[9.85690401,57.04251754],[9.85718406,57.04267079]],[[9.85718406,57.04267079],[9.85748577,57.04281129]],[[9.85748577,57.04281129],[9.85780717,57.04293815]],[[9.85780717,57.04293815],[9.85814621,57.04305054]],[[9.85814621,57.04305054],[9.85850071,57.04314775]],[[9.85850071,57.04314775],[9.85886838,57.04322913]],[[9.85886838,57.04322913],[9.85924684,57.04329417]],[[9.85924684,57.04329417],[9.85926138,57.04329632]],[[9.85926138,57.04329632],[9.85927594,57.04329843]],[[9.85927594,57.04329843],[9.85929051,57.04330053]],[[9.85929051,57.04330053],[9.8593051,57.0433026]],[[9.8593051,57.0433026],[9.85931969,57.04330464]],[[9.85931969,57.04330464],[9.85933429,57.04330667]],[[9.85933429,57.04330667],[9.8593489,57.04330867]],[[9.8593489,57.04330867],[9.85936353,57.04331065]],[[9.85936353,57.04331065],[9.85937816,57.04331261]],[[9.85937816,57.04331261],[9.85939281,57.04331454]],[[9.85939281,57.04331454],[9.85940745,57.04331646]],[[9.85940745,57.04331646],[9.85942212,57.04331835]],[[9.85942212,57.04331835],[9.85943679,57.04332023]],[[9.85943679,57.04332023],[9.85945146,57.04332208]],[[9.85945146,57.04332208],[9.85946615,57.04332391]],[[9.85946615,57.04332391],[9.85948086,57.04332572]],[[9.85948086,57.04332572],[9.85949556,57.04332752]],[[9.85949556,57.04332752],[9.85951027,57.04332929]],[[9.85951027,57.04332929],[9.85952499,57.04333104]],[[9.85952499,57.04333104],[9.85953973,57.04333277]],[[9.85953973,57.04333277],[9.85955445,57.0433345]],[[9.85955445,57.0433345],[9.8595692,57.04333619]],[[9.8595692,57.04333619],[9.85958394,57.04333787]],[[9.85958394,57.04333787],[9.8595987,57.04333954]],[[9.8595987,57.04333954],[9.85961347,57.04334118]],[[9.85961347,57.04334118],[9.85962824,57.04334281]],[[9.85962824,57.04334281],[9.85964301,57.04334442]],[[9.85964301,57.04334442],[9.8596578,57.04334602]],[[9.8596578,57.04334602],[9.85967257,57.0433476]],[[9.85967257,57.0433476],[9.85968737,57.04334916]],[[9.85968737,57.04334916],[9.85970216,57.04335071]],[[9.85970216,57.04335071],[9.85971697,57.04335224]],[[9.85971697,57.04335224],[9.85973177,57.04335376]],[[9.85973177,57.04335376],[9.85974659,57.04335526]],[[9.85974659,57.04335526],[9.85976141,57.04335675]],[[9.85976141,57.04335675],[9.85977624,57.04335823]],[[9.85977624,57.04335823],[9.85979106,57.04335968]],[[9.85979106,57.04335968],[9.8598059,57.04336113]],[[9.8598059,57.04336113],[9.85982073,57.04336256]],[[9.85982073,57.04336256],[9.85983557,57.04336399]],[[9.85983557,57.04336399],[9.85985043,57.0433654]],[[9.85985043,57.0433654],[9.85986526,57.04336679]],[[9.85986526,57.04336679],[9.85988012,57.04336818]],[[9.85988012,57.04336818],[9.85989497,57.04336954]],[[9.85989497,57.04336954],[9.85990983,57.0433709]],[[9.85990983,57.0433709],[9.8599247,57.04337226]],[[9.8599247,57.04337226],[9.85993957,57.0433736]],[[9.85993957,57.0433736],[9.85995444,57.04337492]],[[9.85995444,57.04337492],[9.85996931,57.04337624]],[[9.85996931,57.04337624],[9.85998419,57.04337754]],[[9.85998419,57.04337754],[9.85999906,57.04337884]],[[9.85999906,57.04337884],[9.86001395,57.04338014]],[[9.86001395,57.04338014],[9.86002883,57.04338141]],[[9.86002883,57.04338141],[9.86004372,57.04338268]],[[9.86004372,57.04338268],[9.86005861,57.04338395]],[[9.86005861,57.04338395],[9.8600735,57.0433852]],[[9.8600735,57.0433852],[9.86008839,57.04338645]],[[9.86008839,57.04338645],[9.86010329,57.04338769]],[[9.86010329,57.04338769],[9.86011818,57.04338892]],[[9.86011818,57.04338892],[9.86013308,57.04339015]],[[9.86013308,57.04339015],[9.86014799,57.04339136]],[[9.86014799,57.04339136],[9.86016289,57.04339257]],[[9.86016289,57.04339257],[9.8601778,57.04339378]],[[9.8601778,57.04339378],[9.8601927,57.04339498]],[[9.8601927,57.04339498],[9.86020761,57.04339617]],[[9.86020761,57.04339617],[9.86022251,57.04339736]],[[9.86022251,57.04339736],[9.86023742,57.04339854]],[[9.86023742,57.04339854],[9.86025234,57.04339973]],[[9.86025234,57.04339973],[9.86026724,57.0434009]],[[9.86026724,57.0434009],[9.86028217,57.04340208]],[[9.86028217,57.04340208],[9.86029709,57.04340324]],[[9.86029709,57.04340324],[9.86031199,57.04340441]],[[9.86031199,57.04340441],[9.86032691,57.04340557]],[[9.86032691,57.04340557],[9.86034183,57.04340673]],[[9.86034183,57.04340673],[9.86035674,57.04340789]],[[9.86035674,57.04340789],[9.86037166,57.04340904]],[[9.86037166,57.04340904],[9.86038658,57.04341019]],[[9.86038658,57.04341019],[9.8604015,57.04341134]],[[9.8604015,57.04341134],[9.86041643,57.04341249]],[[9.86041643,57.04341249],[9.86043135,57.04341364]],[[9.86043135,57.04341364],[9.86044627,57.04341479]],[[9.86044627,57.04341479],[9.86046119,57.04341594]],[[9.86046119,57.04341594],[9.86046119,57.04341594]],[[9.86046119,57.04341594],[9.8604761,57.04341709]],[[9.8604761,57.04341709],[9.86049102,57.04341824]],[[9.86049102,57.04341824],[9.86050594,57.04341939]],[[9.86050594,57.04341939],[9.86052086,57.04342054]],[[9.86052086,57.04342054],[9.86053578,57.04342168]],[[9.86053578,57.04342168],[9.8605507,57.04342284]],[[9.8605507,57.04342284],[9.86056562,57.04342399]],[[9.86056562,57.04342399],[9.86058053,57.04342515]],[[9.86058053,57.04342515],[9.86059545,57.04342631]],[[9.86059545,57.04342631],[9.86061037,57.04342747]],[[9.86061037,57.04342747],[9.86062528,57.04342864]],[[9.86062528,57.04342864],[9.8606402,57.0434298]],[[9.8606402,57.0434298],[9.86065512,57.04343098]],[[9.86065512,57.04343098],[9.86067003,57.04343215]],[[9.86067003,57.04343215],[9.86068495,57.04343334]],[[9.86068495,57.04343334],[9.86069985,57.04343452]],[[9.86069985,57.04343452],[9.86071476,57.0434357]],[[9.86071476,57.0434357],[9.86072966,57.0434369]],[[9.86072966,57.0434369],[9.86074457,57.0434381]],[[9.86074457,57.0434381],[9.86075947,57.04343931]],[[9.86075947,57.04343931],[9.86077438,57.04344052]],[[9.86077438,57.04344052],[9.86078928,57.04344173]],[[9.86078928,57.04344173],[9.86080419,57.04344296]],[[9.86080419,57.04344296],[9.86081907,57.04344419]],[[9.86081907,57.04344419],[9.86083398,57.04344543]],[[9.86083398,57.04344543],[9.86084887,57.04344667]],[[9.86084887,57.04344667],[9.86086376,57.04344793]],[[9.86086376,57.04344793],[9.86087864,57.04344919]],[[9.86087864,57.04344919],[9.86089353,57.04345047]],[[9.86089353,57.04345047],[9.86090842,57.04345174]],[[9.86090842,57.04345174],[9.86092331,57.04345303]],[[9.86092331,57.04345303],[9.86093818,57.04345433]],[[9.86093818,57.04345433],[9.86095305,57.04345563]],[[9.86095305,57.04345563],[9.86096792,57.04345695]],[[9.86096792,57.04345695],[9.86098279,57.04345828]],[[9.86098279,57.04345828],[9.86099767,57.04345962]],[[9.86099767,57.04345962],[9.86101254,57.04346097]],[[9.86101254,57.04346097],[9.86102739,57.04346234]],[[9.86102739,57.04346234],[9.86104225,57.0434637]],[[9.86104225,57.0434637],[9.8610571,57.04346509]],[[9.8610571,57.04346509],[9.86107194,57.04346648]],[[9.86107194,57.04346648],[9.86108679,57.04346789]],[[9.86108679,57.04346789],[9.86110163,57.04346931]],[[9.86110163,57.04346931],[9.86111647,57.04347074]],[[9.86111647,57.04347074],[9.86113131,57.04347219]],[[9.86113131,57.04347219],[9.86114613,57.04347365]],[[9.86114613,57.04347365],[9.86116095,57.04347513]],[[9.86116095,57.04347513],[9.86117577,57.04347662]],[[9.86117577,57.04347662],[9.86119059,57.04347811]],[[9.86119059,57.04347811],[9.8612054,57.04347963]],[[9.8612054,57.04347963],[9.8612202,57.04348116]],[[9.8612202,57.04348116],[9.86123499,57.04348272]],[[9.86123499,57.04348272],[9.8612498,57.04348428]],[[9.8612498,57.04348428],[9.86126457,57.04348586]],[[9.86126457,57.04348586],[9.86127936,57.04348745]],[[9.86127936,57.04348745],[9.86129413,57.04348906]],[[9.86129413,57.04348906],[9.8613089,57.04349069]],[[9.8613089,57.04349069],[9.86132367,57.04349233]],[[9.86132367,57.04349233],[9.86133843,57.043494]],[[9.86133843,57.043494],[9.86135317,57.04349568]],[[9.86135317,57.04349568],[9.86136792,57.04349738]],[[9.86136792,57.04349738],[9.86138264,57.0434991]],[[9.86138264,57.0434991],[9.86139738,57.04350083]],[[9.86139738,57.04350083],[9.8614121,57.04350258]],[[9.8614121,57.04350258],[9.86142681,57.04350436]],[[9.86142681,57.04350436],[9.86144151,57.04350615]],[[9.86144151,57.04350615],[9.86145622,57.04350796]],[[9.86145622,57.04350796],[9.86147091,57.04350979]],[[9.86147091,57.04350979],[9.86148558,57.04351164]],[[9.86148558,57.04351164],[9.86150025,57.04351352]],[[9.86150025,57.04351352],[9.86151492,57.04351541]],[[9.86151492,57.04351541],[9.86152956,57.04351733]],[[9.86152956,57.04351733],[9.86154421,57.04351926]],[[9.86154421,57.04351926],[9.86155884,57.04352122]],[[9.86155884,57.04352122],[9.86157348,57.0435232]],[[9.86157348,57.0435232],[9.86158808,57.0435252]],[[9.86158808,57.0435252],[9.86160269,57.04352722]],[[9.86160269,57.04352722],[9.86161727,57.04352927]],[[9.86161727,57.04352927],[9.86163186,57.04353134]],[[9.86163186,57.04353134],[9.86164644,57.04353343]],[[9.86164644,57.04353343],[9.86166099,57.04353555]],[[9.86166099,57.04353555],[9.86167553,57.04353769]],[[9.86167553,57.04353769],[9.86203204,57.04359845]],[[9.86203204,57.04359845],[9.86237913,57.04367372]],[[9.86237913,57.04367372],[9.86271478,57.04376305]],[[9.86271478,57.04376305],[9.86303711,57.04386595]],[[9.86303711,57.04386595],[9.86334426,57.04398182]],[[9.86334426,57.04398182],[9.86363449,57.04411]],[[9.86363449,57.04411],[9.86364582,57.04411542]],[[9.86364582,57.04411542],[9.8636571,57.04412086]],[[9.8636571,57.04412086],[9.86366837,57.04412631]],[[9.86366837,57.04412631],[9.86367962,57.04413178]],[[9.86367962,57.04413178],[9.86369082,57.04413727]],[[9.86369082,57.04413727],[9.863702,57.04414278]],[[9.863702,57.04414278],[9.86371315,57.04414831]],[[9.86371315,57.04414831],[9.86372427,57.04415385]],[[9.86372427,57.04415385],[9.86373537,57.0441594]],[[9.86373537,57.0441594],[9.86374643,57.04416498]],[[9.86374643,57.04416498],[9.86375747,57.04417057]],[[9.86375747,57.04417057],[9.86376847,57.04417618]],[[9.86376847,57.04417618],[9.86377945,57.0441818]],[[9.86377945,57.0441818],[9.86379042,57.04418744]],[[9.86379042,57.04418744],[9.86380136,57.0441931]],[[9.86380136,57.0441931],[9.86381226,57.04419876]],[[9.86381226,57.04419876],[9.86382314,57.04420444]],[[9.86382314,57.04420444],[9.863834,57.04421014]],[[9.863834,57.04421014],[9.86384482,57.04421585]],[[9.86384482,57.04421585],[9.86385562,57.04422158]],[[9.86385562,57.04422158],[9.8638664,57.04422731]],[[9.8638664,57.04422731],[9.86387716,57.04423306]],[[9.86387716,57.04423306],[9.86388789,57.04423883]],[[9.86388789,57.04423883],[9.86389862,57.0442446]],[[9.86389862,57.0442446],[9.8639093,57.0442504]],[[9.8639093,57.0442504],[9.86391996,57.04425619]],[[9.86391996,57.04425619],[9.86393061,57.04426201]],[[9.86393061,57.04426201],[9.86394123,57.04426784]],[[9.86394123,57.04426784],[9.86395182,57.04427368]],[[9.86395182,57.04427368],[9.86396241,57.04427952]],[[9.86396241,57.04427952],[9.86397297,57.04428538]],[[9.86397297,57.04428538],[9.8639835,57.04429126]],[[9.8639835,57.04429126],[9.86399401,57.04429714]],[[9.86399401,57.04429714],[9.86400452,57.04430303]],[[9.86400452,57.04430303],[9.86401499,57.04430893]],[[9.86401499,57.04430893],[9.86402545,57.04431485]],[[9.86402545,57.04431485],[9.8640359,57.04432077]],[[9.8640359,57.04432077],[9.86404631,57.0443267]],[[9.86404631,57.0443267],[9.86405672,57.04433264]],[[9.86405672,57.04433264],[9.86406711,57.04433859]],[[9.86406711,57.04433859],[9.86407748,57.04434455]],[[9.86407748,57.04434455],[9.86408784,57.04435051]],[[9.86408784,57.04435051],[9.86409818,57.04435649]],[[9.86409818,57.04435649],[9.86410849,57.04436248]],[[9.86410849,57.04436248],[9.86411879,57.04436847]],[[9.86411879,57.04436847],[9.86412909,57.04437446]],[[9.86412909,57.04437446],[9.86413936,57.04438047]],[[9.86413936,57.04438047],[9.86414963,57.04438649]],[[9.86414963,57.04438649],[9.86415988,57.04439251]],[[9.86415988,57.04439251],[9.8641701,57.04439854]],[[9.8641701,57.04439854],[9.86418033,57.04440457]],[[9.86418033,57.04440457],[9.86419054,57.04441061]],[[9.86419054,57.04441061],[9.86420073,57.04441667]],[[9.86420073,57.04441667],[9.86421092,57.04442272]],[[9.86421092,57.04442272],[9.8642211,57.04442877]],[[9.8642211,57.04442877],[9.86423126,57.04443484]],[[9.86423126,57.04443484],[9.8642414,57.04444091]],[[9.8642414,57.04444091],[9.86425154,57.04444698]],[[9.86425154,57.04444698],[9.86426167,57.04445306]],[[9.86426167,57.04445306],[9.86427179,57.04445916]],[[9.86427179,57.04445916],[9.8642819,57.04446524]],[[9.8642819,57.04446524],[9.86429201,57.04447134]],[[9.86429201,57.04447134],[9.86430211,57.04447744]],[[9.86430211,57.04447744],[9.86431218,57.04448353]],[[9.86431218,57.04448353],[9.86432228,57.04448964]],[[9.86432228,57.04448964],[9.86433234,57.04449575]],[[9.86433234,57.04449575],[9.86434241,57.04450186]],[[9.86434241,57.04450186],[9.86435246,57.04450798]],[[9.86435246,57.04450798],[9.86436252,57.04451409]],[[9.86436252,57.04451409],[9.86437256,57.04452021]],[[9.86437256,57.04452021],[9.86438261,57.04452634]],[[9.86438261,57.04452634],[9.86439265,57.04453246]],[[9.86439265,57.04453246],[9.86440268,57.04453859]],[[9.86440268,57.04453859],[9.86441271,57.04454473]],[[9.86441271,57.04454473],[9.86442273,57.04455085]],[[9.86442273,57.04455085],[9.86443276,57.04455699]],[[9.86443276,57.04455699],[9.86444279,57.04456312]],[[9.86444279,57.04456312],[9.8644528,57.04456925]],[[9.8644528,57.04456925],[9.86446283,57.04457539]],[[9.86446283,57.04457539],[9.86447284,57.04458153]],[[9.86447284,57.04458153],[9.86448285,57.04458766]],[[9.86448285,57.04458766],[9.86449288,57.0445938]],[[9.86449288,57.0445938],[9.86449288,57.0445938]],[[9.86449288,57.0445938],[9.86510103,57.04496643]],[[9.83716839,57.03621947],[9.83718167,57.03619352]],[[9.85251738,57.03859738],[9.85255248,57.03857841]],[[9.86396946,57.0443027],[9.86400485,57.04428389]],[[9.83876783,57.03643756],[9.83877681,57.03641107]],[[9.84040903,57.03652676],[9.84040982,57.03649982]],[[9.84205633,57.03649309],[9.84205371,57.03646618]],[[9.84370031,57.03647945],[9.8437023,57.03645254]],[[9.84533467,57.03657117],[9.84534278,57.0365446]],[[9.84693528,57.03677324],[9.84694942,57.03674742]],[[9.84847726,57.0370825],[9.84849717,57.03705784]],[[9.84993648,57.03749414],[9.84996189,57.03747104]],[[9.85129023,57.03800174],[9.85132073,57.03798054]],[[9.85359877,57.03927177],[9.85363793,57.03925534]],[[9.85451753,57.04001439],[9.85456015,57.04000075]],[[9.85525975,57.04081359],[9.85530508,57.04080287]],[[9.85588135,57.04164503],[9.85592687,57.04163455]],[[9.85671518,57.04241999],[9.85675327,57.04240282]],[[9.85796162,57.04300765],[9.85798731,57.04298464]],[[9.85949199,57.04334088],[9.8595027,57.04331458]],[[9.86111886,57.04348466],[9.86112756,57.04345814]],[[9.8626687,57.04376496],[9.8626917,57.04374111]],[[9.86507213,57.04496899],[9.86510906,57.04495109]],[[9.87334865,56.97294234],[9.87350118,56.97292778]],[[9.87350118,56.97292778],[9.87350188,56.97292771]],[[9.87350188,56.97292771],[9.87350259,56.97292764]],[[9.87350259,56.97292764],[9.8735033,56.97292757]],[[9.8735033,56.97292757],[9.873504,56.9729275]],[[9.873504,56.9729275],[9.87350471,56.97292744]],[[9.87350471,56.97292744],[9.87350542,56.97292737]],[[9.87350542,56.97292737],[9.87350613,56.97292731]],[[9.87350613,56.97292731],[9.87350683,56.97292723]],[[9.87350683,56.97292723],[9.87350752,56.97292716]],[[9.87350752,56.97292716],[9.87350823,56.9729271]],[[9.87350823,56.9729271],[9.87350894,56.97292703]],[[9.87350894,56.97292703],[9.87350965,56.97292697]],[[9.87350965,56.97292697],[9.87351035,56.9729269]],[[9.87351035,56.9729269],[9.87351106,56.97292683]],[[9.87351106,56.97292683],[9.87351177,56.97292676]],[[9.87351177,56.97292676],[9.87351248,56.97292669]],[[9.87351248,56.97292669],[9.87351318,56.97292663]],[[9.87351318,56.97292663],[9.87351387,56.97292656]],[[9.87351387,56.97292656],[9.87351458,56.9729265]],[[9.87351458,56.9729265],[9.87351529,56.97292643]],[[9.87351529,56.97292643],[9.873516,56.97292635]],[[9.873516,56.97292635],[9.8735167,56.97292629]],[[9.8735167,56.97292629],[9.87351741,56.97292622]],[[9.87351741,56.97292622],[9.87351812,56.97292615]],[[9.87351812,56.97292615],[9.87351882,56.97292609]],[[9.87351882,56.97292609],[9.87351953,56.97292602]],[[9.87351953,56.97292602],[9.87352022,56.97292596]],[[9.87352022,56.97292596],[9.87352093,56.97292588]],[[9.87352093,56.97292588],[9.87352164,56.97292581]],[[9.87352164,56.97292581],[9.87352234,56.97292575]],[[9.87352234,56.97292575],[9.87352305,56.97292568]],[[9.87352305,56.97292568],[9.87352376,56.97292561]],[[9.87352376,56.97292561],[9.87352447,56.97292555]],[[9.87352447,56.97292555],[9.87352517,56.97292548]],[[9.87352517,56.97292548],[9.87352586,56.9729254]],[[9.87352586,56.9729254],[9.87352657,56.97292534]],[[9.87352657,56.97292534],[9.87352728,56.97292527]],[[9.87352728,56.97292527],[9.87352799,56.9729252]],[[9.87352799,56.9729252],[9.87352869,56.97292514]],[[9.87352869,56.97292514],[9.8735294,56.97292507]],[[9.8735294,56.97292507],[9.87353011,56.972925]],[[9.87353011,56.972925],[9.87353082,56.97292493]],[[9.87353082,56.97292493],[9.87353151,56.97292486]],[[9.87353151,56.97292486],[9.87353221,56.97292479]],[[9.87353221,56.97292479],[9.87353292,56.97292473]],[[9.87353292,56.97292473],[9.87353363,56.97292466]],[[9.87353363,56.97292466],[9.87353434,56.97292459]],[[9.87353434,56.97292459],[9.87353504,56.97292452]],[[9.87353504,56.97292452],[9.87353575,56.97292445]],[[9.87353575,56.97292445],[9.87353644,56.97292438]],[[9.87353644,56.97292438],[9.87353715,56.97292431]],[[9.87353715,56.97292431],[9.87353786,56.97292424]],[[9.87353786,56.97292424],[9.87353856,56.97292418]],[[9.87353856,56.97292418],[9.87353927,56.97292411]],[[9.87353927,56.97292411],[9.87353998,56.97292404]],[[9.87353998,56.97292404],[9.87354068,56.97292396]],[[9.87354068,56.97292396],[9.87354138,56.9729239]],[[9.87354138,56.9729239],[9.87354208,56.97292383]],[[9.87354208,56.97292383],[9.87354279,56.97292376]],[[9.87354279,56.97292376],[9.8735435,56.97292369]],[[9.8735435,56.97292369],[9.8735442,56.97292362]],[[9.8735442,56.97292362],[9.87354491,56.97292355]],[[9.87354491,56.97292355],[9.87354562,56.97292348]],[[9.87354562,56.97292348],[9.87354631,56.97292341]],[[9.87354631,56.97292341],[9.87354702,56.97292334]],[[9.87354702,56.97292334],[9.87354772,56.97292327]],[[9.87354772,56.97292327],[9.87354843,56.9729232]],[[9.87354843,56.9729232],[9.87354914,56.97292313]],[[9.87354914,56.97292313],[9.87354985,56.97292306]],[[9.87354985,56.97292306],[9.87355054,56.97292299]],[[9.87355054,56.97292299],[9.87355124,56.97292292]],[[9.87355124,56.97292292],[9.87355195,56.97292285]],[[9.87355195,56.97292285],[9.87355266,56.97292278]],[[9.87355266,56.97292278],[9.87355337,56.97292271]],[[9.87355337,56.97292271],[9.87355406,56.97292264]],[[9.87355406,56.97292264],[9.87355476,56.97292257]],[[9.87355476,56.97292257],[9.87355547,56.9729225]],[[9.87355547,56.9729225],[9.87355618,56.97292243]],[[9.87355618,56.97292243],[9.87355689,56.97292236]],[[9.87355689,56.97292236],[9.87355759,56.97292228]],[[9.87355759,56.97292228],[9.87355829,56.97292221]],[[9.87355829,56.97292221],[9.87355899,56.97292214]],[[9.87355899,56.97292214],[9.87379902,56.97289198]],[[9.87379902,56.97289198],[9.87403344,56.97285072]],[[9.87403344,56.97285072],[9.87426055,56.97279865]],[[9.87426055,56.97279865],[9.87447867,56.97273618]],[[9.87447867,56.97273618],[9.87448856,56.97273303]],[[9.87448856,56.97273303],[9.87449844,56.97272985]],[[9.87449844,56.97272985],[9.8745083,56.97272666]],[[9.8745083,56.97272666],[9.87451812,56.97272344]],[[9.87451812,56.97272344],[9.87452793,56.97272021]],[[9.87452793,56.97272021],[9.87453771,56.97271695]],[[9.87453771,56.97271695],[9.87454748,56.97271368]],[[9.87454748,56.97271368],[9.87455722,56.97271039]],[[9.87455722,56.97271039],[9.87456695,56.97270708]],[[9.87456695,56.97270708],[9.87457665,56.97270375]],[[9.87457665,56.97270375],[9.87458633,56.97270039]],[[9.87458633,56.97270039],[9.87459597,56.97269702]],[[9.87459597,56.97269702],[9.87460562,56.97269364]],[[9.87460562,56.97269364],[9.87461523,56.97269023]],[[9.87461523,56.97269023],[9.87462482,56.97268681]],[[9.87462482,56.97268681],[9.8746344,56.97268337]],[[9.8746344,56.97268337],[9.87464395,56.97267992]],[[9.87464395,56.97267992],[9.87465348,56.97267644]],[[9.87465348,56.97267644],[9.87466299,56.97267296]],[[9.87466299,56.97267296],[9.87467249,56.97266946]],[[9.87467249,56.97266946],[9.87468196,56.97266594]],[[9.87468196,56.97266594],[9.87469143,56.9726624]],[[9.87469143,56.9726624],[9.87470086,56.97265885]],[[9.87470086,56.97265885],[9.87471028,56.97265529]],[[9.87471028,56.97265529],[9.87471968,56.97265171]],[[9.87471968,56.97265171],[9.87472906,56.97264811]],[[9.87472906,56.97264811],[9.87473842,56.9726445]],[[9.87473842,56.9726445],[9.87474777,56.97264089]],[[9.87474777,56.97264089],[9.8747571,56.97263725]],[[9.8747571,56.97263725],[9.87476641,56.9726336]],[[9.87476641,56.9726336],[9.87477571,56.97262994]],[[9.87477571,56.97262994],[9.87478498,56.97262627]],[[9.87478498,56.97262627],[9.87479425,56.97262259]],[[9.87479425,56.97262259],[9.87480348,56.97261889]],[[9.87480348,56.97261889],[9.87481272,56.97261518]],[[9.87481272,56.97261518],[9.87482193,56.97261146]],[[9.87482193,56.97261146],[9.87483113,56.97260772]],[[9.87483113,56.97260772],[9.87484032,56.97260399]],[[9.87484032,56.97260399],[9.87484949,56.97260024]],[[9.87484949,56.97260024],[9.87485864,56.97259647]],[[9.87485864,56.97259647],[9.87486778,56.97259269]],[[9.87486778,56.97259269],[9.87487691,56.97258891]],[[9.87487691,56.97258891],[9.87488601,56.97258512]],[[9.87488601,56.97258512],[9.87489512,56.97258132]],[[9.87489512,56.97258132],[9.87490421,56.97257751]],[[9.87490421,56.97257751],[9.87491328,56.97257368]],[[9.87491328,56.97257368],[9.87492234,56.97256986]],[[9.87492234,56.97256986],[9.87493139,56.97256601]],[[9.87493139,56.97256601],[9.87494043,56.97256217]],[[9.87494043,56.97256217],[9.87494946,56.97255832]],[[9.87494946,56.97255832],[9.87495848,56.97255446]],[[9.87495848,56.97255446],[9.87496749,56.97255059]],[[9.87496749,56.97255059],[9.87497648,56.97254671]],[[9.87497648,56.97254671],[9.87498547,56.97254283]],[[9.87498547,56.97254283],[9.87499444,56.97253894]],[[9.87499444,56.97253894],[9.8750034,56.97253504]],[[9.8750034,56.97253504],[9.87501236,56.97253113]],[[9.87501236,56.97253113],[9.87502132,56.97252723]],[[9.87502132,56.97252723],[9.87503026,56.97252331]],[[9.87503026,56.97252331],[9.87503919,56.9725194]],[[9.87503919,56.9725194],[9.87504811,56.97251547]],[[9.87504811,56.97251547],[9.87505704,56.97251154]],[[9.87505704,56.97251154],[9.87506595,56.97250761]],[[9.87506595,56.97250761],[9.87507485,56.97250366]],[[9.87507485,56.97250366],[9.87508375,56.97249972]],[[9.87508375,56.97249972],[9.87509264,56.97249578]],[[9.87509264,56.97249578],[9.87510152,56.97249183]],[[9.87510152,56.97249183],[9.87511041,56.97248788]],[[9.87511041,56.97248788],[9.87511928,56.97248392]],[[9.87511928,56.97248392],[9.87512814,56.97247996]],[[9.87512814,56.97247996],[9.87513702,56.97247599]],[[9.87513702,56.97247599],[9.87514588,56.97247203]],[[9.87514588,56.97247203],[9.87515474,56.97246806]],[[9.87515474,56.97246806],[9.8751636,56.97246409]],[[9.8751636,56.97246409],[9.87517246,56.97246011]],[[9.87517246,56.97246011],[9.8751813,56.97245614]],[[9.8751813,56.97245614],[9.87519014,56.97245216]],[[9.87519014,56.97245216],[9.875199,56.97244818]],[[9.875199,56.97244818],[9.87520785,56.9724442]],[[9.87520785,56.9724442],[9.87521669,56.97244023]],[[9.87521669,56.97244023],[9.87522553,56.97243625]],[[9.87522553,56.97243625],[9.87523438,56.97243227]],[[9.87523438,56.97243227],[9.87523438,56.97243227]],[[9.87523438,56.97243227],[9.8784182,56.97099965]],[[9.8784182,56.97099965],[9.8784182,56.97099965]],[[9.8784182,56.97099965],[9.87842041,56.97099866]],[[9.87842041,56.97099866],[9.87842261,56.97099766]],[[9.87842261,56.97099766],[9.87842484,56.97099667]],[[9.87842484,56.97099667],[9.87842704,56.97099566]],[[9.87842704,56.97099566],[9.87842925,56.97099467]],[[9.87842925,56.97099467],[9.87843145,56.97099368]],[[9.87843145,56.97099368],[9.87843368,56.97099269]],[[9.87843368,56.97099269],[9.87843588,56.9709917]],[[9.87843588,56.9709917],[9.87843809,56.9709907]],[[9.87843809,56.9709907],[9.87844031,56.97098971]],[[9.87844031,56.97098971],[9.87844252,56.97098871]],[[9.87844252,56.97098871],[9.87844473,56.97098772]],[[9.87844473,56.97098772],[9.87844695,56.97098672]],[[9.87844695,56.97098672],[9.87844916,56.97098573]],[[9.87844916,56.97098573],[9.87845136,56.97098473]],[[9.87845136,56.97098473],[9.87845359,56.97098374]],[[9.87845359,56.97098374],[9.87845579,56.97098275]],[[9.87845579,56.97098275],[9.87845802,56.97098176]],[[9.87845802,56.97098176],[9.87846022,56.97098076]],[[9.87846022,56.97098076],[9.87846244,56.97097977]],[[9.87846244,56.97097977],[9.87846465,56.97097878]],[[9.87846465,56.97097878],[9.87846687,56.97097779]],[[9.87846687,56.97097779],[9.87846908,56.97097679]],[[9.87846908,56.97097679],[9.8784713,56.97097581]],[[9.8784713,56.97097581],[9.87847353,56.97097481]],[[9.87847353,56.97097481],[9.87847573,56.97097383]],[[9.87847573,56.97097383],[9.87847796,56.97097283]],[[9.87847796,56.97097283],[9.87848018,56.97097185]],[[9.87848018,56.97097185],[9.8784824,56.97097086]],[[9.8784824,56.97097086],[9.87848463,56.97096987]],[[9.87848463,56.97096987],[9.87848683,56.97096888]],[[9.87848683,56.97096888],[9.87848905,56.9709679]],[[9.87848905,56.9709679],[9.87849128,56.97096691]],[[9.87849128,56.97096691],[9.8784935,56.97096592]],[[9.8784935,56.97096592],[9.87849572,56.97096493]],[[9.87849572,56.97096493],[9.87849796,56.97096394]],[[9.87849796,56.97096394],[9.87850019,56.97096297]],[[9.87850019,56.97096297],[9.87850241,56.97096198]],[[9.87850241,56.97096198],[9.87850463,56.970961]],[[9.87850463,56.970961],[9.87850685,56.97096001]],[[9.87850685,56.97096001],[9.87850909,56.97095902]],[[9.87850909,56.97095902],[9.87851132,56.97095805]],[[9.87851132,56.97095805],[9.87851356,56.97095706]],[[9.87851356,56.97095706],[9.87851578,56.97095609]],[[9.87851578,56.97095609],[9.87851802,56.9709551]],[[9.87851802,56.9709551],[9.87852024,56.97095412]],[[9.87852024,56.97095412],[9.87852248,56.97095315]],[[9.87852248,56.97095315],[9.87852472,56.97095217]],[[9.87852472,56.97095217],[9.87852696,56.97095119]],[[9.87852696,56.97095119],[9.8785292,56.97095022]],[[9.8785292,56.97095022],[9.87853144,56.97094924]],[[9.87853144,56.97094924],[9.87853368,56.97094826]],[[9.87853368,56.97094826],[9.87853592,56.97094729]],[[9.87853592,56.97094729],[9.87853816,56.97094631]],[[9.87853816,56.97094631],[9.8785404,56.97094534]],[[9.8785404,56.97094534],[9.87854263,56.97094437]],[[9.87854263,56.97094437],[9.87854489,56.9709434]],[[9.87854489,56.9709434],[9.87854713,56.97094243]],[[9.87854713,56.97094243],[9.87854939,56.97094145]],[[9.87854939,56.97094145],[9.87855162,56.97094049]],[[9.87855162,56.97094049],[9.87855388,56.97093952]],[[9.87855388,56.97093952],[9.87855614,56.97093855]],[[9.87855614,56.97093855],[9.87855839,56.97093758]],[[9.87855839,56.97093758],[9.87856065,56.97093662]],[[9.87856065,56.97093662],[9.8785629,56.97093566]],[[9.8785629,56.97093566],[9.87856516,56.9709347]],[[9.87856516,56.9709347],[9.87856742,56.97093373]],[[9.87856742,56.97093373],[9.87856967,56.97093277]],[[9.87856967,56.97093277],[9.87857194,56.97093181]],[[9.87857194,56.97093181],[9.8785742,56.97093085]],[[9.8785742,56.97093085],[9.87857647,56.9709299]],[[9.87857647,56.9709299],[9.87857873,56.97092894]],[[9.87857873,56.97092894],[9.878581,56.97092798]],[[9.878581,56.97092798],[9.87858327,56.97092703]],[[9.87858327,56.97092703],[9.87858554,56.97092607]],[[9.87858554,56.97092607],[9.87858782,56.97092512]],[[9.87858782,56.97092512],[9.87859009,56.97092417]],[[9.87859009,56.97092417],[9.87859236,56.97092322]],[[9.87859236,56.97092322],[9.87859463,56.97092227]],[[9.87859463,56.97092227],[9.87859692,56.97092132]],[[9.87859692,56.97092132],[9.87859919,56.97092038]],[[9.87859919,56.97092038],[9.87860148,56.97091943]],[[9.87860148,56.97091943],[9.87877814,56.97085187]],[[9.87877814,56.97085187],[9.87896358,56.97079173]],[[9.87896358,56.97079173],[9.87915675,56.97073933]],[[9.87915675,56.97073933],[9.87935655,56.97069498]],[[9.87935655,56.97069498],[9.87956187,56.97065894]],[[9.87956187,56.97065894],[9.87957291,56.97065726]],[[9.87957291,56.97065726],[9.87958396,56.97065561]],[[9.87958396,56.97065561],[9.87959503,56.97065398]],[[9.87959503,56.97065398],[9.8796061,56.97065237]],[[9.8796061,56.97065237],[9.87961719,56.97065078]],[[9.87961719,56.97065078],[9.87962828,56.97064922]],[[9.87962828,56.97064922],[9.87963938,56.97064768]],[[9.87963938,56.97064768],[9.8796505,56.97064616]],[[9.8796505,56.97064616],[9.87966162,56.97064467]],[[9.87966162,56.97064467],[9.87967276,56.9706432]],[[9.87967276,56.9706432],[9.87968391,56.97064174]],[[9.87968391,56.97064174],[9.87969506,56.97064031]],[[9.87969506,56.97064031],[9.87970621,56.9706389]],[[9.87970621,56.9706389],[9.8797174,56.97063751]],[[9.8797174,56.97063751],[9.87972857,56.97063614]],[[9.87972857,56.97063614],[9.87973975,56.97063478]],[[9.87973975,56.97063478],[9.87975095,56.97063346]],[[9.87975095,56.97063346],[9.87976216,56.97063214]],[[9.87976216,56.97063214],[9.87977337,56.97063085]],[[9.87977337,56.97063085],[9.87978459,56.97062957]],[[9.87978459,56.97062957],[9.87979581,56.97062832]],[[9.87979581,56.97062832],[9.87980704,56.97062708]],[[9.87980704,56.97062708],[9.87981828,56.97062586]],[[9.87981828,56.97062586],[9.87982953,56.97062466]],[[9.87982953,56.97062466],[9.87984078,56.97062347]],[[9.87984078,56.97062347],[9.87985203,56.9706223]],[[9.87985203,56.9706223],[9.8798633,56.97062115]],[[9.8798633,56.97062115],[9.87987456,56.97062001]],[[9.87987456,56.97062001],[9.87988584,56.97061889]],[[9.87988584,56.97061889],[9.87989711,56.97061779]],[[9.87989711,56.97061779],[9.87990839,56.97061671]],[[9.87990839,56.97061671],[9.87991969,56.97061563]],[[9.87991969,56.97061563],[9.87993098,56.97061457]],[[9.87993098,56.97061457],[9.87994228,56.97061353]],[[9.87994228,56.97061353],[9.87995357,56.9706125]],[[9.87995357,56.9706125],[9.87996489,56.97061149]],[[9.87996489,56.97061149],[9.87997621,56.97061049]],[[9.87997621,56.97061049],[9.87998752,56.97060951]],[[9.87998752,56.97060951],[9.87999884,56.97060853]],[[9.87999884,56.97060853],[9.88001015,56.97060757]],[[9.88001015,56.97060757],[9.88002148,56.97060662]],[[9.88002148,56.97060662],[9.88003282,56.97060569]],[[9.88003282,56.97060569],[9.88004415,56.97060477]],[[9.88004415,56.97060477],[9.88005548,56.97060385]],[[9.88005548,56.97060385],[9.88006681,56.97060295]],[[9.88006681,56.97060295],[9.88007816,56.97060206]],[[9.88007816,56.97060206],[9.88008951,56.97060118]],[[9.88008951,56.97060118],[9.88010085,56.97060031]],[[9.88010085,56.97060031],[9.8801122,56.97059945]],[[9.8801122,56.97059945],[9.88012355,56.97059861]],[[9.88012355,56.97059861],[9.88013491,56.97059777]],[[9.88013491,56.97059777],[9.88014626,56.97059694]],[[9.88014626,56.97059694],[9.88015763,56.97059612]],[[9.88015763,56.97059612],[9.88016899,56.97059531]],[[9.88016899,56.97059531],[9.88018035,56.97059451]],[[9.88018035,56.97059451],[9.88019172,56.97059371]],[[9.88019172,56.97059371],[9.88020308,56.97059293]],[[9.88020308,56.97059293],[9.88021445,56.97059215]],[[9.88021445,56.97059215],[9.88022581,56.97059137]],[[9.88022581,56.97059137],[9.88023719,56.97059061]],[[9.88023719,56.97059061],[9.88024857,56.97058985]],[[9.88024857,56.97058985],[9.88025994,56.9705891]],[[9.88025994,56.9705891],[9.88027132,56.97058835]],[[9.88027132,56.97058835],[9.8802827,56.97058761]],[[9.8802827,56.97058761],[9.88029408,56.97058688]],[[9.88029408,56.97058688],[9.88030546,56.97058615]],[[9.88030546,56.97058615],[9.88031684,56.97058542]],[[9.88031684,56.97058542],[9.88032822,56.9705847]],[[9.88032822,56.9705847],[9.8803396,56.97058399]],[[9.8803396,56.97058399],[9.88035098,56.97058328]],[[9.88035098,56.97058328],[9.88036236,56.97058257]],[[9.88036236,56.97058257],[9.88037376,56.97058186]],[[9.88037376,56.97058186],[9.88038514,56.97058116]],[[9.88038514,56.97058116],[9.88039652,56.97058046]],[[9.88039652,56.97058046],[9.88040791,56.97057976]],[[9.88040791,56.97057976],[9.88041929,56.97057907]],[[9.88041929,56.97057907],[9.88043069,56.97057838]],[[9.88043069,56.97057838],[9.88044207,56.97057769]],[[9.88044207,56.97057769],[9.88045347,56.97057699]],[[9.88045347,56.97057699],[9.88046485,56.9705763]],[[9.88046485,56.9705763],[9.88047623,56.97057561]],[[9.88047623,56.97057561],[9.88048763,56.97057493]],[[9.88048763,56.97057493],[9.88048763,56.97057493]],[[9.88048763,56.97057493],[9.88081058,56.9705554]],[[9.87335572,56.97296446],[9.87334157,56.97292023]],[[9.8808151,56.97057771],[9.88080605,56.97053308]],[[9.87335572,56.97296446],[9.87334157,56.97292023]],[[9.87613759,56.97204332],[9.87610622,56.97202254]],[[9.87867891,56.97090502],[9.8786502,56.97088311]],[[9.87486298,56.97261154],[9.87483336,56.97259]],[[9.87613759,56.97204332],[9.87610622,56.97202254]],[[9.87740662,56.9714723],[9.87737525,56.97145151]],[[9.87867891,56.97090502],[9.8786502,56.97088311]],[[9.88019712,56.97060692],[9.88019089,56.97058019]],[[9.86196717,56.989438],[9.86196772,56.98943877]],[[9.86196772,56.98943877],[9.86196828,56.98943955]],[[9.86196828,56.98943955],[9.86196885,56.98944033]],[[9.86196885,56.98944033],[9.86196941,56.98944111]],[[9.86196941,56.98944111],[9.86196997,56.98944189]],[[9.86196997,56.98944189],[9.86197054,56.98944267]],[[9.86197054,56.98944267],[9.8619711,56.98944345]],[[9.8619711,56.98944345],[9.86197167,56.98944422]],[[9.86197167,56.98944422],[9.86197223,56.98944501]],[[9.86197223,56.98944501],[9.86197278,56.98944579]],[[9.86197278,56.98944579],[9.86197336,56.98944656]],[[9.86197336,56.98944656],[9.86197391,56.98944734]],[[9.86197391,56.98944734],[9.86197448,56.98944812]],[[9.86197448,56.98944812],[9.86197504,56.98944891]],[[9.86197504,56.98944891],[9.86197561,56.98944968]],[[9.86197561,56.98944968],[9.86197617,56.98945046]],[[9.86197617,56.98945046],[9.86197674,56.98945124]],[[9.86197674,56.98945124],[9.8619773,56.98945202]],[[9.8619773,56.98945202],[9.86197787,56.9894528]],[[9.86197787,56.9894528],[9.86197843,56.98945358]],[[9.86197843,56.98945358],[9.861979,56.98945435]],[[9.861979,56.98945435],[9.86197956,56.98945513]],[[9.86197956,56.98945513],[9.86198013,56.98945592]],[[9.86198013,56.98945592],[9.86198069,56.98945669]],[[9.86198069,56.98945669],[9.86198126,56.98945747]],[[9.86198126,56.98945747],[9.86198182,56.98945824]],[[9.86198182,56.98945824],[9.86198239,56.98945903]],[[9.86198239,56.98945903],[9.86198295,56.98945981]],[[9.86198295,56.98945981],[9.86198352,56.98946058]],[[9.86198352,56.98946058],[9.86198408,56.98946136]],[[9.86198408,56.98946136],[9.86198465,56.98946214]],[[9.86198465,56.98946214],[9.86198522,56.98946292]],[[9.86198522,56.98946292],[9.86198578,56.9894637]],[[9.86198578,56.9894637],[9.86198635,56.98946447]],[[9.86198635,56.98946447],[9.86198691,56.98946525]],[[9.86198691,56.98946525],[9.86198748,56.98946604]],[[9.86198748,56.98946604],[9.86198805,56.98946681]],[[9.86198805,56.98946681],[9.86198861,56.98946759]],[[9.86198861,56.98946759],[9.86198918,56.98946836]],[[9.86198918,56.98946836],[9.86198975,56.98946915]],[[9.86198975,56.98946915],[9.86199031,56.98946993]],[[9.86199031,56.98946993],[9.86199088,56.9894707]],[[9.86199088,56.9894707],[9.86199146,56.98947148]],[[9.86199146,56.98947148],[9.86199201,56.98947225]],[[9.86199201,56.98947225],[9.86199259,56.98947304]],[[9.86199259,56.98947304],[9.86199316,56.98947382]],[[9.86199316,56.98947382],[9.86199372,56.98947459]],[[9.86199372,56.98947459],[9.86199429,56.98947537]],[[9.86199429,56.98947537],[9.86199486,56.98947615]],[[9.86199486,56.98947615],[9.86199543,56.98947693]],[[9.86199543,56.98947693],[9.86199599,56.9894777]],[[9.86199599,56.9894777],[9.86199656,56.98947848]],[[9.86199656,56.98947848],[9.86199714,56.98947927]],[[9.86199714,56.98947927],[9.86199771,56.98948004]],[[9.86199771,56.98948004],[9.86199827,56.98948082]],[[9.86199827,56.98948082],[9.86199884,56.98948159]],[[9.86199884,56.98948159],[9.86199941,56.98948237]],[[9.86199941,56.98948237],[9.86199998,56.98948315]],[[9.86199998,56.98948315],[9.86200056,56.98948393]],[[9.86200056,56.98948393],[9.86200111,56.9894847]],[[9.86200111,56.9894847],[9.86200169,56.98948548]],[[9.86200169,56.98948548],[9.86200226,56.98948626]],[[9.86200226,56.98948626],[9.86200283,56.98948704]],[[9.86200283,56.98948704],[9.86200341,56.98948781]],[[9.86200341,56.98948781],[9.86200398,56.98948859]],[[9.86200398,56.98948859],[9.86200455,56.98948937]],[[9.86200455,56.98948937],[9.86200511,56.98949015]],[[9.86200511,56.98949015],[9.86200568,56.98949092]],[[9.86200568,56.98949092],[9.86200625,56.9894917]],[[9.86200625,56.9894917],[9.86200683,56.98949248]],[[9.86200683,56.98949248],[9.8620074,56.98949326]],[[9.8620074,56.98949326],[9.86200797,56.98949403]],[[9.86200797,56.98949403],[9.86200855,56.98949481]],[[9.86200855,56.98949481],[9.86200912,56.98949559]],[[9.86200912,56.98949559],[9.86200969,56.98949637]],[[9.86200969,56.98949637],[9.86201026,56.98949714]],[[9.86201026,56.98949714],[9.86201084,56.98949792]],[[9.86201084,56.98949792],[9.86201141,56.9894987]],[[9.86201141,56.9894987],[9.86201198,56.98949948]],[[9.86201198,56.98949948],[9.86201256,56.98950025]],[[9.86201256,56.98950025],[9.86201313,56.98950103]],[[9.86201313,56.98950103],[9.8620137,56.98950181]],[[9.8620137,56.98950181],[9.86235261,56.98992786]],[[9.86235261,56.98992786],[9.86273308,56.99034333]],[[9.86273308,56.99034333],[9.863154,56.99074701]],[[9.863154,56.99074701],[9.8631651,56.990757]],[[9.8631651,56.990757],[9.86317621,56.99076698]],[[9.86317621,56.99076698],[9.86318736,56.99077695]],[[9.86318736,56.99077695],[9.86319853,56.99078692]],[[9.86319853,56.99078692],[9.86320973,56.99079687]],[[9.86320973,56.99079687],[9.86322093,56.99080682]],[[9.86322093,56.99080682],[9.86323218,56.99081676]],[[9.86323218,56.99081676],[9.86324343,56.9908267]],[[9.86324343,56.9908267],[9.86325471,56.99083662]],[[9.86325471,56.99083662],[9.86326603,56.99084654]],[[9.86326603,56.99084654],[9.86327734,56.99085645]],[[9.86327734,56.99085645],[9.86328869,56.99086636]],[[9.86328869,56.99086636],[9.86330007,56.99087626]],[[9.86330007,56.99087626],[9.86331145,56.99088615]],[[9.86331145,56.99088615],[9.86332286,56.99089603]],[[9.86332286,56.99089603],[9.86333429,56.9909059]],[[9.86333429,56.9909059],[9.86334574,56.99091577]],[[9.86334574,56.99091577],[9.8633572,56.99092563]],[[9.8633572,56.99092563],[9.8633687,56.99093549]],[[9.8633687,56.99093549],[9.8633802,56.99094534]],[[9.8633802,56.99094534],[9.86339173,56.99095518]],[[9.86339173,56.99095518],[9.86340327,56.99096502]],[[9.86340327,56.99096502],[9.86341483,56.99097485]],[[9.86341483,56.99097485],[9.86342641,56.99098467]],[[9.86342641,56.99098467],[9.86343801,56.99099449]],[[9.86343801,56.99099449],[9.86344962,56.9910043]],[[9.86344962,56.9910043],[9.86346125,56.99101411]],[[9.86346125,56.99101411],[9.86347289,56.99102391]],[[9.86347289,56.99102391],[9.86348455,56.9910337]],[[9.86348455,56.9910337],[9.86349623,56.99104349]],[[9.86349623,56.99104349],[9.86350792,56.99105327]],[[9.86350792,56.99105327],[9.86351964,56.99106305]],[[9.86351964,56.99106305],[9.86353135,56.99107282]],[[9.86353135,56.99107282],[9.86354309,56.9910826]],[[9.86354309,56.9910826],[9.86355485,56.99109235]],[[9.86355485,56.99109235],[9.86356661,56.99110211]],[[9.86356661,56.99110211],[9.86357839,56.99111187]],[[9.86357839,56.99111187],[9.86359018,56.99112161]],[[9.86359018,56.99112161],[9.86360199,56.99113136]],[[9.86360199,56.99113136],[9.8636138,56.9911411]],[[9.8636138,56.9911411],[9.86362562,56.99115083]],[[9.86362562,56.99115083],[9.86363746,56.99116056]],[[9.86363746,56.99116056],[9.86364932,56.99117029]],[[9.86364932,56.99117029],[9.8636612,56.99118001]],[[9.8636612,56.99118001],[9.86367307,56.99118973]],[[9.86367307,56.99118973],[9.86368495,56.99119944]],[[9.86368495,56.99119944],[9.86369686,56.99120915]],[[9.86369686,56.99120915],[9.86370877,56.99121885]],[[9.86370877,56.99121885],[9.86372067,56.99122856]],[[9.86372067,56.99122856],[9.86373262,56.99123826]],[[9.86373262,56.99123826],[9.86374454,56.99124795]],[[9.86374454,56.99124795],[9.8637565,56.99125764]],[[9.8637565,56.99125764],[9.86376846,56.99126733]],[[9.86376846,56.99126733],[9.86378041,56.99127701]],[[9.86378041,56.99127701],[9.86379239,56.9912867]],[[9.86379239,56.9912867],[9.86380436,56.99129637]],[[9.86380436,56.99129637],[9.86381635,56.99130605]],[[9.86381635,56.99130605],[9.86382834,56.99131573]],[[9.86382834,56.99131573],[9.86384035,56.9913254]],[[9.86384035,56.9913254],[9.86385236,56.99133507]],[[9.86385236,56.99133507],[9.86386438,56.99134473]],[[9.86386438,56.99134473],[9.86387639,56.9913544]],[[9.86387639,56.9913544],[9.86388843,56.99136406]],[[9.86388843,56.99136406],[9.86390045,56.99137372]],[[9.86390045,56.99137372],[9.86391249,56.99138337]],[[9.86391249,56.99138337],[9.86392453,56.99139303]],[[9.86392453,56.99139303],[9.86393659,56.99140269]],[[9.86393659,56.99140269],[9.86394863,56.99141234]],[[9.86394863,56.99141234],[9.86396068,56.99142199]],[[9.86396068,56.99142199],[9.86397276,56.99143164]],[[9.86397276,56.99143164],[9.86398481,56.99144129]],[[9.86398481,56.99144129],[9.86399689,56.99145093]],[[9.86399689,56.99145093],[9.86400894,56.99146058]],[[9.86400894,56.99146058],[9.86402102,56.99147023]],[[9.86402102,56.99147023],[9.86403311,56.99147987]],[[9.86403311,56.99147987],[9.86404518,56.99148952]],[[9.86404518,56.99148952],[9.86405725,56.99149916]],[[9.86405725,56.99149916],[9.86406933,56.9915088]],[[9.86406933,56.9915088],[9.86408142,56.99151845]],[[9.86408142,56.99151845],[9.86409349,56.99152809]],[[9.86409349,56.99152809],[9.86410558,56.99153773]],[[9.86410558,56.99153773],[9.86411767,56.99154737]],[[9.86411767,56.99154737],[9.86411767,56.99154737]],[[9.86411767,56.99154737],[9.86794024,56.99459719]],[[9.86739532,56.99420224],[9.86746322,56.99417689]],[[9.86210639,56.98965936],[9.86215182,56.98964882]],[[9.86369487,56.99123173],[9.86373587,56.99121673]],[[9.86555096,56.99271485],[9.8655917,56.99269964]],[[9.86210639,56.98965936],[9.86215182,56.98964882]],[[9.86282857,56.99046732],[9.86287173,56.99045426]],[[9.86369487,56.99123173],[9.86373587,56.99121673]],[[9.86462205,56.99197369],[9.86466279,56.99195847]],[[9.86555096,56.99271485],[9.8655917,56.99269964]],[[9.86647992,56.99345602],[9.86652066,56.9934408]],[[9.91235942,57.09977275],[9.91282454,57.09944031]],[[9.91282454,57.09944031],[9.9132433,57.09909011]],[[9.9132433,57.09909011],[9.91361342,57.09872403]],[[9.91361342,57.09872403],[9.91393288,57.09834408]],[[9.91393288,57.09834408],[9.91419994,57.09795234]],[[9.91419994,57.09795234],[9.91537584,57.09601025]],[[9.91537584,57.09601025],[9.91558522,57.09569926]],[[9.91558522,57.09569926],[9.91583176,57.09539646]],[[9.91583176,57.09539646],[9.91611438,57.09510314]],[[9.91611438,57.09510314],[9.91643184,57.09482058]],[[9.91643184,57.09482058],[9.91698754,57.09439728]],[[9.91698754,57.09439728],[9.9176016,57.0939986]],[[9.9176016,57.0939986],[9.91827035,57.0936269]],[[9.91827035,57.0936269],[9.91898979,57.09328441]],[[9.91332281,57.09904346],[9.91328007,57.09902986]],[[9.91237854,57.09978129],[9.9123403,57.09976419]],[[9.91404089,57.09823365],[9.91399475,57.0982239]],[[9.91457096,57.09738263],[9.91452395,57.0973742]],[[9.91508736,57.09652976],[9.91504036,57.09652132]],[[9.91562486,57.09568199],[9.91557907,57.09567177]],[[9.91638114,57.09488797],[9.91633942,57.09487348]],[[9.91736057,57.09416848],[9.91732286,57.09415103]],[[9.9185072,57.0935263],[9.91847408,57.09350627]],[[9.87924164,56.97847844],[9.87911148,56.97780576]],[[9.87911148,56.97780576],[9.87898493,56.97713287]],[[9.87898493,56.97713287],[9.87886193,56.97645978]],[[9.87886193,56.97645978],[9.878811,56.976167]],[[9.878811,56.976167],[9.87876357,56.97587405]],[[9.87876357,56.97587405],[9.87871967,56.97558092]],[[9.87871967,56.97558092],[9.87856206,56.97448451]],[[9.87856206,56.97448451],[9.87856206,56.97448451]],[[9.87856206,56.97448451],[9.87856127,56.97447905]],[[9.87856127,56.97447905],[9.8785605,56.9744736]],[[9.8785605,56.9744736],[9.87855971,56.97446814]],[[9.87855971,56.97446814],[9.87855894,56.97446268]],[[9.87855894,56.97446268],[9.87855817,56.97445722]],[[9.87855817,56.97445722],[9.87855742,56.97445176]],[[9.87855742,56.97445176],[9.87855666,56.97444629]],[[9.87855666,56.97444629],[9.87855591,56.97444083]],[[9.87855591,56.97444083],[9.87855518,56.97443537]],[[9.87855518,56.97443537],[9.87855446,56.97442991]],[[9.87855446,56.97442991],[9.87855375,56.97442445]],[[9.87855375,56.97442445],[9.87855308,56.97441899]],[[9.87855308,56.97441899],[9.87855241,56.97441352]],[[9.87855241,56.97441352],[9.87855175,56.97440806]],[[9.87855175,56.97440806],[9.87855113,56.97440259]],[[9.87855113,56.97440259],[9.87855052,56.97439713]],[[9.87855052,56.97439713],[9.87854995,56.97439166]],[[9.87854995,56.97439166],[9.87854939,56.97438619]],[[9.87854939,56.97438619],[9.87854885,56.97438073]],[[9.87854885,56.97438073],[9.87854836,56.97437526]],[[9.87854836,56.97437526],[9.87854788,56.97436979]],[[9.87854788,56.97436979],[9.87854744,56.97436432]],[[9.87854744,56.97436432],[9.87854703,56.97435885]],[[9.87854703,56.97435885],[9.87854665,56.97435338]],[[9.87854665,56.97435338],[9.87854632,56.97434791]],[[9.87854632,56.97434791],[9.87854601,56.97434243]],[[9.87854601,56.97434243],[9.87854575,56.97433696]],[[9.87854575,56.97433696],[9.87854554,56.97433148]],[[9.87854554,56.97433148],[9.87854536,56.974326]],[[9.87854536,56.974326],[9.87854521,56.97432054]],[[9.87854521,56.97432054],[9.87854513,56.97431506]],[[9.87854513,56.97431506],[9.87854508,56.97430958]],[[9.87854508,56.97430958],[9.87854509,56.97430411]],[[9.87854509,56.97430411],[9.87854514,56.97429863]],[[9.87854514,56.97429863],[9.87854524,56.97429315]],[[9.87854524,56.97429315],[9.87854539,56.97428768]],[[9.87854539,56.97428768],[9.8785456,56.97428221]],[[9.8785456,56.97428221],[9.87854587,56.97427673]],[[9.87854587,56.97427673],[9.87854618,56.97427126]],[[9.87854618,56.97427126],[9.87854656,56.97426578]],[[9.87854656,56.97426578],[9.878547,56.97426032]],[[9.878547,56.97426032],[9.8785475,56.97425485]],[[9.8785475,56.97425485],[9.87854806,56.97424938]],[[9.87854806,56.97424938],[9.87854869,56.97424392]],[[9.87854869,56.97424392],[9.87854938,56.97423845]],[[9.87854938,56.97423845],[9.87855014,56.97423299]],[[9.87855014,56.97423299],[9.87855096,56.97422753]],[[9.87855096,56.97422753],[9.87855185,56.97422208]],[[9.87855185,56.97422208],[9.87855282,56.97421663]],[[9.87855282,56.97421663],[9.87855386,56.97421118]],[[9.87855386,56.97421118],[9.87855498,56.97420574]],[[9.87855498,56.97420574],[9.87855616,56.97420031]],[[9.87855616,56.97420031],[9.87855743,56.97419488]],[[9.87855743,56.97419488],[9.87855878,56.97418945]],[[9.87855878,56.97418945],[9.87856019,56.97418402]],[[9.87856019,56.97418402],[9.87856171,56.97417861]],[[9.87856171,56.97417861],[9.87856329,56.97417321]],[[9.87856329,56.97417321],[9.87856497,56.97416781]],[[9.87856497,56.97416781],[9.87856673,56.97416242]],[[9.87856673,56.97416242],[9.87856857,56.97415704]],[[9.87856857,56.97415704],[9.87857049,56.97415166]],[[9.87857049,56.97415166],[9.87857252,56.9741463]],[[9.87857252,56.9741463],[9.87857462,56.97414094]],[[9.87857462,56.97414094],[9.87857683,56.9741356]],[[9.87857683,56.9741356],[9.87857913,56.97413028]],[[9.87857913,56.97413028],[9.87858152,56.97412496]],[[9.87858152,56.97412496],[9.878584,56.97411965]],[[9.878584,56.97411965],[9.87858658,56.97411436]],[[9.87858658,56.97411436],[9.87858926,56.97410909]],[[9.87858926,56.97410909],[9.87859204,56.97410383]],[[9.87859204,56.97410383],[9.87859492,56.97409858]],[[9.87859492,56.97409858],[9.8785979,56.97409335]],[[9.8785979,56.97409335],[9.87860099,56.97408814]],[[9.87860099,56.97408814],[9.87860416,56.97408295]],[[9.87860416,56.97408295],[9.87860745,56.97407777]],[[9.87860745,56.97407777],[9.87861086,56.97407262]],[[9.87861086,56.97407262],[9.87861436,56.9740675]],[[9.87861436,56.9740675],[9.87861796,56.97406238]],[[9.87861796,56.97406238],[9.8786217,56.9740573]],[[9.8786217,56.9740573],[9.87862551,56.97405224]],[[9.87862551,56.97405224],[9.87862946,56.9740472]],[[9.87862946,56.9740472],[9.8786335,56.97404219]],[[9.8786335,56.97404219],[9.87866499,56.97400786]],[[9.87866499,56.97400786],[9.87870173,56.97397514]],[[9.87870173,56.97397514],[9.87874345,56.97394424]],[[9.87874345,56.97394424],[9.87878987,56.9739154]],[[9.87878987,56.9739154],[9.87884062,56.97388883]],[[9.87884062,56.97388883],[9.87889534,56.97386474]],[[9.87889534,56.97386474],[9.87895362,56.97384327]],[[9.87895362,56.97384327],[9.87901506,56.97382461]],[[9.87901506,56.97382461],[9.87907918,56.97380888]],[[9.87907918,56.97380888],[9.87914554,56.9737962]],[[9.87914554,56.9737962],[9.87921363,56.97378666]],[[9.87921363,56.97378666],[9.87928297,56.97378033]],[[9.87928297,56.97378033],[9.87935305,56.97377727]],[[9.87935305,56.97377727],[9.87942335,56.97377748]],[[9.87942335,56.97377748],[9.87949335,56.97378097]],[[9.87949335,56.97378097],[9.87956256,56.9737877]],[[9.87956256,56.9737877],[9.87963046,56.97379766]],[[9.87963046,56.97379766],[9.87969655,56.97381073]],[[9.87969655,56.97381073],[9.87976035,56.97382685]],[[9.87976035,56.97382685],[9.87982141,56.97384587]],[[9.87982141,56.97384587],[9.87987927,56.97386769]],[[9.87987927,56.97386769],[9.87993349,56.97389211]],[[9.87993349,56.97389211],[9.8799837,56.97391899]],[[9.8799837,56.97391899],[9.87999051,56.97392301]],[[9.87999051,56.97392301],[9.87999724,56.97392707]],[[9.87999724,56.97392707],[9.88000387,56.97393117]],[[9.88000387,56.97393117],[9.8800104,56.97393533]],[[9.8800104,56.97393533],[9.88001687,56.97393952]],[[9.88001687,56.97393952],[9.88002324,56.97394375]],[[9.88002324,56.97394375],[9.8800295,56.97394802]],[[9.8800295,56.97394802],[9.88003569,56.97395232]],[[9.88003569,56.97395232],[9.88004179,56.97395667]],[[9.88004179,56.97395667],[9.8800478,56.97396106]],[[9.8800478,56.97396106],[9.88005374,56.97396547]],[[9.88005374,56.97396547],[9.88005956,56.97396992]],[[9.88005956,56.97396992],[9.88006532,56.97397441]],[[9.88006532,56.97397441],[9.88007097,56.97397893]],[[9.88007097,56.97397893],[9.88007657,56.97398348]],[[9.88007657,56.97398348],[9.88008206,56.97398806]],[[9.88008206,56.97398806],[9.88008746,56.97399267]],[[9.88008746,56.97399267],[9.88009279,56.97399731]],[[9.88009279,56.97399731],[9.88009803,56.97400197]],[[9.88009803,56.97400197],[9.88010318,56.97400667]],[[9.88010318,56.97400667],[9.88010826,56.97401139]],[[9.88010826,56.97401139],[9.88011326,56.97401614]],[[9.88011326,56.97401614],[9.88011818,56.97402091]],[[9.88011818,56.97402091],[9.880123,56.97402571]],[[9.880123,56.97402571],[9.88012777,56.97403053]],[[9.88012777,56.97403053],[9.88013244,56.97403538]],[[9.88013244,56.97403538],[9.88013705,56.97404024]],[[9.88013705,56.97404024],[9.88014157,56.97404513]],[[9.88014157,56.97404513],[9.88014601,56.97405003]],[[9.88014601,56.97405003],[9.88015038,56.97405496]],[[9.88015038,56.97405496],[9.88015468,56.97405991]],[[9.88015468,56.97405991],[9.8801589,56.97406487]],[[9.8801589,56.97406487],[9.88016306,56.97406986]],[[9.88016306,56.97406986],[9.88016714,56.97407486]],[[9.88016714,56.97407486],[9.88017115,56.97407988]],[[9.88017115,56.97407988],[9.8801751,56.97408491]],[[9.8801751,56.97408491],[9.88017898,56.97408997]],[[9.88017898,56.97408997],[9.88018278,56.97409502]],[[9.88018278,56.97409502],[9.88018653,56.97410011]],[[9.88018653,56.97410011],[9.8801902,56.97410521]],[[9.8801902,56.97410521],[9.88019382,56.97411031]],[[9.88019382,56.97411031],[9.88019737,56.97411543]],[[9.88019737,56.97411543],[9.88020085,56.97412056]],[[9.88020085,56.97412056],[9.88020427,56.97412571]],[[9.88020427,56.97412571],[9.88020764,56.97413087]],[[9.88020764,56.97413087],[9.88021097,56.97413604]],[[9.88021097,56.97413604],[9.88021421,56.97414121]],[[9.88021421,56.97414121],[9.88021741,56.97414641]],[[9.88021741,56.97414641],[9.88022055,56.97415161]],[[9.88022055,56.97415161],[9.88022364,56.97415682]],[[9.88022364,56.97415682],[9.88022667,56.97416203]],[[9.88022667,56.97416203],[9.88022966,56.97416726]],[[9.88022966,56.97416726],[9.88023259,56.9741725]],[[9.88023259,56.9741725],[9.88023548,56.97417775]],[[9.88023548,56.97417775],[9.88023831,56.97418299]],[[9.88023831,56.97418299],[9.8802411,56.97418825]],[[9.8802411,56.97418825],[9.88024385,56.97419352]],[[9.88024385,56.97419352],[9.88024655,56.9741988]],[[9.88024655,56.9741988],[9.88024921,56.97420407]],[[9.88024921,56.97420407],[9.88025182,56.97420936]],[[9.88025182,56.97420936],[9.8802544,56.97421465]],[[9.8802544,56.97421465],[9.88025694,56.97421995]],[[9.88025694,56.97421995],[9.88025944,56.97422525]],[[9.88025944,56.97422525],[9.8802619,56.97423056]],[[9.8802619,56.97423056],[9.88026433,56.97423588]],[[9.88026433,56.97423588],[9.88026672,56.97424118]],[[9.88026672,56.97424118],[9.88026909,56.97424651]],[[9.88026909,56.97424651],[9.8802714,56.97425184]],[[9.8802714,56.97425184],[9.88027371,56.97425717]],[[9.88027371,56.97425717],[9.88027597,56.9742625]],[[9.88027597,56.9742625],[9.88027823,56.97426784]],[[9.88027823,56.97426784],[9.88028045,56.97427318]],[[9.88028045,56.97427318],[9.88028263,56.97427852]],[[9.88028263,56.97427852],[9.8802848,56.97428387]],[[9.8802848,56.97428387],[9.88028694,56.97428921]],[[9.88028694,56.97428921],[9.88028906,56.97429457]],[[9.88028906,56.97429457],[9.88029116,56.97429992]],[[9.88029116,56.97429992],[9.88029325,56.97430527]],[[9.88029325,56.97430527],[9.88029532,56.97431064]],[[9.88029532,56.97431064],[9.88029738,56.97431599]],[[9.88029738,56.97431599],[9.88029941,56.97432135]],[[9.88029941,56.97432135],[9.88030144,56.97432672]],[[9.88030144,56.97432672],[9.88033595,56.97442392]],[[9.88033595,56.97442392],[9.88036654,56.97452152]],[[9.88036654,56.97452152],[9.88039316,56.97461947]],[[9.87928252,56.97847604],[9.87920077,56.97848083]],[[9.88035243,56.97462252],[9.88043389,56.97461642]],[[9.87919678,56.978035],[9.879115,56.9780397]],[[9.87884971,56.97624919],[9.8788006,56.9762517]],[[9.87858321,56.97445931],[9.87853402,56.97446138]],[[9.88029129,56.97436753],[9.8803397,56.97436234]],[[9.87901154,56.97714273],[9.87896246,56.97714545]],[[9.87884971,56.97624919],[9.8788006,56.9762517]],[[9.87871187,56.97535454],[9.87866269,56.97535666]],[[9.87858321,56.97445931],[9.87853402,56.97446138]],[[9.8793079,56.97379239],[9.87930321,56.97376558]],[[9.88029129,56.97436753],[9.8803397,56.97436234]],[[9.86703563,56.99023008],[9.86678241,56.99043542]],[[9.86678241,56.99043542],[9.86652789,56.99064028]],[[9.86652789,56.99064028],[9.86627206,56.99084466]],[[9.86627206,56.99084466],[9.86624679,56.99086478]],[[9.86624679,56.99086478],[9.86622151,56.99088489]],[[9.86622151,56.99088489],[9.86619625,56.99090501]],[[9.86619625,56.99090501],[9.86617098,56.99092512]],[[9.86617098,56.99092512],[9.86614572,56.99094524]],[[9.86614572,56.99094524],[9.86612044,56.99096536]],[[9.86612044,56.99096536],[9.86609518,56.99098548]],[[9.86609518,56.99098548],[9.86606992,56.9910056]],[[9.86606992,56.9910056],[9.86604468,56.99102572]],[[9.86604468,56.99102572],[9.86601944,56.99104585]],[[9.86601944,56.99104585],[9.8659942,56.99106597]],[[9.8659942,56.99106597],[9.86596895,56.99108611]],[[9.86596895,56.99108611],[9.86594373,56.99110624]],[[9.86594373,56.99110624],[9.8659185,56.99112637]],[[9.8659185,56.99112637],[9.86589329,56.99114651]],[[9.86589329,56.99114651],[9.86586808,56.99116665]],[[9.86586808,56.99116665],[9.86584289,56.99118679]],[[9.86584289,56.99118679],[9.86581769,56.99120694]],[[9.86581769,56.99120694],[9.86579252,56.99122709]],[[9.86579252,56.99122709],[9.86576736,56.99124725]],[[9.86576736,56.99124725],[9.86574219,56.99126741]],[[9.86574219,56.99126741],[9.86571705,56.99128757]],[[9.86571705,56.99128757],[9.86569192,56.99130774]],[[9.86569192,56.99130774],[9.86566681,56.99132791]],[[9.86566681,56.99132791],[9.8656417,56.99134809]],[[9.8656417,56.99134809],[9.8656166,56.99136827]],[[9.8656166,56.99136827],[9.86559152,56.99138846]],[[9.86559152,56.99138846],[9.86556646,56.99140865]],[[9.86556646,56.99140865],[9.86554142,56.99142886]],[[9.86554142,56.99142886],[9.86551639,56.99144906]],[[9.86551639,56.99144906],[9.86549137,56.99146927]],[[9.86549137,56.99146927],[9.86546638,56.99148949]],[[9.86546638,56.99148949],[9.86544139,56.99150972]],[[9.86544139,56.99150972],[9.86541643,56.99152995]],[[9.86541643,56.99152995],[9.8653915,56.99155018]],[[9.8653915,56.99155018],[9.86536657,56.99157043]],[[9.86536657,56.99157043],[9.86534167,56.99159068]],[[9.86534167,56.99159068],[9.86531679,56.99161094]],[[9.86531679,56.99161094],[9.86529192,56.99163121]],[[9.86529192,56.99163121],[9.86526709,56.99165149]],[[9.86526709,56.99165149],[9.86524227,56.99167177]],[[9.86524227,56.99167177],[9.86521749,56.99169207]],[[9.86521749,56.99169207],[9.86519271,56.99171236]],[[9.86519271,56.99171236],[9.86516797,56.99173268]],[[9.86516797,56.99173268],[9.86514325,56.991753]],[[9.86514325,56.991753],[9.86511855,56.99177332]],[[9.86511855,56.99177332],[9.86509388,56.99179366]],[[9.86509388,56.99179366],[9.86506923,56.99181401]],[[9.86506923,56.99181401],[9.86504461,56.99183437]],[[9.86504461,56.99183437],[9.86502002,56.99185474]],[[9.86502002,56.99185474],[9.86499547,56.99187511]],[[9.86499547,56.99187511],[9.86497093,56.9918955]],[[9.86497093,56.9918955],[9.86494643,56.99191589]],[[9.86494643,56.99191589],[9.86492196,56.9919363]],[[9.86492196,56.9919363],[9.86489752,56.99195672]],[[9.86489752,56.99195672],[9.86487309,56.99197715]],[[9.86487309,56.99197715],[9.86484872,56.99199759]],[[9.86484872,56.99199759],[9.86482438,56.99201804]],[[9.86482438,56.99201804],[9.86480006,56.99203851]],[[9.86480006,56.99203851],[9.86477578,56.99205898]],[[9.86477578,56.99205898],[9.86475152,56.99207947]],[[9.86475152,56.99207947],[9.86472732,56.99209997]],[[9.86472732,56.99209997],[9.86470314,56.99212048]],[[9.86470314,56.99212048],[9.864679,56.99214101]],[[9.864679,56.99214101],[9.86465488,56.99216155]],[[9.86465488,56.99216155],[9.86463081,56.9921821]],[[9.86463081,56.9921821],[9.86460678,56.99220266]],[[9.86460678,56.99220266],[9.86458278,56.99222324]],[[9.86458278,56.99222324],[9.86455882,56.99224383]],[[9.86455882,56.99224383],[9.86453491,56.99226443]],[[9.86453491,56.99226443],[9.86451103,56.99228505]],[[9.86451103,56.99228505],[9.86448719,56.99230568]],[[9.86448719,56.99230568],[9.8644634,56.99232633]],[[9.8644634,56.99232633],[9.86443965,56.99234698]],[[9.86443965,56.99234698],[9.86441593,56.99236766]],[[9.86441593,56.99236766],[9.86439226,56.99238835]],[[9.86439226,56.99238835],[9.86436863,56.99240905]],[[9.86436863,56.99240905],[9.86434506,56.99242977]],[[9.86434506,56.99242977],[9.86432151,56.9924505]],[[9.86432151,56.9924505],[9.86429802,56.99247126]],[[9.86429802,56.99247126],[9.86427457,56.99249202]],[[9.86427457,56.99249202],[9.86425118,56.99251279]],[[9.86425118,56.99251279],[9.86289562,56.99382834]],[[9.86289562,56.99382834],[9.86172795,56.99519653]],[[9.86172795,56.99519653],[9.86075497,56.99660937]],[[9.86075497,56.99660937],[9.85998238,56.99805862]],[[9.85998238,56.99805862],[9.85941473,56.99953583]],[[9.85941473,56.99953583],[9.85905536,57.00103238]],[[9.85905536,57.00103238],[9.85890636,57.00253954]],[[9.85890636,57.00253954],[9.85890569,57.00256392]],[[9.85890569,57.00256392],[9.85890507,57.00258831]],[[9.85890507,57.00258831],[9.8589045,57.0026127]],[[9.8589045,57.0026127],[9.85890398,57.00263709]],[[9.85890398,57.00263709],[9.85890352,57.00266148]],[[9.85890352,57.00266148],[9.85890312,57.00268587]],[[9.85890312,57.00268587],[9.85890276,57.00271026]],[[9.85890276,57.00271026],[9.85890246,57.00273465]],[[9.85890246,57.00273465],[9.8589022,57.00275904]],[[9.8589022,57.00275904],[9.85890199,57.00278344]],[[9.85890199,57.00278344],[9.85890184,57.00280783]],[[9.85890184,57.00280783],[9.85890173,57.00283222]],[[9.85890173,57.00283222],[9.85890165,57.00285661]],[[9.85890165,57.00285661],[9.85890164,57.002881]],[[9.85890164,57.002881],[9.85890166,57.00290539]],[[9.85890166,57.00290539],[9.85890174,57.00292979]],[[9.85890174,57.00292979],[9.85890186,57.00295418]],[[9.85890186,57.00295418],[9.85890203,57.00297857]],[[9.85890203,57.00297857],[9.85890223,57.00300296]],[[9.85890223,57.00300296],[9.85890247,57.00302735]],[[9.85890247,57.00302735],[9.85890276,57.00305174]],[[9.85890276,57.00305174],[9.85890309,57.00307613]],[[9.85890309,57.00307613],[9.85890346,57.00310052]],[[9.85890346,57.00310052],[9.85890388,57.00312491]],[[9.85890388,57.00312491],[9.85890433,57.0031493]],[[9.85890433,57.0031493],[9.85890481,57.00317369]],[[9.85890481,57.00317369],[9.85890533,57.00319808]],[[9.85890533,57.00319808],[9.85890589,57.00322247]],[[9.85890589,57.00322247],[9.85890649,57.00324686]],[[9.85890649,57.00324686],[9.85890712,57.00327125]],[[9.85890712,57.00327125],[9.85890779,57.00329563]],[[9.85890779,57.00329563],[9.8589085,57.00332002]],[[9.8589085,57.00332002],[9.85890923,57.00334441]],[[9.85890923,57.00334441],[9.85891,57.00336881]],[[9.85891,57.00336881],[9.85891081,57.00339319]],[[9.85891081,57.00339319],[9.85891164,57.00341758]],[[9.85891164,57.00341758],[9.8589125,57.00344196]],[[9.8589125,57.00344196],[9.8589134,57.00346635]],[[9.8589134,57.00346635],[9.85891433,57.00349074]],[[9.85891433,57.00349074],[9.85891529,57.00351512]],[[9.85891529,57.00351512],[9.85891626,57.00353951]],[[9.85891626,57.00353951],[9.85891727,57.0035639]],[[9.85891727,57.0035639],[9.8589183,57.00358828]],[[9.8589183,57.00358828],[9.85891938,57.00361266]],[[9.85891938,57.00361266],[9.85892045,57.00363705]],[[9.85892045,57.00363705],[9.85892158,57.00366143]],[[9.85892158,57.00366143],[9.8589227,57.00368582]],[[9.8589227,57.00368582],[9.85892386,57.0037102]],[[9.85892386,57.0037102],[9.85892505,57.00373458]],[[9.85892505,57.00373458],[9.85892626,57.00375896]],[[9.85892626,57.00375896],[9.85892749,57.00378335]],[[9.85892749,57.00378335],[9.85892873,57.00380773]],[[9.85892873,57.00380773],[9.85893,57.00383211]],[[9.85893,57.00383211],[9.85893129,57.00385649]],[[9.85893129,57.00385649],[9.8589326,57.00388087]],[[9.8589326,57.00388087],[9.85893392,57.00390526]],[[9.85893392,57.00390526],[9.85893526,57.00392963]],[[9.85893526,57.00392963],[9.85893662,57.00395401]],[[9.85893662,57.00395401],[9.858938,57.0039784]],[[9.858938,57.0039784],[9.85893939,57.00400278]],[[9.85893939,57.00400278],[9.8589408,57.00402715]],[[9.8589408,57.00402715],[9.85894222,57.00405153]],[[9.85894222,57.00405153],[9.85894364,57.00407591]],[[9.85894364,57.00407591],[9.8589451,57.00410029]],[[9.8589451,57.00410029],[9.85894655,57.00412467]],[[9.85894655,57.00412467],[9.85894802,57.00414905]],[[9.85894802,57.00414905],[9.85894951,57.00417343]],[[9.85894951,57.00417343],[9.858951,57.0041978]],[[9.858951,57.0041978],[9.85895249,57.00422219]],[[9.85895249,57.00422219],[9.85895401,57.00424656]],[[9.85895401,57.00424656],[9.85895553,57.00427093]],[[9.85895553,57.00427093],[9.85895705,57.00429532]],[[9.85895705,57.00429532],[9.85895857,57.00431969]],[[9.85895857,57.00431969],[9.8589601,57.00434407]],[[9.8589601,57.00434407],[9.85896166,57.00436845]],[[9.85896166,57.00436845],[9.8589632,57.00439282]],[[9.8589632,57.00439282],[9.85896475,57.0044172]],[[9.85896475,57.0044172],[9.8589663,57.00444158]],[[9.8589663,57.00444158],[9.85896786,57.00446595]],[[9.85896786,57.00446595],[9.85896943,57.00449033]],[[9.85896943,57.00449033],[9.85897098,57.00451471]],[[9.85897098,57.00451471],[9.85897255,57.00453908]],[[9.85897255,57.00453908],[9.8589091,57.01072458]],[[9.8589091,57.01072458],[9.85792765,57.01688696]],[[9.85792765,57.01688696],[9.85603423,57.02298572]],[[9.85603423,57.02298572],[9.85324082,57.02898077]],[[9.85324082,57.02898077],[9.85321896,57.02902078]],[[9.85321896,57.02902078],[9.85319706,57.02906078]],[[9.85319706,57.02906078],[9.85317513,57.02910077]],[[9.85317513,57.02910077],[9.85315315,57.02914076]],[[9.85315315,57.02914076],[9.85313114,57.02918074]],[[9.85313114,57.02918074],[9.8531091,57.02922072]],[[9.8531091,57.02922072],[9.85308702,57.02926068]],[[9.85308702,57.02926068],[9.85306491,57.02930065]],[[9.85306491,57.02930065],[9.85304277,57.02934061]],[[9.85304277,57.02934061],[9.85302058,57.02938056]],[[9.85302058,57.02938056],[9.85299835,57.0294205]],[[9.85299835,57.0294205],[9.85297611,57.02946045]],[[9.85297611,57.02946045],[9.85295382,57.02950038]],[[9.85295382,57.02950038],[9.8529315,57.02954031]],[[9.8529315,57.02954031],[9.85290914,57.02958023]],[[9.85290914,57.02958023],[9.85288673,57.02962015]],[[9.85288673,57.02962015],[9.85286431,57.02966007]],[[9.85286431,57.02966007],[9.85284185,57.02969997]],[[9.85284185,57.02969997],[9.85281935,57.02973987]],[[9.85281935,57.02973987],[9.85279683,57.02977976]],[[9.85279683,57.02977976],[9.85277426,57.02981965]],[[9.85277426,57.02981965],[9.85275165,57.02985953]],[[9.85275165,57.02985953],[9.85272903,57.02989942]],[[9.85272903,57.02989942],[9.85270636,57.02993929]],[[9.85270636,57.02993929],[9.85268367,57.02997916]],[[9.85268367,57.02997916],[9.85266095,57.03001902]],[[9.85266095,57.03001902],[9.85263819,57.03005887]],[[9.85263819,57.03005887],[9.85261542,57.03009873]],[[9.85261542,57.03009873],[9.8525926,57.03013857]],[[9.8525926,57.03013857],[9.85256976,57.03017842]],[[9.85256976,57.03017842],[9.85254691,57.03021825]],[[9.85254691,57.03021825],[9.85252403,57.03025809]],[[9.85252403,57.03025809],[9.85250111,57.03029792]],[[9.85250111,57.03029792],[9.85247818,57.03033775]],[[9.85247818,57.03033775],[9.85245523,57.03037757]],[[9.85245523,57.03037757],[9.85243224,57.03041739]],[[9.85243224,57.03041739],[9.85240926,57.0304572]],[[9.85240926,57.0304572],[9.85238624,57.03049702]],[[9.85238624,57.03049702],[9.85236321,57.03053683]],[[9.85236321,57.03053683],[9.85234014,57.03057664]],[[9.85234014,57.03057664],[9.85231708,57.03061644]],[[9.85231708,57.03061644],[9.85229399,57.03065624]],[[9.85229399,57.03065624],[9.8522709,57.03069603]],[[9.8522709,57.03069603],[9.85224778,57.03073582]],[[9.85224778,57.03073582],[9.85222465,57.03077562]],[[9.85222465,57.03077562],[9.85220148,57.0308154]],[[9.85220148,57.0308154],[9.85217834,57.0308552]],[[9.85217834,57.0308552],[9.85215515,57.03089498]],[[9.85215515,57.03089498],[9.85213196,57.03093476]],[[9.85213196,57.03093476],[9.85210874,57.03097454]],[[9.85210874,57.03097454],[9.85208551,57.03101432]],[[9.85208551,57.03101432],[9.85206228,57.03105409]],[[9.85206228,57.03105409],[9.85203902,57.03109386]],[[9.85203902,57.03109386],[9.85201575,57.03113363]],[[9.85201575,57.03113363],[9.85199245,57.03117339]],[[9.85199245,57.03117339],[9.85196916,57.03121315]],[[9.85196916,57.03121315],[9.85194584,57.03125292]],[[9.85194584,57.03125292],[9.85192251,57.03129268]],[[9.85192251,57.03129268],[9.85189917,57.03133243]],[[9.85189917,57.03133243],[9.85187582,57.03137219]],[[9.85187582,57.03137219],[9.85185244,57.03141193]],[[9.85185244,57.03141193],[9.85182906,57.03145169]],[[9.85182906,57.03145169],[9.85180567,57.03149143]],[[9.85180567,57.03149143],[9.85178225,57.03153118]],[[9.85178225,57.03153118],[9.85175882,57.03157091]],[[9.85175882,57.03157091],[9.85173539,57.03161066]],[[9.85173539,57.03161066],[9.85171195,57.03165039]],[[9.85171195,57.03165039],[9.85168849,57.03169013]],[[9.85168849,57.03169013],[9.85166504,57.03172986]],[[9.85166504,57.03172986],[9.85164156,57.0317696]],[[9.85164156,57.0317696],[9.85161808,57.03180934]],[[9.85161808,57.03180934],[9.8515946,57.03184906]],[[9.8515946,57.03184906],[9.85157113,57.0318888]],[[9.85157113,57.0318888],[9.85154763,57.03192852]],[[9.85154763,57.03192852],[9.85152413,57.03196825]],[[9.85152413,57.03196825],[9.85150064,57.03200799]],[[9.85150064,57.03200799],[9.85147714,57.03204771]],[[9.85147714,57.03204771],[9.85145365,57.03208744]],[[9.85145365,57.03208744],[9.85143015,57.03212717]],[[9.85143015,57.03212717],[9.85140666,57.0321669]],[[9.85140666,57.0321669],[9.85138316,57.03220663]],[[9.85138316,57.03220663],[9.85135966,57.03224636]],[[9.85135966,57.03224636],[9.85133502,57.03228805]],[[9.85133502,57.03228805],[9.85131037,57.03232974]],[[9.85131037,57.03232974],[9.85128573,57.03237143]],[[9.85128573,57.03237143],[9.85126109,57.03241313]],[[9.85126109,57.03241313],[9.85123645,57.03245483]],[[9.85123645,57.03245483],[9.85121182,57.03249652]],[[9.85121182,57.03249652],[9.8511872,57.03253822]],[[9.8511872,57.03253822],[9.85116259,57.03257992]],[[9.85116259,57.03257992],[9.85113798,57.03262162]],[[9.85113798,57.03262162],[9.85111339,57.03266332]],[[9.85111339,57.03266332],[9.85108882,57.03270502]],[[9.85108882,57.03270502],[9.85106424,57.03274673]],[[9.85106424,57.03274673],[9.8510397,57.03278844]],[[9.8510397,57.03278844],[9.85101516,57.03283015]],[[9.85101516,57.03283015],[9.85099065,57.03287187]],[[9.85099065,57.03287187],[9.85096614,57.03291358]],[[9.85096614,57.03291358],[9.85094166,57.03295531]],[[9.85094166,57.03295531],[9.85091722,57.03299704]],[[9.85091722,57.03299704],[9.85089278,57.03303877]],[[9.85089278,57.03303877],[9.85086837,57.0330805]],[[9.85086837,57.0330805],[9.85084399,57.03312224]],[[9.85084399,57.03312224],[9.85081963,57.03316398]],[[9.85081963,57.03316398],[9.8507953,57.03320573]],[[9.8507953,57.03320573],[9.850771,57.03324748]],[[9.850771,57.03324748],[9.85074672,57.03328924]],[[9.85074672,57.03328924],[9.85072249,57.03333101]],[[9.85072249,57.03333101],[9.85069828,57.03337277]],[[9.85069828,57.03337277],[9.85067411,57.03341455]],[[9.85067411,57.03341455],[9.85064998,57.03345633]],[[9.85064998,57.03345633],[9.85062588,57.03349812]],[[9.85062588,57.03349812],[9.85060182,57.03353991]],[[9.85060182,57.03353991],[9.85057779,57.03358171]],[[9.85057779,57.03358171],[9.8505538,57.03362352]],[[9.8505538,57.03362352],[9.85052987,57.03366534]],[[9.85052987,57.03366534],[9.85050597,57.03370716]],[[9.85050597,57.03370716],[9.85048211,57.03374899]],[[9.85048211,57.03374899],[9.85045831,57.03379083]],[[9.85045831,57.03379083],[9.85043456,57.03383268]],[[9.85043456,57.03383268],[9.85041084,57.03387453]],[[9.85041084,57.03387453],[9.85038718,57.03391638]],[[9.85038718,57.03391638],[9.85036356,57.03395826]],[[9.85036356,57.03395826],[9.85034001,57.03400014]],[[9.85034001,57.03400014],[9.8503165,57.03404203]],[[9.8503165,57.03404203],[9.85029304,57.03408392]],[[9.85029304,57.03408392],[9.85026965,57.03412583]],[[9.85026965,57.03412583],[9.85024631,57.03416775]],[[9.85024631,57.03416775],[9.85022303,57.03420967]],[[9.85022303,57.03420967],[9.8501998,57.03425161]],[[9.8501998,57.03425161],[9.85017664,57.03429355]],[[9.85017664,57.03429355],[9.85015355,57.03433551]],[[9.85015355,57.03433551],[9.85013052,57.03437747]],[[9.85013052,57.03437747],[9.85010754,57.03441945]],[[9.85010754,57.03441945],[9.85008464,57.03446143]],[[9.85008464,57.03446143],[9.8500618,57.03450343]],[[9.8500618,57.03450343],[9.85003904,57.03454544]],[[9.85003904,57.03454544],[9.85001634,57.03458747]],[[9.85001634,57.03458747],[9.8499937,57.03462949]],[[9.8499937,57.03462949],[9.84997115,57.03467154]],[[9.84997115,57.03467154],[9.84994868,57.03471359]],[[9.84994868,57.03471359],[9.84992627,57.03475566]],[[9.84992627,57.03475566],[9.84990393,57.03479774]],[[9.84990393,57.03479774],[9.84988169,57.03483983]],[[9.84988169,57.03483983],[9.84985952,57.03488193]],[[9.84985952,57.03488193],[9.84983743,57.03492405]],[[9.84983743,57.03492405],[9.84981542,57.03496619]],[[9.84981542,57.03496619],[9.84979349,57.03500833]],[[9.84979349,57.03500833],[9.84977164,57.03505048]],[[9.84977164,57.03505048],[9.8497499,57.03509264]],[[9.8497499,57.03509264],[9.84972823,57.03513483]],[[9.84972823,57.03513483],[9.84970665,57.03517702]],[[9.84970665,57.03517702],[9.84968515,57.03521923]],[[9.84968515,57.03521923],[9.84966375,57.03526146]],[[9.84966375,57.03526146],[9.84964245,57.03530369]],[[9.84964245,57.03530369],[9.84962123,57.03534594]],[[9.84962123,57.03534594],[9.8496001,57.0353882]],[[9.8496001,57.0353882],[9.84957908,57.03543048]],[[9.84957908,57.03543048],[9.84955816,57.03547278]],[[9.84955816,57.03547278],[9.84953731,57.03551509]],[[9.84953731,57.03551509],[9.84951659,57.0355574]],[[9.84951659,57.0355574],[9.84949596,57.03559975]],[[9.84949596,57.03559975],[9.84947543,57.0356421]],[[9.84947543,57.0356421],[9.84945502,57.03568446]],[[9.84945502,57.03568446],[9.8486463,57.03760327]],[[9.8486463,57.03760327],[9.84805324,57.03954537]],[[9.84805324,57.03954537],[9.8476781,57.04150354]],[[9.84767808,57.04150354],[9.84752299,57.04432045]],[[9.84752299,57.04432045],[9.84781858,57.04713403]],[[9.84781858,57.04713403],[9.84856269,57.04992288]],[[9.84856269,57.04992288],[9.8497498,57.0526658]],[[9.8497498,57.0526658],[9.85137096,57.05534193]],[[9.85137096,57.05534193],[9.85341393,57.05793093]],[[9.85341393,57.05793093],[9.85586328,57.0604131]],[[9.85586328,57.0604131],[9.85870042,57.06276954]],[[9.85870042,57.06276954],[9.85874746,57.06280506]],[[9.85874746,57.06280506],[9.85879456,57.06284056]],[[9.85879456,57.06284056],[9.85884177,57.06287601]],[[9.85884177,57.06287601],[9.85888907,57.06291143]],[[9.85888907,57.06291143],[9.85893644,57.06294682]],[[9.85893644,57.06294682],[9.85898389,57.06298218]],[[9.85898389,57.06298218],[9.85903143,57.06301751]],[[9.85903143,57.06301751],[9.85907905,57.0630528]],[[9.85907905,57.0630528],[9.85912675,57.06308806]],[[9.85912675,57.06308806],[9.85917453,57.06312329]],[[9.85917453,57.06312329],[9.85922238,57.06315849]],[[9.85922238,57.06315849],[9.85927031,57.06319366]],[[9.85927031,57.06319366],[9.85931831,57.06322879]],[[9.85931831,57.06322879],[9.85936639,57.0632639]],[[9.85936639,57.0632639],[9.85941454,57.06329898]],[[9.85941454,57.06329898],[9.85946275,57.06333403]],[[9.85946275,57.06333403],[9.85951104,57.06336904]],[[9.85951104,57.06336904],[9.85955941,57.06340404]],[[9.85955941,57.06340404],[9.85960783,57.06343901]],[[9.85960783,57.06343901],[9.85965633,57.06347394]],[[9.85965633,57.06347394],[9.85970489,57.06350885]],[[9.85970489,57.06350885],[9.85975351,57.06354373]],[[9.85975351,57.06354373],[9.85980221,57.06357859]],[[9.85980221,57.06357859],[9.85985095,57.06361342]],[[9.85985095,57.06361342],[9.85989977,57.06364823]],[[9.85989977,57.06364823],[9.85994865,57.06368301]],[[9.85994865,57.06368301],[9.85999757,57.06371776]],[[9.85999757,57.06371776],[9.86004656,57.06375249]],[[9.86004656,57.06375249],[9.8600956,57.0637872]],[[9.8600956,57.0637872],[9.86014471,57.06382189]],[[9.86014471,57.06382189],[9.86019386,57.06385654]],[[9.86019386,57.06385654],[9.86024308,57.06389118]],[[9.86024308,57.06389118],[9.86029234,57.0639258]],[[9.86029234,57.0639258],[9.86034166,57.06396039]],[[9.86034166,57.06396039],[9.86039103,57.06399496]],[[9.86039103,57.06399496],[9.86044045,57.06402952]],[[9.86044045,57.06402952],[9.8604899,57.06406405]],[[9.8604899,57.06406405],[9.86053942,57.06409856]],[[9.86053942,57.06409856],[9.86058897,57.06413305]],[[9.86058897,57.06413305],[9.86063857,57.06416753]],[[9.86063857,57.06416753],[9.86068822,57.06420198]],[[9.86068822,57.06420198],[9.86073791,57.06423642]],[[9.86073791,57.06423642],[9.86078764,57.06427083]],[[9.86078764,57.06427083],[9.86083741,57.06430523]],[[9.86083741,57.06430523],[9.86088723,57.06433962]],[[9.86088723,57.06433962],[9.86093708,57.06437399]],[[9.86093708,57.06437399],[9.86098696,57.06440834]],[[9.86098696,57.06440834],[9.86103688,57.06444267]],[[9.86103688,57.06444267],[9.86108684,57.06447698]],[[9.86108684,57.06447698],[9.86113684,57.06451129]],[[9.86113684,57.06451129],[9.86118686,57.06454559]],[[9.86118686,57.06454559],[9.86123692,57.06457985]],[[9.86123692,57.06457985],[9.86128702,57.06461412]],[[9.86128702,57.06461412],[9.86133714,57.06464837]],[[9.86133714,57.06464837],[9.86138729,57.06468261]],[[9.86138729,57.06468261],[9.86143747,57.06471683]],[[9.86143747,57.06471683],[9.86148766,57.06475105]],[[9.86148766,57.06475105],[9.86153791,57.06478525]],[[9.86153791,57.06478525],[9.86158816,57.06481943]],[[9.86158816,57.06481943],[9.86163844,57.06485361]],[[9.86163844,57.06485361],[9.86168874,57.06488778]],[[9.86168874,57.06488778],[9.86173907,57.06492195]],[[9.86173907,57.06492195],[9.86178941,57.0649561]],[[9.86178941,57.0649561],[9.86183978,57.06499024]],[[9.86183978,57.06499024],[9.86189017,57.06502438]],[[9.86189017,57.06502438],[9.86194057,57.0650585]],[[9.86194057,57.0650585],[9.86199098,57.06509262]],[[9.86199098,57.06509262],[9.86204141,57.06512674]],[[9.86204141,57.06512674],[9.86209188,57.06516084]],[[9.86209188,57.06516084],[9.86214234,57.06519494]],[[9.86214234,57.06519494],[9.8621928,57.06522904]],[[9.8621928,57.06522904],[9.8622433,57.06526313]],[[9.8622433,57.06526313],[9.8622938,57.06529721]],[[9.8622938,57.06529721],[9.86234429,57.06533129]],[[9.86234429,57.06533129],[9.86239481,57.06536537]],[[9.86239481,57.06536537],[9.86244534,57.06539944]],[[9.86244534,57.06539944],[9.86249587,57.06543352]],[[9.86249587,57.06543352],[9.8625464,57.06546759]],[[9.8625464,57.06546759],[9.86259694,57.06550166]],[[9.86259694,57.06550166],[9.86264747,57.06553572]],[[9.86264747,57.06553572],[9.86269802,57.06556978]],[[9.86269802,57.06556978],[9.86274857,57.06560386]],[[9.86274857,57.06560386],[9.86274857,57.06560386]],[[9.86274857,57.06560386],[9.89079913,57.08449586]],[[9.89079913,57.08449586],[9.89079913,57.08449586]],[[9.89079913,57.08449586],[9.89084293,57.08452533]],[[9.89084293,57.08452533],[9.89088671,57.08455481]],[[9.89088671,57.08455481],[9.89093049,57.08458428]],[[9.89093049,57.08458428],[9.89097428,57.08461375]],[[9.89097428,57.08461375],[9.89101806,57.08464322]],[[9.89101806,57.08464322],[9.89106186,57.08467269]],[[9.89106186,57.08467269],[9.89110565,57.08470216]],[[9.89110565,57.08470216],[9.89114945,57.08473162]],[[9.89114945,57.08473162],[9.89119325,57.08476109]],[[9.89119325,57.08476109],[9.89123705,57.08479056]],[[9.89123705,57.08479056],[9.89128085,57.08482002]],[[9.89128085,57.08482002],[9.89132467,57.08484949]],[[9.89132467,57.08484949],[9.89136849,57.08487894]],[[9.89136849,57.08487894],[9.8914123,57.0849084]],[[9.8914123,57.0849084],[9.89145614,57.08493785]],[[9.89145614,57.08493785],[9.89149997,57.0849673]],[[9.89149997,57.0849673],[9.89154382,57.08499675]],[[9.89154382,57.08499675],[9.89158767,57.0850262]],[[9.89158767,57.0850262],[9.89163153,57.08505564]],[[9.89163153,57.08505564],[9.89167541,57.08508507]],[[9.89167541,57.08508507],[9.89171928,57.0851145]],[[9.89171928,57.0851145],[9.89176318,57.08514393]],[[9.89176318,57.08514393],[9.89180708,57.08517335]],[[9.89180708,57.08517335],[9.89185098,57.08520276]],[[9.89185098,57.08520276],[9.8918949,57.08523218]],[[9.8918949,57.08523218],[9.89193883,57.08526159]],[[9.89193883,57.08526159],[9.89198278,57.08529099]],[[9.89198278,57.08529099],[9.89202673,57.08532039]],[[9.89202673,57.08532039],[9.89207072,57.08534978]],[[9.89207072,57.08534978],[9.8921147,57.08537917]],[[9.8921147,57.08537917],[9.89215869,57.08540854]],[[9.89215869,57.08540854],[9.8922027,57.08543792]],[[9.8922027,57.08543792],[9.89224672,57.08546729]],[[9.89224672,57.08546729],[9.89229075,57.08549665]],[[9.89229075,57.08549665],[9.89233481,57.08552601]],[[9.89233481,57.08552601],[9.89237887,57.08555536]],[[9.89237887,57.08555536],[9.89242296,57.0855847]],[[9.89242296,57.0855847],[9.89246704,57.08561404]],[[9.89246704,57.08561404],[9.89251116,57.08564337]],[[9.89251116,57.08564337],[9.89255529,57.08567269]],[[9.89255529,57.08567269],[9.89259942,57.085702]],[[9.89259942,57.085702],[9.89264359,57.0857313]],[[9.89264359,57.0857313],[9.89268776,57.08576061]],[[9.89268776,57.08576061],[9.89273196,57.0857899]],[[9.89273196,57.0857899],[9.89277617,57.08581919]],[[9.89277617,57.08581919],[9.89282039,57.08584846]],[[9.89282039,57.08584846],[9.89286464,57.08587773]],[[9.89286464,57.08587773],[9.8929089,57.08590699]],[[9.8929089,57.08590699],[9.8929532,57.08593624]],[[9.8929532,57.08593624],[9.8929975,57.08596548]],[[9.8929975,57.08596548],[9.89304183,57.08599471]],[[9.89304183,57.08599471],[9.89308618,57.08602393]],[[9.89308618,57.08602393],[9.89313057,57.08605314]],[[9.89313057,57.08605314],[9.89317496,57.08608235]],[[9.89317496,57.08608235],[9.89321938,57.08611153]],[[9.89321938,57.08611153],[9.89326383,57.08614071]],[[9.89326383,57.08614071],[9.89330829,57.08616988]],[[9.89330829,57.08616988],[9.89335279,57.08619904]],[[9.89335279,57.08619904],[9.8933973,57.08622818]],[[9.8933973,57.08622818],[9.89344185,57.08625731]],[[9.89344185,57.08625731],[9.89348642,57.08628644]],[[9.89348642,57.08628644],[9.89353103,57.08631555]],[[9.89353103,57.08631555],[9.89357564,57.08634465]],[[9.89357564,57.08634465],[9.89362031,57.08637373]],[[9.89362031,57.08637373],[9.89366499,57.08640281]],[[9.89366499,57.08640281],[9.8937097,57.08643187]],[[9.8937097,57.08643187],[9.89375443,57.08646091]],[[9.89375443,57.08646091],[9.89379919,57.08648995]],[[9.89379919,57.08648995],[9.89384399,57.08651896]],[[9.89384399,57.08651896],[9.89388882,57.08654797]],[[9.89388882,57.08654797],[9.89393368,57.08657697]],[[9.89393368,57.08657697],[9.89397856,57.08660594]],[[9.89397856,57.08660594],[9.89402349,57.08663491]],[[9.89402349,57.08663491],[9.89406843,57.08666386]],[[9.89406843,57.08666386],[9.89411341,57.0866928]],[[9.89411341,57.0866928],[9.89415842,57.08672172]],[[9.89415842,57.08672172],[9.89420345,57.08675063]],[[9.89420345,57.08675063],[9.89424853,57.08677952]],[[9.89424853,57.08677952],[9.89429364,57.0868084]],[[9.89429364,57.0868084],[9.89433876,57.08683726]],[[9.89433876,57.08683726],[9.89438394,57.08686611]],[[9.89438394,57.08686611],[9.89442915,57.08689494]],[[9.89442915,57.08689494],[9.90009898,57.0902358]],[[9.90009898,57.0902358],[9.90623047,57.09332586]],[[9.90623047,57.09332586],[9.91278634,57.0961463]],[[9.91278634,57.0961463],[9.91282864,57.09616306]],[[9.91282864,57.09616306],[9.91287093,57.09617982]],[[9.91287093,57.09617982],[9.91291323,57.09619656]],[[9.91291323,57.09619656],[9.91295555,57.0962133]],[[9.91295555,57.0962133],[9.9129979,57.09623002]],[[9.9129979,57.09623002],[9.91304024,57.09624674]],[[9.91304024,57.09624674],[9.9130826,57.09626344]],[[9.9130826,57.09626344],[9.91312498,57.09628014]],[[9.91312498,57.09628014],[9.91316736,57.09629683]],[[9.91316736,57.09629683],[9.91320977,57.0963135]],[[9.91320977,57.0963135],[9.91325218,57.09633016]],[[9.91325218,57.09633016],[9.9132946,57.09634682]],[[9.9132946,57.09634682],[9.91333705,57.09636347]],[[9.91333705,57.09636347],[9.91337951,57.0963801]],[[9.91337951,57.0963801],[9.91342197,57.09639672]],[[9.91342197,57.09639672],[9.91346444,57.09641334]],[[9.91346444,57.09641334],[9.91350694,57.09642995]],[[9.91350694,57.09642995],[9.91354944,57.09644654]],[[9.91354944,57.09644654],[9.91359195,57.09646313]],[[9.91359195,57.09646313],[9.91363448,57.09647971]],[[9.91363448,57.09647971],[9.91367702,57.09649628]],[[9.91367702,57.09649628],[9.91371958,57.09651284]],[[9.91371958,57.09651284],[9.91376216,57.09652939]],[[9.91376216,57.09652939],[9.91380473,57.09654593]],[[9.91380473,57.09654593],[9.91384733,57.09656246]],[[9.91384733,57.09656246],[9.91388992,57.09657898]],[[9.91388992,57.09657898],[9.91393253,57.0965955]],[[9.91393253,57.0965955],[9.91397515,57.096612]],[[9.91397515,57.096612],[9.9140178,57.0966285]],[[9.9140178,57.0966285],[9.91406044,57.09664499]],[[9.91406044,57.09664499],[9.91410308,57.09666148]],[[9.91410308,57.09666148],[9.91414574,57.09667795]],[[9.91414574,57.09667795],[9.91418841,57.09669442]],[[9.91418841,57.09669442],[9.91423109,57.09671089]],[[9.91423109,57.09671089],[9.91427378,57.09672735]],[[9.91427378,57.09672735],[9.91431647,57.0967438]],[[9.91431647,57.0967438],[9.91435918,57.09676025]],[[9.91435918,57.09676025],[9.91440189,57.09677668]],[[9.91440189,57.09677668],[9.9144446,57.09679312]],[[9.9144446,57.09679312],[9.91448733,57.09680955]],[[9.91448733,57.09680955],[9.91453007,57.09682598]],[[9.91453007,57.09682598],[9.91457279,57.0968424]],[[9.91457279,57.0968424],[9.91461553,57.09685882]],[[9.91461553,57.09685882],[9.91465829,57.09687522]],[[9.91465829,57.09687522],[9.91470103,57.09689163]],[[9.91470103,57.09689163],[9.91474379,57.09690803]],[[9.91474379,57.09690803],[9.91478657,57.09692443]],[[9.91478657,57.09692443],[9.91482933,57.09694082]],[[9.91482933,57.09694082],[9.9148721,57.09695721]],[[9.9148721,57.09695721],[9.91491489,57.09697359]],[[9.91491489,57.09697359],[9.91495769,57.09698998]],[[9.91495769,57.09698998],[9.91500048,57.09700636]],[[9.91500048,57.09700636],[9.91504327,57.09702273]],[[9.91504327,57.09702273],[9.91508608,57.09703909]],[[9.91508608,57.09703909],[9.91512889,57.09705546]],[[9.91512889,57.09705546],[9.91517169,57.09707182]],[[9.91517169,57.09707182],[9.91521452,57.09708817]],[[9.91521452,57.09708817],[9.91525734,57.09710452]],[[9.91525734,57.09710452],[9.91530017,57.09712087]],[[9.91530017,57.09712087],[9.91534301,57.09713721]],[[9.91534301,57.09713721],[9.91538585,57.09715356]],[[9.91538585,57.09715356],[9.91542869,57.09716988]],[[9.91542869,57.09716988],[9.91547155,57.09718622]],[[9.91547155,57.09718622],[9.91551441,57.09720255]],[[9.91551441,57.09720255],[9.91555727,57.09721888]],[[9.91555727,57.09721888],[9.91560013,57.09723519]],[[9.91560013,57.09723519],[9.915643,57.09725151]],[[9.915643,57.09725151],[9.91568588,57.09726783]],[[9.91568588,57.09726783],[9.91572875,57.09728414]],[[9.91572875,57.09728414],[9.91577163,57.09730045]],[[9.91577163,57.09730045],[9.9158145,57.09731676]],[[9.9158145,57.09731676],[9.91585738,57.09733307]],[[9.91585738,57.09733307],[9.91590027,57.09734938]],[[9.91590027,57.09734938],[9.91594315,57.09736568]],[[9.91594315,57.09736568],[9.91598604,57.09738199]],[[9.91598604,57.09738199],[9.91602893,57.09739829]],[[9.91602893,57.09739829],[9.91607182,57.09741459]],[[9.91607182,57.09741459],[9.9161147,57.0974309]],[[9.9161147,57.0974309],[9.91615759,57.0974472]],[[9.91615759,57.0974472],[9.91620048,57.0974635]],[[9.91620048,57.0974635],[9.91624336,57.09747981]],[[9.91624336,57.09747981],[9.91628625,57.09749611]],[[9.91628625,57.09749611],[9.91628625,57.09749611]],[[9.91628625,57.09749611],[9.91631623,57.09750751]],[[9.91631623,57.09750751],[9.91634623,57.09751891]],[[9.91634623,57.09751891],[9.91637622,57.09753032]],[[9.91637622,57.09753032],[9.9164062,57.09754172]],[[9.9164062,57.09754172],[9.91643619,57.09755312]],[[9.91643619,57.09755312],[9.91646619,57.09756453]],[[9.91646619,57.09756453],[9.91649618,57.09757593]],[[9.91649618,57.09757593],[9.91652616,57.09758733]],[[9.91652616,57.09758733],[9.91655615,57.09759874]],[[9.91655615,57.09759874],[9.91658613,57.09761015]],[[9.91658613,57.09761015],[9.91661612,57.09762154]],[[9.91661612,57.09762154],[9.9166461,57.09763295]],[[9.9166461,57.09763295],[9.91667609,57.09764437]],[[9.91667609,57.09764437],[9.91670607,57.09765577]],[[9.91670607,57.09765577],[9.91673604,57.09766718]],[[9.91673604,57.09766718],[9.91676603,57.09767859]],[[9.91676603,57.09767859],[9.91679601,57.09769]],[[9.91679601,57.09769],[9.91682598,57.09770142]],[[9.91682598,57.09770142],[9.91685595,57.09771283]],[[9.91685595,57.09771283],[9.91688592,57.09772426]],[[9.91688592,57.09772426],[9.91691589,57.09773567]],[[9.91691589,57.09773567],[9.91694585,57.0977471]],[[9.91694585,57.0977471],[9.91697582,57.09775851]],[[9.91697582,57.09775851],[9.91700577,57.09776994]],[[9.91700577,57.09776994],[9.91703573,57.09778137]],[[9.91703573,57.09778137],[9.9170657,57.09779279]],[[9.9170657,57.09779279],[9.91709565,57.09780423]],[[9.91709565,57.09780423],[9.91712558,57.09781566]],[[9.91712558,57.09781566],[9.91715554,57.09782709]],[[9.91715554,57.09782709],[9.91718549,57.09783854]],[[9.91718549,57.09783854],[9.91721542,57.09784998]],[[9.91721542,57.09784998],[9.91724536,57.09786142]],[[9.91724536,57.09786142],[9.9172753,57.09787286]],[[9.9172753,57.09787286],[9.91730522,57.09788431]],[[9.91730522,57.09788431],[9.91733515,57.09789576]],[[9.91733515,57.09789576],[9.91736507,57.09790722]],[[9.91736507,57.09790722],[9.91739499,57.09791868]],[[9.91739499,57.09791868],[9.91742491,57.09793014]],[[9.91742491,57.09793014],[9.91745483,57.0979416]],[[9.91745483,57.0979416],[9.91748473,57.09795307]],[[9.91748473,57.09795307],[9.91751464,57.09796453]],[[9.91751464,57.09796453],[9.91754454,57.097976]],[[9.91754454,57.097976],[9.91757444,57.09798747]],[[9.91757444,57.09798747],[9.91760433,57.09799895]],[[9.91760433,57.09799895],[9.91763421,57.09801043]],[[9.91763421,57.09801043],[9.9176641,57.09802192]],[[9.9176641,57.09802192],[9.91769399,57.0980334]],[[9.91769399,57.0980334],[9.91772386,57.0980449]],[[9.91772386,57.0980449],[9.91775373,57.09805639]],[[9.91775373,57.09805639],[9.9177836,57.09806789]],[[9.9177836,57.09806789],[9.91781345,57.0980794]],[[9.91781345,57.0980794],[9.91784331,57.0980909]],[[9.91784331,57.0980909],[9.91787316,57.09810241]],[[9.91787316,57.09810241],[9.917903,57.09811393]],[[9.917903,57.09811393],[9.91793283,57.09812545]],[[9.91793283,57.09812545],[9.91796267,57.09813697]],[[9.91796267,57.09813697],[9.91799249,57.09814851]],[[9.91799249,57.09814851],[9.91802231,57.09816004]],[[9.91802231,57.09816004],[9.91805213,57.09817158]],[[9.91805213,57.09817158],[9.91808194,57.09818312]],[[9.91808194,57.09818312],[9.91811174,57.09819467]],[[9.91811174,57.09819467],[9.91814153,57.09820622]],[[9.91814153,57.09820622],[9.91817132,57.09821778]],[[9.91817132,57.09821778],[9.9182011,57.09822934]],[[9.9182011,57.09822934],[9.91823088,57.09824091]],[[9.91823088,57.09824091],[9.91826065,57.09825249]],[[9.91826065,57.09825249],[9.9182904,57.09826407]],[[9.9182904,57.09826407],[9.91832016,57.09827565]],[[9.91832016,57.09827565],[9.91834989,57.09828724]],[[9.91834989,57.09828724],[9.91837963,57.09829884]],[[9.91837963,57.09829884],[9.91840937,57.09831043]],[[9.91840937,57.09831043],[9.91843909,57.09832205]],[[9.91843909,57.09832205],[9.9184688,57.09833366]],[[9.9184688,57.09833366],[9.91849852,57.09834528]],[[9.91849852,57.09834528],[9.91852821,57.0983569]],[[9.91852821,57.0983569],[9.91855791,57.09836853]],[[9.91855791,57.09836853],[9.91858759,57.09838017]],[[9.91858759,57.09838017],[9.91861727,57.09839181]],[[9.91861727,57.09839181],[9.91864695,57.09840346]],[[9.91864695,57.09840346],[9.9186766,57.09841512]],[[9.9186766,57.09841512],[9.91870626,57.09842677]],[[9.91870626,57.09842677],[9.9187359,57.09843844]],[[9.9187359,57.09843844],[9.92470731,57.10100341]],[[9.92470731,57.10100341],[9.93026387,57.1038313]],[[9.93026387,57.1038313],[9.93536655,57.10690232]],[[9.93536655,57.10690232],[9.93997947,57.11019493]],[[9.93997947,57.11019493],[9.94407015,57.11368605]],[[9.94407015,57.11368605],[9.94408147,57.11369668]],[[9.94408147,57.11369668],[9.9440928,57.11370731]],[[9.9440928,57.11370731],[9.94410412,57.11371794]],[[9.94410412,57.11371794],[9.94411543,57.11372858]],[[9.94411543,57.11372858],[9.94412673,57.11373922]],[[9.94412673,57.11373922],[9.94413804,57.11374985]],[[9.94413804,57.11374985],[9.94414933,57.1137605]],[[9.94414933,57.1137605],[9.94416062,57.11377115]],[[9.94416062,57.11377115],[9.94417189,57.11378179]],[[9.94417189,57.11378179],[9.94418317,57.11379244]],[[9.94418317,57.11379244],[9.94419443,57.11380309]],[[9.94419443,57.11380309],[9.94420567,57.11381375]],[[9.94420567,57.11381375],[9.94421691,57.11382441]],[[9.94421691,57.11382441],[9.94422815,57.11383507]],[[9.94422815,57.11383507],[9.94423936,57.11384573]],[[9.94423936,57.11384573],[9.94425058,57.1138564]],[[9.94425058,57.1138564],[9.94426177,57.11386707]],[[9.94426177,57.11386707],[9.94427296,57.11387774]],[[9.94427296,57.11387774],[9.94428412,57.11388843]],[[9.94428412,57.11388843],[9.9442953,57.11389911]],[[9.9442953,57.11389911],[9.94430644,57.1139098]],[[9.94430644,57.1139098],[9.94431758,57.11392049]],[[9.94431758,57.11392049],[9.94432869,57.11393118]],[[9.94432869,57.11393118],[9.9443398,57.11394188]],[[9.9443398,57.11394188],[9.94435089,57.11395259]],[[9.94435089,57.11395259],[9.94436197,57.1139633]],[[9.94436197,57.1139633],[9.94437302,57.11397401]],[[9.94437302,57.11397401],[9.94438407,57.11398473]],[[9.94438407,57.11398473],[9.94439509,57.11399545]],[[9.94439509,57.11399545],[9.94440612,57.11400618]],[[9.94440612,57.11400618],[9.94441711,57.11401692]],[[9.94441711,57.11401692],[9.94442809,57.11402765]],[[9.94442809,57.11402765],[9.94443903,57.1140384]],[[9.94443903,57.1140384],[9.94444998,57.11404915]],[[9.94444998,57.11404915],[9.9444609,57.1140599]],[[9.9444609,57.1140599],[9.9444718,57.11407067]],[[9.9444718,57.11407067],[9.94448269,57.11408143]],[[9.94448269,57.11408143],[9.94449355,57.11409221]],[[9.94449355,57.11409221],[9.9445044,57.11410299]],[[9.9445044,57.11410299],[9.94451521,57.11411377]],[[9.94451521,57.11411377],[9.94452601,57.11412456]],[[9.94452601,57.11412456],[9.94453678,57.11413537]],[[9.94453678,57.11413537],[9.94454755,57.11414617]],[[9.94454755,57.11414617],[9.94455828,57.11415698]],[[9.94455828,57.11415698],[9.94456899,57.1141678]],[[9.94456899,57.1141678],[9.94457967,57.11417863]],[[9.94457967,57.11417863],[9.94459033,57.11418946]],[[9.94459033,57.11418946],[9.94460096,57.1142003]],[[9.94460096,57.1142003],[9.94461157,57.11421115]],[[9.94461157,57.11421115],[9.94462217,57.114222]],[[9.94462217,57.114222],[9.94463274,57.11423286]],[[9.94463274,57.11423286],[9.94464327,57.11424373]],[[9.94464327,57.11424373],[9.94465376,57.11425461]],[[9.94465376,57.11425461],[9.94466425,57.11426549]],[[9.94466425,57.11426549],[9.94467471,57.11427639]],[[9.94467471,57.11427639],[9.94468513,57.11428728]],[[9.94468513,57.11428728],[9.94469553,57.1142982]],[[9.94469553,57.1142982],[9.94470591,57.11430911]],[[9.94470591,57.11430911],[9.94471624,57.11432004]],[[9.94471624,57.11432004],[9.94472656,57.11433097]],[[9.94472656,57.11433097],[9.94473682,57.11434191]],[[9.94473682,57.11434191],[9.94474707,57.11435287]],[[9.94474707,57.11435287],[9.94475729,57.11436382]],[[9.94475729,57.11436382],[9.94476749,57.11437479]],[[9.94476749,57.11437479],[9.94477764,57.11438576]],[[9.94477764,57.11438576],[9.94478776,57.11439675]],[[9.94478776,57.11439675],[9.94479785,57.11440775]],[[9.94479785,57.11440775],[9.94480792,57.11441874]],[[9.94480792,57.11441874],[9.94481794,57.11442976]],[[9.94481794,57.11442976],[9.94482792,57.11444078]],[[9.94482792,57.11444078],[9.94483787,57.11445181]],[[9.94483787,57.11445181],[9.94484779,57.11446285]],[[9.94484779,57.11446285],[9.94485768,57.11447389]],[[9.94485768,57.11447389],[9.94486754,57.11448495]],[[9.94486754,57.11448495],[9.94487734,57.11449602]],[[9.94487734,57.11449602],[9.94488711,57.1145071]],[[9.94488711,57.1145071],[9.94489685,57.11451819]],[[9.94489685,57.11451819],[9.94490656,57.11452928]],[[9.94490656,57.11452928],[9.94491621,57.11454039]],[[9.94491621,57.11454039],[9.94492584,57.11455151]],[[9.94492584,57.11455151],[9.94493543,57.11456264]],[[9.94493543,57.11456264],[9.94494497,57.11457377]],[[9.94494497,57.11457377],[9.94528984,57.11502168]],[[9.94528984,57.11502168],[9.94557013,57.11548273]],[[9.94557013,57.11548273],[9.94578418,57.11595418]],[[9.94578418,57.11595418],[9.94593069,57.1164332]],[[9.94593069,57.1164332],[9.94600879,57.11691695]],[[9.94600879,57.11691695],[9.946018,57.11740254]],[[9.946018,57.11740254],[9.94595828,57.11788707]],[[9.94595828,57.11788707],[9.94582999,57.11836764]],[[9.94582999,57.11836764],[9.94566979,57.11875745]],[[9.94566979,57.11875745],[9.94545696,57.11913973]],[[9.94545696,57.11913973],[9.94519263,57.11951239]],[[9.94519263,57.11951239],[9.94487827,57.11987336]],[[9.94487827,57.11987336],[9.94451561,57.12022067]],[[9.94451561,57.12022067],[9.94410664,57.12055242]],[[9.94410664,57.12055242],[9.94409875,57.12055833]],[[9.94409875,57.12055833],[9.94409084,57.12056423]],[[9.94409084,57.12056423],[9.94408292,57.12057012]],[[9.94408292,57.12057012],[9.94407499,57.12057601]],[[9.94407499,57.12057601],[9.94406704,57.12058189]],[[9.94406704,57.12058189],[9.94405909,57.12058777]],[[9.94405909,57.12058777],[9.94405111,57.12059365]],[[9.94405111,57.12059365],[9.94404312,57.12059951]],[[9.94404312,57.12059951],[9.94403511,57.12060538]],[[9.94403511,57.12060538],[9.94402711,57.12061123]],[[9.94402711,57.12061123],[9.94401908,57.12061708]],[[9.94401908,57.12061708],[9.94401103,57.12062292]],[[9.94401103,57.12062292],[9.94400298,57.12062876]],[[9.94400298,57.12062876],[9.94399491,57.1206346]],[[9.94399491,57.1206346],[9.94398683,57.12064043]],[[9.94398683,57.12064043],[9.94397875,57.12064626]],[[9.94397875,57.12064626],[9.94397065,57.12065208]],[[9.94397065,57.12065208],[9.94396254,57.12065789]],[[9.94396254,57.12065789],[9.94395442,57.12066371]],[[9.94395442,57.12066371],[9.94394628,57.12066952]],[[9.94394628,57.12066952],[9.94393814,57.12067532]],[[9.94393814,57.12067532],[9.94392998,57.12068112]],[[9.94392998,57.12068112],[9.94392182,57.12068691]],[[9.94392182,57.12068691],[9.94391364,57.1206927]],[[9.94391364,57.1206927],[9.94390546,57.12069848]],[[9.94390546,57.12069848],[9.94389726,57.12070426]],[[9.94389726,57.12070426],[9.94388905,57.12071004]],[[9.94388905,57.12071004],[9.94388083,57.12071581]],[[9.94388083,57.12071581],[9.9438726,57.12072158]],[[9.9438726,57.12072158],[9.94386437,57.12072734]],[[9.94386437,57.12072734],[9.94385612,57.12073311]],[[9.94385612,57.12073311],[9.94384788,57.12073887]],[[9.94384788,57.12073887],[9.94383962,57.12074462]],[[9.94383962,57.12074462],[9.94383134,57.12075037]],[[9.94383134,57.12075037],[9.94382306,57.12075612]],[[9.94382306,57.12075612],[9.94381478,57.12076186]],[[9.94381478,57.12076186],[9.94380648,57.1207676]],[[9.94380648,57.1207676],[9.94379818,57.12077334]],[[9.94379818,57.12077334],[9.94378987,57.12077907]],[[9.94378987,57.12077907],[9.94378154,57.1207848]],[[9.94378154,57.1207848],[9.94377323,57.12079052]],[[9.94377323,57.12079052],[9.94376488,57.12079625]],[[9.94376488,57.12079625],[9.94375656,57.12080196]],[[9.94375656,57.12080196],[9.94374821,57.12080769]],[[9.94374821,57.12080769],[9.94373985,57.1208134]],[[9.94373985,57.1208134],[9.94373149,57.12081911]],[[9.94373149,57.12081911],[9.94372312,57.12082482]],[[9.94372312,57.12082482],[9.94371476,57.12083053]],[[9.94371476,57.12083053],[9.94370638,57.12083624]],[[9.94370638,57.12083624],[9.94369799,57.12084193]],[[9.94369799,57.12084193],[9.94368961,57.12084763]],[[9.94368961,57.12084763],[9.94368121,57.12085333]],[[9.94368121,57.12085333],[9.94367282,57.12085902]],[[9.94367282,57.12085902],[9.94366441,57.12086472]],[[9.94366441,57.12086472],[9.943656,57.12087041]],[[9.943656,57.12087041],[9.94364758,57.1208761]],[[9.94364758,57.1208761],[9.94363917,57.12088178]],[[9.94363917,57.12088178],[9.94363074,57.12088747]],[[9.94363074,57.12088747],[9.94362232,57.12089315]],[[9.94362232,57.12089315],[9.94361389,57.12089883]],[[9.94361389,57.12089883],[9.94360544,57.12090451]],[[9.94360544,57.12090451],[9.94359702,57.12091018]],[[9.94359702,57.12091018],[9.94358857,57.12091586]],[[9.94358857,57.12091586],[9.94358013,57.12092153]],[[9.94358013,57.12092153],[9.94357168,57.1209272]],[[9.94357168,57.1209272],[9.94356322,57.12093288]],[[9.94356322,57.12093288],[9.94355478,57.12093855]],[[9.94355478,57.12093855],[9.94354631,57.12094422]],[[9.94354631,57.12094422],[9.94353785,57.12094989]],[[9.94353785,57.12094989],[9.94352939,57.12095555]],[[9.94352939,57.12095555],[9.94352093,57.12096122]],[[9.94352093,57.12096122],[9.94351247,57.12096689]],[[9.94351247,57.12096689],[9.94350401,57.12097255]],[[9.94350401,57.12097255],[9.94349553,57.12097821]],[[9.94349553,57.12097821],[9.94348707,57.12098388]],[[9.94348707,57.12098388],[9.94347859,57.12098955]],[[9.94347859,57.12098955],[9.94347011,57.12099521]],[[9.94347011,57.12099521],[9.94346165,57.12100087]],[[9.94346165,57.12100087],[9.94345318,57.12100653]],[[9.94345318,57.12100653],[9.9434447,57.12101219]],[[9.9434447,57.12101219],[9.94343622,57.12101785]],[[9.94343622,57.12101785],[9.94342776,57.12102351]],[[9.94342776,57.12102351],[9.94342776,57.12102351]],[[9.94342776,57.12102351],[9.94342049,57.12102837]],[[9.94342049,57.12102837],[9.94341322,57.12103322]],[[9.94341322,57.12103322],[9.94340596,57.12103807]],[[9.94340596,57.12103807],[9.94339869,57.12104292]],[[9.94339869,57.12104292],[9.94339144,57.12104778]],[[9.94339144,57.12104778],[9.94338418,57.12105263]],[[9.94338418,57.12105263],[9.94337691,57.12105749]],[[9.94337691,57.12105749],[9.94336966,57.12106234]],[[9.94336966,57.12106234],[9.94336238,57.1210672]],[[9.94336238,57.1210672],[9.94335513,57.12107205]],[[9.94335513,57.12107205],[9.94334787,57.12107691]],[[9.94334787,57.12107691],[9.94334062,57.12108176]],[[9.94334062,57.12108176],[9.94333336,57.12108662]],[[9.94333336,57.12108662],[9.94332611,57.12109147]],[[9.94332611,57.12109147],[9.94331885,57.12109634]],[[9.94331885,57.12109634],[9.9433116,57.12110119]],[[9.9433116,57.12110119],[9.94330436,57.12110604]],[[9.94330436,57.12110604],[9.94329711,57.12111091]],[[9.94329711,57.12111091],[9.94328987,57.12111577]],[[9.94328987,57.12111577],[9.94328261,57.12112063]],[[9.94328261,57.12112063],[9.94327538,57.12112549]],[[9.94327538,57.12112549],[9.94326814,57.12113036]],[[9.94326814,57.12113036],[9.9432609,57.12113522]],[[9.9432609,57.12113522],[9.94325368,57.12114009]],[[9.94325368,57.12114009],[9.94324644,57.12114496]],[[9.94324644,57.12114496],[9.94323922,57.12114982]],[[9.94323922,57.12114982],[9.94323198,57.12115469]],[[9.94323198,57.12115469],[9.94322476,57.12115957]],[[9.94322476,57.12115957],[9.94321753,57.12116444]],[[9.94321753,57.12116444],[9.94321033,57.12116931]],[[9.94321033,57.12116931],[9.94320311,57.12117418]],[[9.94320311,57.12117418],[9.9431959,57.12117906]],[[9.9431959,57.12117906],[9.9431887,57.12118394]],[[9.9431887,57.12118394],[9.94318149,57.12118882]],[[9.94318149,57.12118882],[9.94317429,57.1211937]],[[9.94317429,57.1211937],[9.9431671,57.12119858]],[[9.9431671,57.12119858],[9.94315991,57.12120347]],[[9.94315991,57.12120347],[9.94315272,57.12120836]],[[9.94315272,57.12120836],[9.94314553,57.12121324]],[[9.94314553,57.12121324],[9.94313836,57.12121813]],[[9.94313836,57.12121813],[9.94313119,57.12122302]],[[9.94313119,57.12122302],[9.94312401,57.12122792]],[[9.94312401,57.12122792],[9.94311684,57.12123281]],[[9.94311684,57.12123281],[9.94310969,57.12123771]],[[9.94310969,57.12123771],[9.94310253,57.12124261]],[[9.94310253,57.12124261],[9.94309537,57.12124751]],[[9.94309537,57.12124751],[9.94308823,57.12125242]],[[9.94308823,57.12125242],[9.94308109,57.12125732]],[[9.94308109,57.12125732],[9.94307396,57.12126223]],[[9.94307396,57.12126223],[9.94306682,57.12126714]],[[9.94306682,57.12126714],[9.94305969,57.12127205]],[[9.94305969,57.12127205],[9.94305257,57.12127697]],[[9.94305257,57.12127697],[9.94304546,57.12128189]],[[9.94304546,57.12128189],[9.94303836,57.12128681]],[[9.94303836,57.12128681],[9.94303125,57.12129173]],[[9.94303125,57.12129173],[9.94302416,57.12129666]],[[9.94302416,57.12129666],[9.94301707,57.12130159]],[[9.94301707,57.12130159],[9.94300998,57.12130651]],[[9.94300998,57.12130651],[9.94300291,57.12131145]],[[9.94300291,57.12131145],[9.94299583,57.12131638]],[[9.94299583,57.12131638],[9.94298878,57.12132132]],[[9.94298878,57.12132132],[9.94298172,57.12132627]],[[9.94298172,57.12132627],[9.94297466,57.12133121]],[[9.94297466,57.12133121],[9.94296762,57.12133615]],[[9.94296762,57.12133615],[9.94296058,57.12134111]],[[9.94296058,57.12134111],[9.94295356,57.12134606]],[[9.94295356,57.12134606],[9.94294653,57.12135102]],[[9.94294653,57.12135102],[9.94293953,57.12135598]],[[9.94293953,57.12135598],[9.94293252,57.12136094]],[[9.94293252,57.12136094],[9.94292551,57.12136591]],[[9.94292551,57.12136591],[9.94291852,57.12137088]],[[9.94291852,57.12137088],[9.94291153,57.12137586]],[[9.94291153,57.12137586],[9.94290456,57.12138083]],[[9.94290456,57.12138083],[9.9428976,57.12138581]],[[9.9428976,57.12138581],[9.94289064,57.12139079]],[[9.94289064,57.12139079],[9.94288368,57.12139578]],[[9.94288368,57.12139578],[9.94287674,57.12140077]],[[9.94287674,57.12140077],[9.94286982,57.12140576]],[[9.94286982,57.12140576],[9.94286289,57.12141076]],[[9.94286289,57.12141076],[9.94285597,57.12141576]],[[9.94285597,57.12141576],[9.94284906,57.12142076]],[[9.94284906,57.12142076],[9.94284217,57.12142577]],[[9.94284217,57.12142577],[9.94231017,57.12184703]],[[9.94231017,57.12184703],[9.94184286,57.1222904]],[[9.94184286,57.1222904],[9.94144327,57.12275295]],[[9.94144327,57.12275295],[9.94111411,57.12323163]],[[9.94111411,57.12323163],[9.9408575,57.12372327]],[[9.9408575,57.12372327],[9.94020444,57.12547974]],[[9.94020444,57.12547974],[9.93978812,57.12725741]],[[9.93978812,57.12725741],[9.9396108,57.12904683]],[[9.86728453,56.95201171],[9.87259751,56.9585172]],[[9.87259751,56.9585172],[9.8742982,56.96084413]],[[9.8742982,56.96084413],[9.87565438,56.96323767]],[[9.87565438,56.96323767],[9.87665742,56.96568261]],[[9.87665742,56.96568261],[9.87730082,56.96816341]],[[9.87730082,56.96816341],[9.87730069,56.96816269]],[[9.87730082,56.96816341],[9.87730069,56.96816269]],[[9.87730069,56.96816269],[9.87765934,56.97009815]],[[9.87765934,56.97009815],[9.87766025,56.97010306]],[[9.87766025,56.97010306],[9.87766115,56.97010796]],[[9.87766115,56.97010796],[9.87766207,56.97011286]],[[9.87766207,56.97011286],[9.87766298,56.97011777]],[[9.87766298,56.97011777],[9.87766388,56.97012267]],[[9.87766388,56.97012267],[9.8776648,56.97012758]],[[9.8776648,56.97012758],[9.87766571,56.97013248]],[[9.87766571,56.97013248],[9.87766663,56.97013738]],[[9.87766663,56.97013738],[9.87766753,56.97014228]],[[9.87766753,56.97014228],[9.87766846,56.97014718]],[[9.87766846,56.97014718],[9.87766936,56.97015209]],[[9.87766936,56.97015209],[9.87767028,56.97015699]],[[9.87767028,56.97015699],[9.8776712,56.9701619]],[[9.8776712,56.9701619],[9.87767212,56.97016679]],[[9.87767212,56.97016679],[9.87767304,56.97017169]],[[9.87767304,56.97017169],[9.87767397,56.9701766]],[[9.87767397,56.9701766],[9.87767489,56.9701815]],[[9.87767489,56.9701815],[9.87767581,56.97018641]],[[9.87767581,56.97018641],[9.87767675,56.9701913]],[[9.87767675,56.9701913],[9.87767767,56.97019621]],[[9.87767767,56.97019621],[9.8776786,56.97020111]],[[9.8776786,56.97020111],[9.87767954,56.97020601]],[[9.87767954,56.97020601],[9.87768048,56.97021091]],[[9.87768048,56.97021091],[9.87768143,56.97021581]],[[9.87768143,56.97021581],[9.87768237,56.97022072]],[[9.87768237,56.97022072],[9.87768332,56.97022561]],[[9.87768332,56.97022561],[9.87768426,56.97023052]],[[9.87768426,56.97023052],[9.87768522,56.97023542]],[[9.87768522,56.97023542],[9.87768619,56.97024032]],[[9.87768619,56.97024032],[9.87768714,56.97024522]],[[9.87768714,56.97024522],[9.87768811,56.97025012]],[[9.87768811,56.97025012],[9.87768907,56.97025502]],[[9.87768907,56.97025502],[9.87769005,56.97025991]],[[9.87769005,56.97025991],[9.87769102,56.97026482]],[[9.87769102,56.97026482],[9.87769201,56.97026971]],[[9.87769201,56.97026971],[9.87769298,56.97027461]],[[9.87769298,56.97027461],[9.87769397,56.97027951]],[[9.87769397,56.97027951],[9.87769497,56.97028441]],[[9.87769497,56.97028441],[9.87769596,56.9702893]],[[9.87769596,56.9702893],[9.87769696,56.97029421]],[[9.87769696,56.97029421],[9.87769798,56.9702991]],[[9.87769798,56.9702991],[9.87769898,56.970304]],[[9.87769898,56.970304],[9.8777,56.97030889]],[[9.8777,56.97030889],[9.87770102,56.97031379]],[[9.87770102,56.97031379],[9.87770206,56.97031869]],[[9.87770206,56.97031869],[9.87770308,56.97032359]],[[9.87770308,56.97032359],[9.87770413,56.97032848]],[[9.87770413,56.97032848],[9.87770517,56.97033338]],[[9.87770517,56.97033338],[9.87770622,56.97033827]],[[9.87770622,56.97033827],[9.87770727,56.97034316]],[[9.87770727,56.97034316],[9.87770834,56.97034805]],[[9.87770834,56.97034805],[9.8777094,56.97035295]],[[9.8777094,56.97035295],[9.87771048,56.97035784]],[[9.87771048,56.97035784],[9.87771155,56.97036274]],[[9.87771155,56.97036274],[9.87771265,56.97036763]],[[9.87771265,56.97036763],[9.87771374,56.97037252]],[[9.87771374,56.97037252],[9.87771484,56.97037741]],[[9.87771484,56.97037741],[9.87771594,56.9703823]],[[9.87771594,56.9703823],[9.87771706,56.97038719]],[[9.87771706,56.97038719],[9.87771818,56.97039208]],[[9.87771818,56.97039208],[9.87771931,56.97039697]],[[9.87771931,56.97039697],[9.87772045,56.97040186]],[[9.87772045,56.97040186],[9.87772158,56.97040675]],[[9.87772158,56.97040675],[9.87772274,56.97041164]],[[9.87772274,56.97041164],[9.8777239,56.97041652]],[[9.8777239,56.97041652],[9.87772505,56.97042141]],[[9.87772505,56.97042141],[9.87772624,56.9704263]],[[9.87772624,56.9704263],[9.87772742,56.97043118]],[[9.87772742,56.97043118],[9.87772861,56.97043607]],[[9.87772861,56.97043607],[9.87772981,56.97044096]],[[9.87772981,56.97044096],[9.87773101,56.97044583]],[[9.87773101,56.97044583],[9.87773223,56.97045072]],[[9.87773223,56.97045072],[9.87773346,56.97045561]],[[9.87773346,56.97045561],[9.87773468,56.97046048]],[[9.87773468,56.97046048],[9.87773593,56.97046536]],[[9.87773593,56.97046536],[9.87773718,56.97047025]],[[9.87773718,56.97047025],[9.87773844,56.97047513]],[[9.87773844,56.97047513],[9.87773971,56.97048]],[[9.87773971,56.97048],[9.87774098,56.97048488]],[[9.87774098,56.97048488],[9.87774228,56.97048976]],[[9.87774228,56.97048976],[9.87774356,56.97049464]],[[9.87774356,56.97049464],[9.87774487,56.97049951]],[[9.87774487,56.97049951],[9.87780024,56.97067974]],[[9.87780024,56.97067974],[9.87786897,56.97085859]],[[9.87786897,56.97085859],[9.87795098,56.97103576]],[[9.87795098,56.97103576],[9.87796062,56.97105475]],[[9.87796062,56.97105475],[9.87797041,56.97107372]],[[9.87797041,56.97107372],[9.87798035,56.97109267]],[[9.87798035,56.97109267],[9.87799041,56.9711116]],[[9.87799041,56.9711116],[9.87800064,56.97113051]],[[9.87800064,56.97113051],[9.87801101,56.97114939]],[[9.87801101,56.97114939],[9.87802152,56.97116825]],[[9.87802152,56.97116825],[9.87803216,56.97118709]],[[9.87803216,56.97118709],[9.87804295,56.9712059]],[[9.87804295,56.9712059],[9.87805386,56.97122469]],[[9.87805386,56.97122469],[9.87806491,56.97124345]],[[9.87806491,56.97124345],[9.87807609,56.97126219]],[[9.87807609,56.97126219],[9.8780874,56.97128092]],[[9.8780874,56.97128092],[9.87809883,56.97129961]],[[9.87809883,56.97129961],[9.87811039,56.97131829]],[[9.87811039,56.97131829],[9.87812207,56.97133694]],[[9.87812207,56.97133694],[9.87813388,56.97135556]],[[9.87813388,56.97135556],[9.87814579,56.97137417]],[[9.87814579,56.97137417],[9.87815783,56.97139276]],[[9.87815783,56.97139276],[9.87816999,56.97141132]],[[9.87816999,56.97141132],[9.87818226,56.97142986]],[[9.87818226,56.97142986],[9.87819463,56.97144838]],[[9.87819463,56.97144838],[9.87820712,56.97146687]],[[9.87820712,56.97146687],[9.8782197,56.97148535]],[[9.8782197,56.97148535],[9.8782324,56.9715038]],[[9.8782324,56.9715038],[9.8782452,56.97152223]],[[9.8782452,56.97152223],[9.87825811,56.97154064]],[[9.87825811,56.97154064],[9.87827111,56.97155903]],[[9.87827111,56.97155903],[9.8782842,56.97157739]],[[9.8782842,56.97157739],[9.87829739,56.97159574]],[[9.87829739,56.97159574],[9.87831068,56.97161408]],[[9.87831068,56.97161408],[9.87832406,56.97163238]],[[9.87832406,56.97163238],[9.87833753,56.97165067]],[[9.87833753,56.97165067],[9.87835109,56.97166894]],[[9.87835109,56.97166894],[9.87836472,56.97168719]],[[9.87836472,56.97168719],[9.87837846,56.97170542]],[[9.87837846,56.97170542],[9.87839226,56.97172363]],[[9.87839226,56.97172363],[9.87840615,56.97174183]],[[9.87840615,56.97174183],[9.87842011,56.97176001]],[[9.87842011,56.97176001],[9.87843416,56.97177816]],[[9.87843416,56.97177816],[9.87844828,56.97179631]],[[9.87844828,56.97179631],[9.87846247,56.97181444]],[[9.87846247,56.97181444],[9.87847674,56.97183254]],[[9.87847674,56.97183254],[9.87849106,56.97185063]],[[9.87849106,56.97185063],[9.87850546,56.97186871]],[[9.87850546,56.97186871],[9.87851992,56.97188677]],[[9.87851992,56.97188677],[9.87853446,56.97190482]],[[9.87853446,56.97190482],[9.87854904,56.97192285]],[[9.87854904,56.97192285],[9.87856369,56.97194086]],[[9.87856369,56.97194086],[9.8785784,56.97195886]],[[9.8785784,56.97195886],[9.87859317,56.97197685]],[[9.87859317,56.97197685],[9.87860798,56.97199483]],[[9.87860798,56.97199483],[9.87862285,56.97201278]],[[9.87862285,56.97201278],[9.87863777,56.97203073]],[[9.87863777,56.97203073],[9.87865276,56.97204867]],[[9.87865276,56.97204867],[9.87866778,56.97206659]],[[9.87866778,56.97206659],[9.87868283,56.97208451]],[[9.87868283,56.97208451],[9.87869795,56.97210241]],[[9.87869795,56.97210241],[9.8787131,56.9721203]],[[9.8787131,56.9721203],[9.87872829,56.97213818]],[[9.87872829,56.97213818],[9.87874352,56.97215605]],[[9.87874352,56.97215605],[9.87875879,56.97217392]],[[9.87875879,56.97217392],[9.87877409,56.97219177]],[[9.87877409,56.97219177],[9.87878942,56.97220962]],[[9.87878942,56.97220962],[9.8788048,56.97222745]],[[9.8788048,56.97222745],[9.87882018,56.97224528]],[[9.87882018,56.97224528],[9.87883562,56.9722631]],[[9.87883562,56.9722631],[9.87885106,56.97228092]],[[9.87885106,56.97228092],[9.87886655,56.97229872]],[[9.87886655,56.97229872],[9.87888204,56.97231653]],[[9.87888204,56.97231653],[9.87889756,56.97233432]],[[9.87889756,56.97233432],[9.8789131,56.97235212]],[[9.8789131,56.97235212],[9.87892865,56.9723699]],[[9.87892865,56.9723699],[9.87894423,56.97238769]],[[9.87894423,56.97238769],[9.87895981,56.97240547]],[[9.87895981,56.97240547],[9.87897541,56.97242325]],[[9.87897541,56.97242325],[9.87899102,56.97244102]],[[9.87899102,56.97244102],[9.87900663,56.97245879]],[[9.87900663,56.97245879],[9.87902226,56.97247656]],[[9.87902226,56.97247656],[9.87903789,56.97249433]],[[9.87903789,56.97249433],[9.87905352,56.9725121]],[[9.87905352,56.9725121],[9.87906916,56.97252987]],[[9.87906916,56.97252987],[9.87906916,56.97252987]],[[9.87906916,56.97252987],[9.87908202,56.97254449]],[[9.87908202,56.97254449],[9.87908202,56.97254449]],[[9.87908202,56.97254449],[9.87909767,56.97256226]],[[9.87909767,56.97256226],[9.8791133,56.97258003]],[[9.8791133,56.97258003],[9.87912893,56.9725978]],[[9.87912893,56.9725978],[9.87914456,56.97261557]],[[9.87914456,56.97261557],[9.87916017,56.97263334]],[[9.87916017,56.97263334],[9.87917578,56.97265111]],[[9.87917578,56.97265111],[9.87919138,56.97266889]],[[9.87919138,56.97266889],[9.87920696,56.97268667]],[[9.87920696,56.97268667],[9.87922254,56.97270445]],[[9.87922254,56.97270445],[9.87923809,56.97272224]],[[9.87923809,56.97272224],[9.87925363,56.97274004]],[[9.87925363,56.97274004],[9.87926915,56.97275783]],[[9.87926915,56.97275783],[9.87928465,56.97277564]],[[9.87928465,56.97277564],[9.87930013,56.97279344]],[[9.87930013,56.97279344],[9.87931557,56.97281126]],[[9.87931557,56.97281126],[9.87933101,56.97282908]],[[9.87933101,56.97282908],[9.87934639,56.97284691]],[[9.87934639,56.97284691],[9.87936177,56.97286475]],[[9.87936177,56.97286475],[9.87937711,56.97288259]],[[9.87937711,56.97288259],[9.87939241,56.97290044]],[[9.87939241,56.97290044],[9.87940767,56.97291831]],[[9.87940767,56.97291831],[9.87942291,56.97293617]],[[9.87942291,56.97293617],[9.87943809,56.97295406]],[[9.87943809,56.97295406],[9.87945324,56.97297195]],[[9.87945324,56.97297195],[9.87946836,56.97298986]],[[9.87946836,56.97298986],[9.87948342,56.97300777]],[[9.87948342,56.97300777],[9.87949844,56.97302569]],[[9.87949844,56.97302569],[9.87951343,56.97304363]],[[9.87951343,56.97304363],[9.87952835,56.97306157]],[[9.87952835,56.97306157],[9.87954322,56.97307953]],[[9.87954322,56.97307953],[9.87955804,56.97309751]],[[9.87955804,56.97309751],[9.8795728,56.9731155]],[[9.8795728,56.9731155],[9.87958751,56.9731335]],[[9.87958751,56.9731335],[9.87960217,56.97315151]],[[9.87960217,56.97315151],[9.87961674,56.97316955]],[[9.87961674,56.97316955],[9.87963129,56.97318759]],[[9.87963129,56.97318759],[9.87964575,56.97320565]],[[9.87964575,56.97320565],[9.87966015,56.97322372]],[[9.87966015,56.97322372],[9.87967447,56.97324182]],[[9.87967447,56.97324182],[9.87968874,56.97325993]],[[9.87968874,56.97325993],[9.87970294,56.97327805]],[[9.87970294,56.97327805],[9.87971705,56.97329619]],[[9.87971705,56.97329619],[9.8797311,56.97331435]],[[9.8797311,56.97331435],[9.87974507,56.97333252]],[[9.87974507,56.97333252],[9.87975896,56.97335072]],[[9.87975896,56.97335072],[9.87977276,56.97336894]],[[9.87977276,56.97336894],[9.8797865,56.97338716]],[[9.8797865,56.97338716],[9.87980013,56.97340542]],[[9.87980013,56.97340542],[9.87981369,56.97342369]],[[9.87981369,56.97342369],[9.87982717,56.97344197]],[[9.87982717,56.97344197],[9.87984054,56.97346028]],[[9.87984054,56.97346028],[9.87985383,56.97347861]],[[9.87985383,56.97347861],[9.87986703,56.97349696]],[[9.87986703,56.97349696],[9.87988012,56.97351533]],[[9.87988012,56.97351533],[9.87989312,56.97353371]],[[9.87989312,56.97353371],[9.87990604,56.97355213]],[[9.87990604,56.97355213],[9.87991884,56.97357056]],[[9.87991884,56.97357056],[9.87993154,56.97358901]],[[9.87993154,56.97358901],[9.87994412,56.97360748]],[[9.87994412,56.97360748],[9.87995661,56.97362597]],[[9.87995661,56.97362597],[9.87996898,56.97364449]],[[9.87996898,56.97364449],[9.87998125,56.97366303]],[[9.87998125,56.97366303],[9.87999341,56.9736816]],[[9.87999341,56.9736816],[9.88000545,56.97370018]],[[9.88000545,56.97370018],[9.88001737,56.97371879]],[[9.88001737,56.97371879],[9.88002918,56.97373741]],[[9.88002918,56.97373741],[9.88004086,56.97375607]],[[9.88004086,56.97375607],[9.88005242,56.97377474]],[[9.88005242,56.97377474],[9.88006386,56.97379344]],[[9.88006386,56.97379344],[9.88007516,56.97381216]],[[9.88007516,56.97381216],[9.88008635,56.9738309]],[[9.88008635,56.9738309],[9.8800974,56.97384966]],[[9.8800974,56.97384966],[9.88010831,56.97386846]],[[9.88010831,56.97386846],[9.8801191,56.97388726]],[[9.8801191,56.97388726],[9.88012975,56.9739061]],[[9.88012975,56.9739061],[9.88014026,56.97392495]],[[9.88014026,56.97392495],[9.88015063,56.97394384]],[[9.88015063,56.97394384],[9.88016086,56.97396274]],[[9.88016086,56.97396274],[9.88017093,56.97398168]],[[9.88017093,56.97398168],[9.88018086,56.97400062]],[[9.88018086,56.97400062],[9.88019065,56.9740196]],[[9.88019065,56.9740196],[9.88020029,56.97403859]],[[9.88020029,56.97403859],[9.88034254,56.97437027]],[[9.88034254,56.97437027],[9.88043835,56.9747069]],[[9.88043835,56.9747069],[9.88048713,56.97504651]],[[9.88048713,56.97504651],[9.88048864,56.97538716]],[[9.88048864,56.97538716],[9.88044284,56.9757269]],[[9.88044284,56.9757269],[9.88035002,56.97606376]],[[9.88035002,56.97606376],[9.88021067,56.97639582]],[[9.88021067,56.97639582],[9.88020453,56.97640821]],[[9.88020453,56.97640821],[9.88019832,56.97642058]],[[9.88019832,56.97642058],[9.88019205,56.97643295]],[[9.88019205,56.97643295],[9.88018571,56.9764453]],[[9.88018571,56.9764453],[9.88017931,56.97645765]],[[9.88017931,56.97645765],[9.88017285,56.97647]],[[9.88017285,56.97647],[9.88016633,56.97648233]],[[9.88016633,56.97648233],[9.88015975,56.97649464]],[[9.88015975,56.97649464],[9.88015312,56.97650696]],[[9.88015312,56.97650696],[9.88014642,56.97651926]],[[9.88014642,56.97651926],[9.88013967,56.97653155]],[[9.88013967,56.97653155],[9.88013285,56.97654384]],[[9.88013285,56.97654384],[9.88012599,56.97655611]],[[9.88012599,56.97655611],[9.88011907,56.97656838]],[[9.88011907,56.97656838],[9.88011211,56.97658063]],[[9.88011211,56.97658063],[9.88010508,56.97659288]],[[9.88010508,56.97659288],[9.88009801,56.97660511]],[[9.88009801,56.97660511],[9.88009088,56.97661734]],[[9.88009088,56.97661734],[9.88008369,56.97662956]],[[9.88008369,56.97662956],[9.88007646,56.97664177]],[[9.88007646,56.97664177],[9.88006919,56.97665398]],[[9.88006919,56.97665398],[9.88006186,56.97666617]],[[9.88006186,56.97666617],[9.88005447,56.97667836]],[[9.88005447,56.97667836],[9.88004705,56.97669053]],[[9.88004705,56.97669053],[9.88003959,56.9767027]],[[9.88003959,56.9767027],[9.88003207,56.97671486]],[[9.88003207,56.97671486],[9.88002452,56.97672701]],[[9.88002452,56.97672701],[9.88001691,56.97673915]],[[9.88001691,56.97673915],[9.88000926,56.97675129]],[[9.88000926,56.97675129],[9.88000157,56.97676342]],[[9.88000157,56.97676342],[9.87999384,56.97677553]],[[9.87999384,56.97677553],[9.87998607,56.97678765]],[[9.87998607,56.97678765],[9.87997825,56.97679976]],[[9.87997825,56.97679976],[9.8799704,56.97681185]],[[9.8799704,56.97681185],[9.87996252,56.97682393]],[[9.87996252,56.97682393],[9.87995459,56.97683602]],[[9.87995459,56.97683602],[9.87994662,56.97684809]],[[9.87994662,56.97684809],[9.87993862,56.97686016]],[[9.87993862,56.97686016],[9.87993059,56.97687222]],[[9.87993059,56.97687222],[9.87992251,56.97688427]],[[9.87992251,56.97688427],[9.87991442,56.97689632]],[[9.87991442,56.97689632],[9.87990627,56.97690836]],[[9.87990627,56.97690836],[9.87989809,56.97692039]],[[9.87989809,56.97692039],[9.87988989,56.97693242]],[[9.87988989,56.97693242],[9.87988165,56.97694443]],[[9.87988165,56.97694443],[9.87987339,56.97695645]],[[9.87987339,56.97695645],[9.87986509,56.97696846]],[[9.87986509,56.97696846],[9.87985677,56.97698045]],[[9.87985677,56.97698045],[9.87984841,56.97699245]],[[9.87984841,56.97699245],[9.87984003,56.97700444]],[[9.87984003,56.97700444],[9.87983162,56.97701643]],[[9.87983162,56.97701643],[9.87982318,56.9770284]],[[9.87982318,56.9770284],[9.87981472,56.97704038]],[[9.87981472,56.97704038],[9.87980625,56.97705235]],[[9.87980625,56.97705235],[9.87979774,56.97706431]],[[9.87979774,56.97706431],[9.8797892,56.97707627]],[[9.8797892,56.97707627],[9.87978066,56.97708822]],[[9.87978066,56.97708822],[9.87977207,56.97710017]],[[9.87977207,56.97710017],[9.87976348,56.97711211]],[[9.87976348,56.97711211],[9.87975486,56.97712406]],[[9.87975486,56.97712406],[9.87974622,56.97713599]],[[9.87974622,56.97713599],[9.87973756,56.97714792]],[[9.87973756,56.97714792],[9.87972889,56.97715985]],[[9.87972889,56.97715985],[9.8797202,56.97717177]],[[9.8797202,56.97717177],[9.87971149,56.9771837]],[[9.87971149,56.9771837],[9.87970277,56.97719561]],[[9.87970277,56.97719561],[9.87969403,56.97720752]],[[9.87969403,56.97720752],[9.87968528,56.97721943]],[[9.87968528,56.97721943],[9.87967651,56.97723134]],[[9.87967651,56.97723134],[9.87966772,56.97724325]],[[9.87966772,56.97724325],[9.87965894,56.97725515]],[[9.87965894,56.97725515],[9.87965013,56.97726705]],[[9.87965013,56.97726705],[9.87964131,56.97727894]],[[9.87964131,56.97727894],[9.87963248,56.97729083]],[[9.87963248,56.97729083],[9.87962364,56.97730272]],[[9.87962364,56.97730272],[9.8796148,56.97731462]],[[9.8796148,56.97731462],[9.87960595,56.97732651]],[[9.87960595,56.97732651],[9.87959708,56.9773384]],[[9.87959708,56.9773384],[9.87958821,56.97735028]],[[9.87958821,56.97735028],[9.87957934,56.97736216]],[[9.87957934,56.97736216],[9.87957047,56.97737405]],[[9.87957047,56.97737405],[9.87956159,56.97738593]],[[9.87956159,56.97738593],[9.87592116,56.98181847]],[[9.87592116,56.98181847],[9.87173951,56.9861064]],[[9.87173951,56.9861064],[9.86703563,56.99023008]],[[9.86724701,56.95202086],[9.86732205,56.95200257]],[[9.86700148,56.99021757],[9.86706979,56.99024258]],[[9.86724958,56.95202401],[9.86732462,56.9520057]],[[9.87385363,56.96024487],[9.87393053,56.96022903]],[[9.87741003,56.96897576],[9.87749183,56.96897123]],[[9.87937714,56.97757235],[9.87945316,56.97758945]],[[9.87218264,56.98563809],[9.87225419,56.98566024]],[[9.8686039,56.95366051],[9.86864893,56.95364953]],[[9.86994333,56.95530066],[9.86998836,56.95528968]],[[9.87128287,56.95694079],[9.87132791,56.95692981]],[[9.87262242,56.95858092],[9.87266748,56.95856998]],[[9.87494007,56.96193867],[9.87498712,56.96193062]],[[9.87583204,56.96366628],[9.87587987,56.96365971]],[[9.87654203,56.9654189],[9.87659048,56.96541383]],[[9.87706766,56.96719079],[9.87711655,56.96718725]],[[9.87780407,56.97075973],[9.87785238,56.97075427]],[[9.87896199,56.9724391],[9.87900645,56.97242745]],[[9.88020307,56.9740963],[9.88025079,56.9740895]],[[9.88038372,56.97587228],[9.88043255,56.97587616]],[[9.87810219,56.97922743],[9.87814731,56.97923832]],[[9.8767367,56.98086096],[9.87678131,56.98087245]],[[9.87529671,56.98247533],[9.8753408,56.98248742]],[[9.87378317,56.98406951],[9.87382668,56.98408221]],[[9.87053908,56.98719337],[9.87058139,56.98720724]],[[9.86881058,56.98872108],[9.86885223,56.98873553]],[[9.86793423,56.95284043],[9.86797925,56.95282945]],[[9.8686039,56.95366051],[9.86864893,56.95364953]],[[9.8692736,56.95448058],[9.86931863,56.9544696]],[[9.86994333,56.95530066],[9.86998836,56.95528968]],[[9.87061309,56.95612073],[9.87065812,56.95610975]],[[9.87128287,56.95694079],[9.87132791,56.95692981]],[[9.8719527,56.95776086],[9.87199772,56.95774988]],[[9.87262242,56.95858092],[9.87266748,56.95856998]],[[9.87326742,56.95940644],[9.87331303,56.95939622]],[[9.87442672,56.96108601],[9.87447333,56.96107723]],[[9.87494007,56.96193867],[9.87498712,56.96193062]],[[9.87540864,56.962799],[9.8754561,56.96279168]],[[9.87583204,56.96366628],[9.87587987,56.96365971]],[[9.87620994,56.96453982],[9.8762581,56.964534]],[[9.87654203,56.9654189],[9.87659048,56.96541383]],[[9.87682801,56.96630279],[9.87687671,56.96629848]],[[9.87706766,56.96719079],[9.87711655,56.96718725]],[[9.87726079,56.96808217],[9.87730984,56.96807939]],[[9.87759196,56.9698683],[9.87764103,56.96986559]],[[9.87780407,56.97075973],[9.87785238,56.97075427]],[[9.87828788,56.97161921],[9.87833372,56.97160926]],[[9.87896199,56.9724391],[9.87900645,56.97242745]],[[9.87965606,56.97325251],[9.87970136,56.97324186]],[[9.88020307,56.9740963],[9.88025079,56.9740895]],[[9.88045653,56.97497934],[9.88050581,56.97497785]],[[9.88038372,56.97587228],[9.88043255,56.97587616]],[[9.87999017,56.97674019],[9.88003683,56.97674896]],[[9.87875674,56.9784038],[9.87880211,56.97841437]],[[9.87810219,56.97922743],[9.87814731,56.97923832]],[[9.87742881,56.98004653],[9.87747369,56.98005771]],[[9.8767367,56.98086096],[9.87678131,56.98087245]],[[9.87602596,56.98167061],[9.87607033,56.9816824]],[[9.87529671,56.98247533],[9.8753408,56.98248742]],[[9.87454908,56.983275],[9.87459289,56.9832874]],[[9.87378317,56.98406951],[9.87382668,56.98408221]],[[9.87299907,56.98485872],[9.87304231,56.98487172]],[[9.87137691,56.98642077],[9.87141953,56.98643436]],[[9.87053908,56.98719337],[9.87058139,56.98720724]],[[9.86968359,56.98796018],[9.86972559,56.98797434]],[[9.86881058,56.98872108],[9.86885223,56.98873553]],[[9.86792017,56.98947597],[9.86796149,56.98949069]],[[9.86700148,56.99021757],[9.86706979,56.99024258]],[[9.84763702,57.04150189],[9.84771918,57.04150519]],[[9.86342995,56.99323505],[9.86350185,56.99325687]],[[9.8589118,57.00180024],[9.85899396,57.00180262]],[[9.85886338,57.01077756],[9.85894559,57.01077966]],[[9.85712855,57.01969973],[9.85720975,57.01970708]],[[9.85348443,57.02844906],[9.85356351,57.02846158]],[[9.848811,57.03705823],[9.84889151,57.0370677]],[[9.86701514,56.99022257],[9.86705614,56.99023758]],[[9.86516751,56.99170873],[9.86520861,56.99172364]],[[9.86197681,56.99484759],[9.86202195,56.9948585]],[[9.86078272,56.99652184],[9.86082948,56.99653046]],[[9.85987195,56.99824833],[9.85991996,56.9982546]],[[9.85925207,57.00001281],[9.85930092,57.00001667]],[[9.85889399,57.0035972],[9.85894335,57.00359656]],[[9.85899374,57.00539237],[9.8590431,57.00539173]],[[9.8590332,57.00718789],[9.85908257,57.00718789]],[[9.85899522,57.00898342],[9.85904459,57.00898406]],[[9.85868705,57.01257054],[9.85873631,57.01257244]],[[9.85841701,57.01436015],[9.85846617,57.01436267]],[[9.85806981,57.01614578],[9.85811886,57.01614893]],[[9.85764567,57.01792646],[9.85769457,57.01793025]],[[9.85656746,57.02146903],[9.85661598,57.02147407]],[[9.85591395,57.02322895],[9.85596225,57.0232346]],[[9.85518465,57.02497999],[9.85523269,57.02498627]],[[9.85437994,57.02672119],[9.8544277,57.02672808]],[[9.8525482,57.03017058],[9.85259537,57.03017862]],[[9.85154915,57.03188185],[9.85159617,57.0318901]],[[9.85054566,57.03359259],[9.85059281,57.03360063]],[[9.84961104,57.03531519],[9.84965869,57.03532231]],[[9.8482219,57.03882608],[9.84827071,57.0388303]],[[9.84779746,57.04060764],[9.84784662,57.04061036]],[[9.86701514,56.99022257],[9.86705614,56.99023758]],[[9.8660907,56.99096522],[9.86613141,56.99098045]],[[9.86516751,56.99170873],[9.86520861,56.99172364]],[[9.86427692,56.99246426],[9.86431892,56.99247842]],[[9.8626771,56.9940344],[9.86272128,56.99404641]],[[9.86197681,56.99484759],[9.86202195,56.9948585]],[[9.86134491,56.99567731],[9.86139091,56.99568708]],[[9.86078272,56.99652184],[9.86082948,56.99653046]],[[9.86029139,56.99737943],[9.86033883,56.99738689]],[[9.85987195,56.99824833],[9.85991996,56.9982546]],[[9.85952527,56.99912672],[9.85957374,56.9991318]],[[9.85925207,57.00001281],[9.85930092,57.00001667]],[[9.85905291,57.00090476],[9.85910204,57.0009074]],[[9.85887824,57.00269884],[9.85892761,57.00269905]],[[9.85889399,57.0035972],[9.85894335,57.00359656]],[[9.85894502,57.00449491],[9.85899436,57.00449397]],[[9.85899374,57.00539237],[9.8590431,57.00539173]],[[9.85902315,57.00629007],[9.85907252,57.00628975]],[[9.8590332,57.00718789],[9.85908257,57.00718789]],[[9.8590239,57.00808572],[9.85907327,57.00808604]],[[9.85899522,57.00898342],[9.85904459,57.00898406]],[[9.8589472,57.00988088],[9.85899654,57.00988183]],[[9.85879311,57.01167457],[9.8588424,57.01167615]],[[9.85868705,57.01257054],[9.85873631,57.01257244]],[[9.85856167,57.01346578],[9.85861088,57.01346799]],[[9.85841701,57.01436015],[9.85846617,57.01436267]],[[9.85825304,57.01525352],[9.85830215,57.01525636]],[[9.85806981,57.01614578],[9.85811886,57.01614893]],[[9.85786735,57.0170368],[9.85791633,57.01704027]],[[9.85764567,57.01792646],[9.85769457,57.01793025]],[[9.85740481,57.01881463],[9.85745362,57.01881873]],[[9.85686567,57.02058604],[9.85691429,57.02059077]],[[9.85656746,57.02146903],[9.85661598,57.02147407]],[[9.85625021,57.02235004],[9.85629861,57.02235538]],[[9.85591395,57.02322895],[9.85596225,57.0232346]],[[9.85555875,57.02410564],[9.85560692,57.02411161]],[[9.85518465,57.02497999],[9.85523269,57.02498627]],[[9.85479169,57.02585188],[9.8548396,57.02585846]],[[9.85437994,57.02672119],[9.8544277,57.02672808]],[[9.85394943,57.02758779],[9.85399705,57.02759499]],[[9.85303247,57.02931241],[9.85307977,57.02932022]],[[9.8525482,57.03017058],[9.85259537,57.03017862]],[[9.85205214,57.03102679],[9.85209921,57.03103498]],[[9.85154915,57.03188185],[9.85159617,57.0318901]],[[9.85104426,57.03273662],[9.85109129,57.03274486]],[[9.85054566,57.03359259],[9.85059281,57.03360063]],[[9.85006424,57.03445157],[9.85011161,57.03445924]],[[9.84961104,57.03531519],[9.84965869,57.03532231]],[[9.84919693,57.0361847],[9.84924492,57.0361911]],[[9.84850201,57.03794081],[9.8485506,57.03794576]],[[9.8482219,57.03882608],[9.84827071,57.0388303]],[[9.84798698,57.03971525],[9.84803599,57.03971872]],[[9.84779746,57.04060764],[9.84784662,57.04061036]],[[9.84763702,57.04150189],[9.84771916,57.04150519]],[[9.93956952,57.12904644],[9.93965206,57.12904723]],[[9.84760274,57.04599136],[9.84768495,57.04598843]],[[9.85093565,57.05476263],[9.85101323,57.05474752]],[[9.85855707,57.06269924],[9.8586241,57.06267311]],[[9.86881654,57.0697285],[9.86888064,57.06970027]],[[9.87918319,57.07671135],[9.87924731,57.07668312]],[[9.88955374,57.08369333],[9.88961785,57.08366509]],[[9.90042305,57.09044327],[9.90048113,57.09041138]],[[9.91298776,57.09625374],[9.91303619,57.09621739]],[[9.92609223,57.10169481],[9.92614729,57.10166138]],[[9.93731097,57.10825779],[9.93737623,57.10823032]],[[9.94572569,57.11591197],[9.94580639,57.11590257]],[[9.94063581,57.12414549],[9.94071639,57.12415519]],[[9.8475551,57.04239929],[9.84760446,57.04240053]],[[9.8474956,57.04419552],[9.84754502,57.04419525]],[[9.84792549,57.04777951],[9.84797457,57.04777626]],[[9.8484136,57.04955622],[9.84846228,57.04955149]],[[9.84908203,57.05131541],[9.84913015,57.05130922]],[[9.84992875,57.05305167],[9.84997616,57.05304403]],[[9.85214613,57.05643396],[9.85219169,57.0564235]],[[9.85350998,57.05806956],[9.85355441,57.05805774]],[[9.85503855,57.05966136],[9.8550817,57.05964821]],[[9.85672712,57.06120443],[9.85676886,57.06119]],[[9.86055267,57.06412965],[9.8605916,57.06411303]],[[9.86261124,57.06553272],[9.86264969,57.06551579]],[[9.86468378,57.06692947],[9.86472225,57.06691253]],[[9.86675649,57.06832617],[9.86679496,57.06830924]],[[9.87090238,57.07111949],[9.87094084,57.07110255]],[[9.87297556,57.07251609],[9.87301402,57.07249916]],[[9.87504888,57.07391267],[9.87508735,57.07389572]],[[9.87712237,57.0753092],[9.87716083,57.07529225]],[[9.88126982,57.07810217],[9.88130828,57.07808522]],[[9.88334376,57.0794986],[9.88338224,57.07948166]],[[9.88541788,57.08089499],[9.88545634,57.08087805]],[[9.88749215,57.08229136],[9.88753061,57.08227441]],[[9.89164172,57.08508376],[9.89168013,57.08506678]],[[9.89373761,57.08647087],[9.89377551,57.08645357]],[[9.89589487,57.08783003],[9.89593181,57.08781211]],[[9.89812786,57.08915249],[9.89816377,57.08913396]],[[9.90281313,57.091682],[9.90284688,57.09166229]],[[9.905261,57.09288663],[9.90529362,57.09286637]],[[9.90777594,57.09404965],[9.9078074,57.09402885]],[[9.91035557,57.09516995],[9.91038585,57.09514863]],[[9.9156893,57.09728548],[9.91571766,57.09726341]],[[9.91838795,57.09831866],[9.91841679,57.09829677]],[[9.92103404,57.09939073],[9.92106431,57.09936942]],[[9.92360693,57.10051438],[9.92363862,57.10049367]],[[9.92851964,57.10291045],[9.928554,57.10289106]],[[9.93085295,57.10417974],[9.93088857,57.10416103]],[[9.93310008,57.1054943],[9.93313693,57.10547632]],[[9.93525805,57.10685242],[9.93529608,57.10683517]],[[9.93929524,57.10969209],[9.93933549,57.10967639]],[[9.94116912,57.11116989],[9.94121039,57.11115499]],[[9.94294317,57.11268375],[9.94298539,57.11266969]],[[9.94460588,57.11423405],[9.94464965,57.11422146]],[[9.94596583,57.11769197],[9.9460152,57.11769398]],[[9.94522895,57.11943055],[9.94527476,57.11944079]],[[9.94350652,57.12094951],[9.94354496,57.1209665]],[[9.94167525,57.12244172],[9.9417198,57.12245349]],[[9.94005521,57.12591443],[9.94010422,57.12591833]],[[9.93969699,57.1277004],[9.93974639,57.12770234]],[[9.84765344,57.04150255],[9.84770274,57.04150453]],[[9.8475551,57.04239929],[9.84760446,57.04240053]],[[9.84750246,57.04329717],[9.84755188,57.04329766]],[[9.8474956,57.04419552],[9.84754502,57.04419525]],[[9.84753452,57.04509361],[9.8475839,57.0450926]],[[9.84774955,57.0468863],[9.84779876,57.0468838]],[[9.84792549,57.04777951],[9.84797457,57.04777626]],[[9.84814691,57.04866972],[9.8481958,57.04866572]],[[9.8484136,57.04955622],[9.84846228,57.04955149]],[[9.84872539,57.05043835],[9.8487738,57.05043289]],[[9.84908203,57.05131541],[9.84913015,57.05130922]],[[9.84948325,57.05218674],[9.84953103,57.05217982]],[[9.84992875,57.05305167],[9.84997616,57.05304403]],[[9.85041818,57.0539095],[9.85046518,57.05390115]],[[9.85152729,57.05560131],[9.85157336,57.05559154]],[[9.85214613,57.05643396],[9.85219169,57.0564235]],[[9.85280719,57.05725693],[9.85285221,57.05724578]],[[9.85350998,57.05806956],[9.85355441,57.05805774]],[[9.85425396,57.05887125],[9.85429776,57.05885876]],[[9.85503855,57.05966136],[9.8550817,57.05964821]],[[9.85586314,57.06043929],[9.85590561,57.06042549]],[[9.85672712,57.06120443],[9.85676886,57.06119]],[[9.85762978,57.0619562],[9.85767078,57.06194114]],[[9.85954735,57.0634177],[9.85958683,57.06340148]],[[9.86055267,57.06412965],[9.8605916,57.06411303]],[[9.861577,57.06483339],[9.8616156,57.06481655]],[[9.86261124,57.06553272],[9.86264969,57.06551579]],[[9.86364749,57.0662311],[9.86368595,57.06621416]],[[9.86468378,57.06692947],[9.86472225,57.06691253]],[[9.86572011,57.06762782],[9.86575858,57.06761088]],[[9.86675649,57.06832617],[9.86679496,57.06830924]],[[9.8677929,57.06902451],[9.86783136,57.06900758]],[[9.86986585,57.07042117],[9.86990431,57.07040423]],[[9.87090238,57.07111949],[9.87094084,57.07110255]],[[9.87193895,57.07181779],[9.87197741,57.07180085]],[[9.87297556,57.07251609],[9.87301402,57.07249916]],[[9.87401219,57.07321438],[9.87405067,57.07319744]],[[9.87504888,57.07391267],[9.87508735,57.07389572]],[[9.87608561,57.07461094],[9.87612408,57.07459399]],[[9.87712237,57.0753092],[9.87716083,57.07529225]],[[9.87815918,57.07600745],[9.87819763,57.07599052]],[[9.8802329,57.07740394],[9.88027136,57.077387]],[[9.88126982,57.07810217],[9.88130828,57.07808522]],[[9.88230678,57.07880039],[9.88234524,57.07878344]],[[9.88334376,57.0794986],[9.88338224,57.07948166]],[[9.8843808,57.0801968],[9.88441928,57.08017986]],[[9.88541788,57.08089499],[9.88545634,57.08087805]],[[9.88645499,57.08159318],[9.88649345,57.08157624]],[[9.88749215,57.08229136],[9.88753061,57.08227441]],[[9.88852934,57.08298953],[9.8885678,57.08297258]],[[9.89060385,57.08438583],[9.89064231,57.0843689]],[[9.89164172,57.08508376],[9.89168013,57.08506678]],[[9.89268442,57.08577962],[9.89272267,57.08576252]],[[9.89373761,57.08647087],[9.89377551,57.08645357]],[[9.89480673,57.08715492],[9.89484417,57.0871373]],[[9.89589487,57.08783003],[9.89593181,57.08781211]],[[9.897002,57.08849595],[9.89703842,57.08847771]],[[9.89812786,57.08915249],[9.89816377,57.08913396]],[[9.89927217,57.08979953],[9.89930754,57.0897807]],[[9.90161509,57.09106443],[9.90164938,57.09104501]],[[9.90281313,57.091682],[9.90284688,57.09166229]],[[9.90402854,57.09228945],[9.90406173,57.09226946]],[[9.905261,57.09288663],[9.90529362,57.09286637]],[[9.90651023,57.09347341],[9.90654227,57.09345288]],[[9.90777594,57.09404965],[9.9078074,57.09402885]],[[9.90905781,57.09461521],[9.90908868,57.09459415]],[[9.91035557,57.09516995],[9.91038585,57.09514863]],[[9.91166889,57.09571374],[9.91169855,57.09569218]],[[9.91433938,57.09676911],[9.91436796,57.09674712]],[[9.9156893,57.09728548],[9.91571766,57.09726341]],[[9.91704144,57.09780002],[9.91706985,57.09777795]],[[9.91838795,57.09831866],[9.91841679,57.09829677]],[[9.91971993,57.09884817],[9.91974947,57.09882656]],[[9.92103404,57.09939073],[9.92106431,57.09936942]],[[9.92232985,57.09994619],[9.92236083,57.09992518]],[[9.92360693,57.10051438],[9.92363862,57.10049367]],[[9.92486487,57.10109508],[9.92489723,57.1010747]],[[9.92732163,57.10229332],[9.92735533,57.10227359]],[[9.92851964,57.10291045],[9.928554,57.10289106]],[[9.92969687,57.10353933],[9.92973187,57.10352028]],[[9.93085295,57.10417974],[9.93088857,57.10416103]],[[9.93198746,57.10483147],[9.93202371,57.10481312]],[[9.93310008,57.1054943],[9.93313693,57.10547632]],[[9.93419039,57.10616803],[9.93422783,57.10615041]],[[9.93525805,57.10685242],[9.93529608,57.10683517]],[[9.9363027,57.10754726],[9.93634132,57.10753038]],[[9.93832165,57.10896732],[9.93836135,57.10895123]],[[9.93929524,57.10969209],[9.93933549,57.10967639]],[[9.94024451,57.11042635],[9.94028527,57.11041105]],[[9.94116912,57.11116989],[9.94121039,57.11115499]],[[9.94206878,57.11192244],[9.94211052,57.11190795]],[[9.94294317,57.11268375],[9.94298539,57.11266969]],[[9.943792,57.11345359],[9.94383471,57.11343994]],[[9.94460588,57.11423405],[9.94464965,57.11422146]],[[9.94528298,57.11505029],[9.94532943,57.11504095]],[[9.94597101,57.11679667],[9.9460204,57.11679483]],[[9.94596583,57.11769197],[9.9460152,57.11769398]],[[9.94572528,57.11857755],[9.94577357,57.11858351]],[[9.94522895,57.11943055],[9.94527476,57.11944079]],[[9.94447934,57.12022694],[9.94452139,57.12024117]],[[9.94350652,57.12094951],[9.94354496,57.1209665]],[[9.9425014,57.12166293],[9.94254242,57.12167801]],[[9.94167525,57.12244172],[9.9417198,57.12245349]],[[9.94106132,57.12327657],[9.94110849,57.12328476]],[[9.94032393,57.12502797],[9.94037264,57.12503283]],[[9.94005521,57.12591443],[9.94010422,57.12591833]],[[9.93984613,57.12680564],[9.93989538,57.12680856]],[[9.93969699,57.1277004],[9.93974639,57.12770234]],[[9.93960795,57.12859752],[9.93965746,57.12859848]],[[9.87743339,56.97060033],[9.87816648,56.97457039]],[[9.87816648,56.97457039],[9.87816553,56.97456522]],[[9.87816553,56.97456522],[9.87816726,56.97457455]],[[9.87816726,56.97457455],[9.87816897,56.97458388]],[[9.87816897,56.97458388],[9.8781707,56.97459321]],[[9.8781707,56.97459321],[9.87817241,56.97460254]],[[9.87817241,56.97460254],[9.87817414,56.97461187]],[[9.87817414,56.97461187],[9.87817587,56.9746212]],[[9.87817587,56.9746212],[9.87817758,56.97463053]],[[9.87817758,56.97463053],[9.87817931,56.97463986]],[[9.87817931,56.97463986],[9.87818103,56.97464919]],[[9.87818103,56.97464919],[9.87818274,56.97465852]],[[9.87818274,56.97465852],[9.87818447,56.97466785]],[[9.87818447,56.97466785],[9.87818618,56.97467718]],[[9.87818618,56.97467718],[9.87818789,56.97468651]],[[9.87818789,56.97468651],[9.87818961,56.97469585]],[[9.87818961,56.97469585],[9.8781913,56.97470518]],[[9.8781913,56.97470518],[9.87819301,56.97471451]],[[9.87819301,56.97471451],[9.87819471,56.97472384]],[[9.87819471,56.97472384],[9.87819642,56.97473317]],[[9.87819642,56.97473317],[9.87819812,56.97474251]],[[9.87819812,56.97474251],[9.8781998,56.97475184]],[[9.8781998,56.97475184],[9.8782015,56.97476117]],[[9.8782015,56.97476117],[9.87820317,56.9747705]],[[9.87820317,56.9747705],[9.87820485,56.97477983]],[[9.87820485,56.97477983],[9.87820653,56.97478917]],[[9.87820653,56.97478917],[9.87820821,56.9747985]],[[9.87820821,56.9747985],[9.87820988,56.97480783]],[[9.87820988,56.97480783],[9.87821154,56.97481716]],[[9.87821154,56.97481716],[9.8782132,56.97482649]],[[9.8782132,56.97482649],[9.87821487,56.97483583]],[[9.87821487,56.97483583],[9.87821651,56.97484517]],[[9.87821651,56.97484517],[9.87821816,56.9748545]],[[9.87821816,56.9748545],[9.87821979,56.97486383]],[[9.87821979,56.97486383],[9.87822144,56.97487317]],[[9.87822144,56.97487317],[9.87822307,56.9748825]],[[9.87822307,56.9748825],[9.8782247,56.97489184]],[[9.8782247,56.97489184],[9.87822631,56.97490118]],[[9.87822631,56.97490118],[9.87822793,56.97491051]],[[9.87822793,56.97491051],[9.87822954,56.97491985]],[[9.87822954,56.97491985],[9.87823114,56.97492918]],[[9.87823114,56.97492918],[9.87823274,56.97493852]],[[9.87823274,56.97493852],[9.87823432,56.97494786]],[[9.87823432,56.97494786],[9.87823591,56.97495719]],[[9.87823591,56.97495719],[9.87823748,56.97496654]],[[9.87823748,56.97496654],[9.87823906,56.97497588]],[[9.87823906,56.97497588],[9.87824062,56.97498521]],[[9.87824062,56.97498521],[9.87824217,56.97499455]],[[9.87824217,56.97499455],[9.87824374,56.97500389]],[[9.87824374,56.97500389],[9.87824527,56.97501323]],[[9.87824527,56.97501323],[9.8782468,56.97502257]],[[9.8782468,56.97502257],[9.87824833,56.97503191]],[[9.87824833,56.97503191],[9.87824986,56.97504125]],[[9.87824986,56.97504125],[9.87825136,56.97505059]],[[9.87825136,56.97505059],[9.87825288,56.97505993]],[[9.87825288,56.97505993],[9.87825436,56.97506928]],[[9.87825436,56.97506928],[9.87825584,56.97507862]],[[9.87825584,56.97507862],[9.87825733,56.97508796]],[[9.87825733,56.97508796],[9.87825879,56.97509731]],[[9.87825879,56.97509731],[9.87826026,56.97510665]],[[9.87826026,56.97510665],[9.87826171,56.97511599]],[[9.87826171,56.97511599],[9.87826314,56.97512534]],[[9.87826314,56.97512534],[9.87826457,56.97513468]],[[9.87826457,56.97513468],[9.87826599,56.97514403]],[[9.87826599,56.97514403],[9.87826739,56.97515337]],[[9.87826739,56.97515337],[9.87826879,56.97516272]],[[9.87826879,56.97516272],[9.87827017,56.97517207]],[[9.87827017,56.97517207],[9.87827156,56.97518142]],[[9.87827156,56.97518142],[9.87827292,56.97519076]],[[9.87827292,56.97519076],[9.87827428,56.97520011]],[[9.87827428,56.97520011],[9.87827561,56.97520946]],[[9.87827561,56.97520946],[9.87827694,56.97521881]],[[9.87827694,56.97521881],[9.87827826,56.97522816]],[[9.87827826,56.97522816],[9.87827958,56.97523751]],[[9.87827958,56.97523751],[9.87828087,56.97524686]],[[9.87828087,56.97524686],[9.87828215,56.97525621]],[[9.87828215,56.97525621],[9.87828344,56.97526556]],[[9.87828344,56.97526556],[9.87828469,56.97527491]],[[9.87828469,56.97527491],[9.87828594,56.97528427]],[[9.87828594,56.97528427],[9.87828718,56.97529362]],[[9.87828718,56.97529362],[9.87828839,56.97530297]],[[9.87828839,56.97530297],[9.87828961,56.97531233]],[[9.87828961,56.97531233],[9.87829082,56.97532169]],[[9.87829082,56.97532169],[9.878292,56.97533104]],[[9.878292,56.97533104],[9.87834379,56.9762632]],[[9.87834379,56.9762632],[9.8782642,56.97719477]],[[9.8782642,56.97719477],[9.8780537,56.97812025]],[[9.8780537,56.97812025],[9.87771354,56.97903414]],[[9.87771354,56.97903414],[9.87724569,56.97993106]],[[9.87724569,56.97993106],[9.87665295,56.98080569]],[[9.87665295,56.98080569],[9.87664111,56.98082126]],[[9.87664111,56.98082126],[9.87662923,56.98083681]],[[9.87662923,56.98083681],[9.87661732,56.98085237]],[[9.87661732,56.98085237],[9.87660536,56.98086791]],[[9.87660536,56.98086791],[9.87659336,56.98088344]],[[9.87659336,56.98088344],[9.87658133,56.98089896]],[[9.87658133,56.98089896],[9.87656926,56.98091449]],[[9.87656926,56.98091449],[9.87655715,56.98092999]],[[9.87655715,56.98092999],[9.87654501,56.98094549]],[[9.87654501,56.98094549],[9.87653284,56.98096099]],[[9.87653284,56.98096099],[9.87652062,56.98097647]],[[9.87652062,56.98097647],[9.87650838,56.98099194]],[[9.87650838,56.98099194],[9.87649609,56.9810074]],[[9.87649609,56.9810074],[9.87648377,56.98102287]],[[9.87648377,56.98102287],[9.87647142,56.98103832]],[[9.87647142,56.98103832],[9.87645903,56.98105376]],[[9.87645903,56.98105376],[9.87644661,56.98106919]],[[9.87644661,56.98106919],[9.87643416,56.98108462]],[[9.87643416,56.98108462],[9.87642167,56.98110003]],[[9.87642167,56.98110003],[9.87640917,56.98111545]],[[9.87640917,56.98111545],[9.87639662,56.98113085]],[[9.87639662,56.98113085],[9.87638404,56.98114624]],[[9.87638404,56.98114624],[9.87637144,56.98116163]],[[9.87637144,56.98116163],[9.87635881,56.98117702]],[[9.87635881,56.98117702],[9.87634614,56.98119239]],[[9.87634614,56.98119239],[9.87633344,56.98120776]],[[9.87633344,56.98120776],[9.87632071,56.98122311]],[[9.87632071,56.98122311],[9.87630796,56.98123847]],[[9.87630796,56.98123847],[9.87629518,56.98125382]],[[9.87629518,56.98125382],[9.87628237,56.98126915]],[[9.87628237,56.98126915],[9.87626954,56.98128449]],[[9.87626954,56.98128449],[9.87625667,56.98129981]],[[9.87625667,56.98129981],[9.87624378,56.98131513]],[[9.87624378,56.98131513],[9.87623087,56.98133044]],[[9.87623087,56.98133044],[9.87621792,56.98134575]],[[9.87621792,56.98134575],[9.87620496,56.98136105]],[[9.87620496,56.98136105],[9.87619196,56.98137634]],[[9.87619196,56.98137634],[9.87617895,56.98139163]],[[9.87617895,56.98139163],[9.87616591,56.98140691]],[[9.87616591,56.98140691],[9.87615285,56.98142218]],[[9.87615285,56.98142218],[9.87613977,56.98143745]],[[9.87613977,56.98143745],[9.87612666,56.98145271]],[[9.87612666,56.98145271],[9.87611352,56.98146798]],[[9.87611352,56.98146798],[9.87610038,56.98148323]],[[9.87610038,56.98148323],[9.8760872,56.98149847]],[[9.8760872,56.98149847],[9.87607401,56.98151372]],[[9.87607401,56.98151372],[9.87606079,56.98152895]],[[9.87606079,56.98152895],[9.87604756,56.98154418]],[[9.87604756,56.98154418],[9.8760343,56.9815594]],[[9.8760343,56.9815594],[9.87602103,56.98157462]],[[9.87602103,56.98157462],[9.87600772,56.98158984]],[[9.87600772,56.98158984],[9.87599442,56.98160505]],[[9.87599442,56.98160505],[9.87598108,56.98162025]],[[9.87598108,56.98162025],[9.87596774,56.98163545]],[[9.87596774,56.98163545],[9.87595436,56.98165065]],[[9.87595436,56.98165065],[9.87594097,56.98166584]],[[9.87594097,56.98166584],[9.87592759,56.98168103]],[[9.87592759,56.98168103],[9.87591416,56.98169621]],[[9.87591416,56.98169621],[9.87590072,56.98171139]],[[9.87590072,56.98171139],[9.87588729,56.98172657]],[[9.87588729,56.98172657],[9.87587381,56.98174174]],[[9.87587381,56.98174174],[9.87586034,56.9817569]],[[9.87586034,56.9817569],[9.87584684,56.98177206]],[[9.87584684,56.98177206],[9.87583333,56.98178723]],[[9.87583333,56.98178723],[9.87581981,56.98180238]],[[9.87581981,56.98180238],[9.87580628,56.98181754]],[[9.87580628,56.98181754],[9.87579274,56.98183268]],[[9.87579274,56.98183268],[9.87577917,56.98184783]],[[9.87577917,56.98184783],[9.8757656,56.98186297]],[[9.8757656,56.98186297],[9.87575201,56.98187811]],[[9.87575201,56.98187811],[9.87573843,56.98189324]],[[9.87573843,56.98189324],[9.87572482,56.98190838]],[[9.87572482,56.98190838],[9.8757112,56.98192351]],[[9.8757112,56.98192351],[9.87569759,56.98193863]],[[9.87569759,56.98193863],[9.87568395,56.98195376]],[[9.87568395,56.98195376],[9.8756703,56.98196889]],[[9.8756703,56.98196889],[9.87565664,56.981984]],[[9.87565664,56.981984],[9.87564299,56.98199912]],[[9.87564299,56.98199912],[9.87562932,56.98201424]],[[9.87562932,56.98201424],[9.87561564,56.98202935]],[[9.87561564,56.98202935],[9.87560195,56.98204447]],[[9.87560195,56.98204447],[9.87558827,56.98205958]],[[9.87558827,56.98205958],[9.87552811,56.98212585]],[[9.87552811,56.98212585],[9.87546783,56.9821921]],[[9.87546783,56.9821921],[9.87540742,56.98225831]],[[9.87739249,56.97060258],[9.87747429,56.97059808]],[[9.87537063,56.98224829],[9.87544422,56.98226834]],[[9.87803974,56.97802557],[9.87812099,56.97803249]],[[9.87746049,56.97088141],[9.87750958,56.97087871]],[[9.87779045,56.97266837],[9.87783953,56.97266567]],[[9.87812044,56.97445533],[9.87816953,56.97445263]],[[9.87831941,56.97624035],[9.87836874,56.97624052]],[[9.87731244,56.97977275],[9.87735954,56.97978078]],[[9.87610963,56.98144082],[9.8761543,56.98145226]],[[9.87746049,56.97088141],[9.87750958,56.97087871]],[[9.87762547,56.9717749],[9.87767456,56.97177219]],[[9.87779045,56.97266837],[9.87783953,56.97266567]],[[9.87795545,56.97356185],[9.87800453,56.97355915]],[[9.87812044,56.97445533],[9.87816953,56.97445263]],[[9.87826889,56.97534397],[9.87831811,56.97534214]],[[9.87831941,56.97624035],[9.87836874,56.97624052]],[[9.87824832,56.97713632],[9.8782975,56.97713848]],[[9.87774346,56.97890737],[9.87779151,56.97891348]],[[9.87731244,56.97977275],[9.87735954,56.97978078]],[[9.8767653,56.98061834],[9.87681118,56.98062824]],[[9.87610963,56.98144082],[9.8761543,56.98145226]],[[9.87538947,56.9822478],[9.87543362,56.98225981]],[[9.91256482,57.09963218],[9.91272113,57.09968553]],[[9.91272113,57.09968553],[9.91272113,57.09968553]],[[9.91272113,57.09968553],[9.9127234,57.0996863]],[[9.9127234,57.0996863],[9.91272568,57.09968707]],[[9.91272568,57.09968707],[9.91272795,57.09968785]],[[9.91272795,57.09968785],[9.91273023,57.09968862]],[[9.91273023,57.09968862],[9.91273249,57.0996894]],[[9.91273249,57.0996894],[9.91273476,57.09969018]],[[9.91273476,57.09969018],[9.91273704,57.09969095]],[[9.91273704,57.09969095],[9.91273931,57.09969173]],[[9.91273931,57.09969173],[9.91274159,57.0996925]],[[9.91274159,57.0996925],[9.91274386,57.09969327]],[[9.91274386,57.09969327],[9.91274614,57.09969405]],[[9.91274614,57.09969405],[9.91274841,57.09969482]],[[9.91274841,57.09969482],[9.91275069,57.0996956]],[[9.91275069,57.0996956],[9.91275296,57.09969637]],[[9.91275296,57.09969637],[9.91275524,57.09969714]],[[9.91275524,57.09969714],[9.91275751,57.09969792]],[[9.91275751,57.09969792],[9.91275979,57.09969869]],[[9.91275979,57.09969869],[9.91276206,57.09969947]],[[9.91276206,57.09969947],[9.91276434,57.09970024]],[[9.91276434,57.09970024],[9.91276661,57.099701]],[[9.91276661,57.099701],[9.9127689,57.09970178]],[[9.9127689,57.09970178],[9.91277118,57.09970255]],[[9.91277118,57.09970255],[9.91277346,57.09970332]],[[9.91277346,57.09970332],[9.91277573,57.09970409]],[[9.91277573,57.09970409],[9.91277802,57.09970486]],[[9.91277802,57.09970486],[9.9127803,57.09970563]],[[9.9127803,57.09970563],[9.91278257,57.09970639]],[[9.91278257,57.09970639],[9.91278486,57.09970717]],[[9.91278486,57.09970717],[9.91278714,57.09970793]],[[9.91278714,57.09970793],[9.91278943,57.0997087]],[[9.91278943,57.0997087],[9.91279171,57.09970946]],[[9.91279171,57.09970946],[9.912794,57.09971023]],[[9.912794,57.09971023],[9.91279627,57.09971099]],[[9.91279627,57.09971099],[9.91279856,57.09971176]],[[9.91279856,57.09971176],[9.91280086,57.09971252]],[[9.91280086,57.09971252],[9.91280315,57.09971329]],[[9.91280315,57.09971329],[9.91280542,57.09971404]],[[9.91280542,57.09971404],[9.91280771,57.09971481]],[[9.91280771,57.09971481],[9.91281001,57.09971557]],[[9.91281001,57.09971557],[9.9128123,57.09971633]],[[9.9128123,57.09971633],[9.91281459,57.09971708]],[[9.91281459,57.09971708],[9.91281688,57.09971785]],[[9.91281688,57.09971785],[9.91281917,57.09971861]],[[9.91281917,57.09971861],[9.91282148,57.09971936]],[[9.91282148,57.09971936],[9.91282377,57.09972012]],[[9.91282377,57.09972012],[9.91282606,57.09972086]],[[9.91282606,57.09972086],[9.91282837,57.09972162]],[[9.91282837,57.09972162],[9.91283066,57.09972238]],[[9.91283066,57.09972238],[9.91283297,57.09972312]],[[9.91283297,57.09972312],[9.91283526,57.09972388]],[[9.91283526,57.09972388],[9.91283757,57.09972463]],[[9.91283757,57.09972463],[9.91283988,57.09972537]],[[9.91283988,57.09972537],[9.91284217,57.09972612]],[[9.91284217,57.09972612],[9.91284448,57.09972687]],[[9.91284448,57.09972687],[9.91284679,57.09972761]],[[9.91284679,57.09972761],[9.9128491,57.09972835]],[[9.9128491,57.09972835],[9.9128514,57.0997291]],[[9.9128514,57.0997291],[9.91285373,57.09972984]],[[9.91285373,57.09972984],[9.91285604,57.09973058]],[[9.91285604,57.09973058],[9.91285834,57.09973132]],[[9.91285834,57.09973132],[9.91286067,57.09973206]],[[9.91286067,57.09973206],[9.91286298,57.0997328]],[[9.91286298,57.0997328],[9.9128653,57.09973353]],[[9.9128653,57.09973353],[9.91286761,57.09973426]],[[9.91286761,57.09973426],[9.91286994,57.09973499]],[[9.91286994,57.09973499],[9.91287226,57.09973572]],[[9.91287226,57.09973572],[9.91287458,57.09973646]],[[9.91287458,57.09973646],[9.91287691,57.09973718]],[[9.91287691,57.09973718],[9.91287923,57.09973791]],[[9.91287923,57.09973791],[9.91288156,57.09973864]],[[9.91288156,57.09973864],[9.9128839,57.09973936]],[[9.9128839,57.09973936],[9.91288622,57.09974009]],[[9.91288622,57.09974009],[9.91288855,57.09974081]],[[9.91288855,57.09974081],[9.91289089,57.09974153]],[[9.91289089,57.09974153],[9.91289323,57.09974225]],[[9.91289323,57.09974225],[9.91289556,57.09974296]],[[9.91289556,57.09974296],[9.9128979,57.09974368]],[[9.9128979,57.09974368],[9.91290024,57.09974439]],[[9.91290024,57.09974439],[9.91290258,57.0997451]],[[9.91290258,57.0997451],[9.91290494,57.09974581]],[[9.91290494,57.09974581],[9.91290728,57.09974651]],[[9.91290728,57.09974651],[9.91290962,57.09974722]],[[9.91290962,57.09974722],[9.91306175,57.0997884]],[[9.91306175,57.0997884],[9.91321982,57.09982232]],[[9.91321982,57.09982232],[9.91338264,57.09984876]],[[9.91338264,57.09984876],[9.91354901,57.09986749]],[[9.91354901,57.09986749],[9.91371774,57.09987838]],[[9.91371774,57.09987838],[9.91388754,57.09988137]],[[9.91388754,57.09988137],[9.91389023,57.09988135]],[[9.91389023,57.09988135],[9.9138929,57.09988134]],[[9.9138929,57.09988134],[9.91389559,57.09988131]],[[9.91389559,57.09988131],[9.91389828,57.09988129]],[[9.91389828,57.09988129],[9.91390096,57.09988126]],[[9.91390096,57.09988126],[9.91390365,57.09988124]],[[9.91390365,57.09988124],[9.91390632,57.09988121]],[[9.91390632,57.09988121],[9.91390901,57.09988119]],[[9.91390901,57.09988119],[9.91391168,57.09988115]],[[9.91391168,57.09988115],[9.91391437,57.09988112]],[[9.91391437,57.09988112],[9.91391704,57.09988108]],[[9.91391704,57.09988108],[9.91391973,57.09988105]],[[9.91391973,57.09988105],[9.91392242,57.09988101]],[[9.91392242,57.09988101],[9.9139251,57.09988096]],[[9.9139251,57.09988096],[9.91392779,57.09988093]],[[9.91392779,57.09988093],[9.91393046,57.09988089]],[[9.91393046,57.09988089],[9.91393315,57.09988083]],[[9.91393315,57.09988083],[9.91393582,57.09988079]],[[9.91393582,57.09988079],[9.91393851,57.09988074]],[[9.91393851,57.09988074],[9.91394118,57.0998807]],[[9.91394118,57.0998807],[9.91394387,57.09988064]],[[9.91394387,57.09988064],[9.91394655,57.09988059]],[[9.91394655,57.09988059],[9.91394924,57.09988054]],[[9.91394924,57.09988054],[9.91395191,57.09988048]],[[9.91395191,57.09988048],[9.9139546,57.09988043]],[[9.9139546,57.09988043],[9.91395727,57.09988037]],[[9.91395727,57.09988037],[9.91395994,57.0998803]],[[9.91395994,57.0998803],[9.91396263,57.09988024]],[[9.91396263,57.09988024],[9.91396531,57.09988018]],[[9.91396531,57.09988018],[9.913968,57.09988012]],[[9.913968,57.09988012],[9.91397067,57.09988005]],[[9.91397067,57.09988005],[9.91397336,57.09987999]],[[9.91397336,57.09987999],[9.91397603,57.09987992]],[[9.91397603,57.09987992],[9.91397872,57.09987985]],[[9.91397872,57.09987985],[9.9139814,57.09987978]],[[9.9139814,57.09987978],[9.91398407,57.09987971]],[[9.91398407,57.09987971],[9.91398676,57.09987964]],[[9.91398676,57.09987964],[9.91398943,57.09987957]],[[9.91398943,57.09987957],[9.91399212,57.09987949]],[[9.91399212,57.09987949],[9.91399479,57.09987942]],[[9.91399479,57.09987942],[9.91399747,57.09987934]],[[9.91399747,57.09987934],[9.91400016,57.09987927]],[[9.91400016,57.09987927],[9.91400283,57.09987919]],[[9.91400283,57.09987919],[9.9140055,57.09987911]],[[9.9140055,57.09987911],[9.91400819,57.09987904]],[[9.91400819,57.09987904],[9.91401087,57.09987895]],[[9.91401087,57.09987895],[9.91401354,57.09987887]],[[9.91401354,57.09987887],[9.91401623,57.09987879]],[[9.91401623,57.09987879],[9.9140189,57.0998787]],[[9.9140189,57.0998787],[9.91402157,57.09987862]],[[9.91402157,57.09987862],[9.91402426,57.09987853]],[[9.91402426,57.09987853],[9.91402694,57.09987845]],[[9.91402694,57.09987845],[9.91402961,57.09987837]],[[9.91402961,57.09987837],[9.9140323,57.09987828]],[[9.9140323,57.09987828],[9.91403497,57.09987819]],[[9.91403497,57.09987819],[9.91403765,57.0998781]],[[9.91403765,57.0998781],[9.91404032,57.09987802]],[[9.91404032,57.09987802],[9.91404301,57.09987793]],[[9.91404301,57.09987793],[9.91404568,57.09987783]],[[9.91404568,57.09987783],[9.91404835,57.09987774]],[[9.91404835,57.09987774],[9.91405104,57.09987766]],[[9.91405104,57.09987766],[9.91405372,57.09987756]],[[9.91405372,57.09987756],[9.91405639,57.09987747]],[[9.91405639,57.09987747],[9.91405906,57.09987737]],[[9.91405906,57.09987737],[9.91406175,57.09987729]],[[9.91406175,57.09987729],[9.91406443,57.09987719]],[[9.91406443,57.09987719],[9.9140671,57.0998771]],[[9.9140671,57.0998771],[9.91406977,57.099877]],[[9.91406977,57.099877],[9.91407246,57.09987691]],[[9.91407246,57.09987691],[9.91407514,57.09987682]],[[9.91407514,57.09987682],[9.91407781,57.09987672]],[[9.91407781,57.09987672],[9.91408048,57.09987662]],[[9.91408048,57.09987662],[9.91408317,57.09987653]],[[9.91408317,57.09987653],[9.91408584,57.09987643]],[[9.91408584,57.09987643],[9.91408852,57.09987633]],[[9.91408852,57.09987633],[9.91409119,57.09987624]],[[9.91409119,57.09987624],[9.91409388,57.09987615]],[[9.91409388,57.09987615],[9.91409655,57.09987605]],[[9.91409655,57.09987605],[9.91409923,57.09987596]],[[9.91409923,57.09987596],[9.9141019,57.09987586]],[[9.9141019,57.09987586],[9.91410457,57.09987576]],[[9.91410457,57.09987576],[9.91410726,57.09987566]],[[9.91410726,57.09987566],[9.91410726,57.09987566]],[[9.91410726,57.09987566],[9.91411154,57.09987551]],[[9.91411154,57.09987551],[9.91411583,57.09987536]],[[9.91411583,57.09987536],[9.9141201,57.0998752]],[[9.9141201,57.0998752],[9.91412439,57.09987505]],[[9.91412439,57.09987505],[9.91412868,57.09987489]],[[9.91412868,57.09987489],[9.91413295,57.09987474]],[[9.91413295,57.09987474],[9.91413724,57.09987459]],[[9.91413724,57.09987459],[9.91414152,57.09987443]],[[9.91414152,57.09987443],[9.91414581,57.09987428]],[[9.91414581,57.09987428],[9.9141501,57.09987413]],[[9.9141501,57.09987413],[9.91415437,57.09987398]],[[9.91415437,57.09987398],[9.91415866,57.09987384]],[[9.91415866,57.09987384],[9.91416294,57.09987369]],[[9.91416294,57.09987369],[9.91416723,57.09987354]],[[9.91416723,57.09987354],[9.91417152,57.0998734]],[[9.91417152,57.0998734],[9.91417579,57.09987326]],[[9.91417579,57.09987326],[9.91418008,57.09987312]],[[9.91418008,57.09987312],[9.91418437,57.09987298]],[[9.91418437,57.09987298],[9.91418864,57.09987284]],[[9.91418864,57.09987284],[9.91419293,57.09987271]],[[9.91419293,57.09987271],[9.91419722,57.09987256]],[[9.91419722,57.09987256],[9.91420151,57.09987244]],[[9.91420151,57.09987244],[9.91420579,57.09987231]],[[9.91420579,57.09987231],[9.91421008,57.09987218]],[[9.91421008,57.09987218],[9.91421437,57.09987206]],[[9.91421437,57.09987206],[9.91421866,57.09987193]],[[9.91421866,57.09987193],[9.91422293,57.09987181]],[[9.91422293,57.09987181],[9.91422722,57.0998717]],[[9.91422722,57.0998717],[9.91423151,57.09987158]],[[9.91423151,57.09987158],[9.9142358,57.09987147]],[[9.9142358,57.09987147],[9.91424009,57.09987136]],[[9.91424009,57.09987136],[9.91424438,57.09987126]],[[9.91424438,57.09987126],[9.91424867,57.09987115]],[[9.91424867,57.09987115],[9.91425295,57.09987106]],[[9.91425295,57.09987106],[9.91425724,57.09987096]],[[9.91425724,57.09987096],[9.91426153,57.09987087]],[[9.91426153,57.09987087],[9.91426582,57.09987078]],[[9.91426582,57.09987078],[9.91427011,57.09987069]],[[9.91427011,57.09987069],[9.9142744,57.09987062]],[[9.9142744,57.09987062],[9.91427869,57.09987054]],[[9.91427869,57.09987054],[9.91428298,57.09987046]],[[9.91428298,57.09987046],[9.91428727,57.09987039]],[[9.91428727,57.09987039],[9.91429156,57.09987032]],[[9.91429156,57.09987032],[9.91429585,57.09987026]],[[9.91429585,57.09987026],[9.91430015,57.09987021]],[[9.91430015,57.09987021],[9.91430444,57.09987015]],[[9.91430444,57.09987015],[9.91430873,57.09987011]],[[9.91430873,57.09987011],[9.91431302,57.09987007]],[[9.91431302,57.09987007],[9.91431731,57.09987002]],[[9.91431731,57.09987002],[9.9143216,57.09986999]],[[9.9143216,57.09986999],[9.91432589,57.09986996]],[[9.91432589,57.09986996],[9.91433018,57.09986994]],[[9.91433018,57.09986994],[9.91433449,57.09986992]],[[9.91433449,57.09986992],[9.91433878,57.0998699]],[[9.91433878,57.0998699],[9.91434307,57.0998699]],[[9.91434307,57.0998699],[9.91434736,57.0998699]],[[9.91434736,57.0998699],[9.91435165,57.0998699]],[[9.91435165,57.0998699],[9.91435594,57.09986991]],[[9.91435594,57.09986991],[9.91436023,57.09986993]],[[9.91436023,57.09986993],[9.91436454,57.09986994]],[[9.91436454,57.09986994],[9.91436882,57.09986997]],[[9.91436882,57.09986997],[9.91437311,57.09987]],[[9.91437311,57.09987],[9.9143774,57.09987004]],[[9.9143774,57.09987004],[9.91438169,57.09987009]],[[9.91438169,57.09987009],[9.91438598,57.09987013]],[[9.91438598,57.09987013],[9.91439027,57.09987019]],[[9.91439027,57.09987019],[9.91439456,57.09987026]],[[9.91439456,57.09987026],[9.91439887,57.09987033]],[[9.91439887,57.09987033],[9.91440316,57.09987041]],[[9.91440316,57.09987041],[9.91440745,57.09987049]],[[9.91440745,57.09987049],[9.91441174,57.09987058]],[[9.91441174,57.09987058],[9.91441601,57.09987068]],[[9.91441601,57.09987068],[9.9144203,57.09987079]],[[9.9144203,57.09987079],[9.91442459,57.0998709]],[[9.91442459,57.0998709],[9.91442888,57.09987102]],[[9.91442888,57.09987102],[9.91443317,57.09987115]],[[9.91443317,57.09987115],[9.91443746,57.09987127]],[[9.91443746,57.09987127],[9.91444173,57.09987142]],[[9.91444173,57.09987142],[9.91444602,57.09987157]],[[9.91444602,57.09987157],[9.91445031,57.09987172]],[[9.91445031,57.09987172],[9.91445458,57.09987189]],[[9.91445458,57.09987189],[9.91445887,57.09987206]],[[9.91445887,57.09987206],[9.91455974,57.09987852]],[[9.91455974,57.09987852],[9.9146593,57.09988946]],[[9.9146593,57.09988946],[9.91475688,57.09990481]],[[9.91475688,57.09990481],[9.9148518,57.09992445]],[[9.9148518,57.09992445],[9.91494345,57.09994827]],[[9.91494345,57.09994827],[9.91503122,57.0999761]],[[9.91503122,57.0999761],[9.91511448,57.10000775]],[[9.91511448,57.10000775],[9.91519271,57.10004301]],[[9.91519271,57.10004301],[9.91526535,57.10008164]],[[9.91526535,57.10008164],[9.91533193,57.10012339]],[[9.91533193,57.10012339],[9.91539199,57.10016797]],[[9.91539199,57.10016797],[9.91539437,57.10016991]],[[9.91539437,57.10016991],[9.91539675,57.10017186]],[[9.91539675,57.10017186],[9.91539912,57.10017381]],[[9.91539912,57.10017381],[9.91540147,57.10017576]],[[9.91540147,57.10017576],[9.91540381,57.10017771]],[[9.91540381,57.10017771],[9.91540613,57.10017968]],[[9.91540613,57.10017968],[9.91540846,57.10018165]],[[9.91540846,57.10018165],[9.91541076,57.10018362]],[[9.91541076,57.10018362],[9.91541305,57.1001856]],[[9.91541305,57.1001856],[9.91541534,57.10018757]],[[9.91541534,57.10018757],[9.91541759,57.10018955]],[[9.91541759,57.10018955],[9.91541987,57.10019154]],[[9.91541987,57.10019154],[9.91542211,57.10019353]],[[9.91542211,57.10019353],[9.91542435,57.10019553]],[[9.91542435,57.10019553],[9.91542659,57.10019752]],[[9.91542659,57.10019752],[9.91542879,57.10019952]],[[9.91542879,57.10019952],[9.915431,57.10020152]],[[9.915431,57.10020152],[9.9154332,57.10020353]],[[9.9154332,57.10020353],[9.91543539,57.10020554]],[[9.91543539,57.10020554],[9.91543757,57.10020755]],[[9.91543757,57.10020755],[9.91543974,57.10020957]],[[9.91543974,57.10020957],[9.9154419,57.10021159]],[[9.9154419,57.10021159],[9.91544404,57.10021362]],[[9.91544404,57.10021362],[9.91544618,57.10021564]],[[9.91544618,57.10021564],[9.91544832,57.10021767]],[[9.91544832,57.10021767],[9.91545044,57.1002197]],[[9.91545044,57.1002197],[9.91545255,57.10022173]],[[9.91545255,57.10022173],[9.91545466,57.10022377]],[[9.91545466,57.10022377],[9.91545675,57.1002258]],[[9.91545675,57.1002258],[9.91545884,57.10022785]],[[9.91545884,57.10022785],[9.91546091,57.10022989]],[[9.91546091,57.10022989],[9.91546299,57.10023194]],[[9.91546299,57.10023194],[9.91546505,57.10023399]],[[9.91546505,57.10023399],[9.9154671,57.10023604]],[[9.9154671,57.10023604],[9.91546914,57.1002381]],[[9.91546914,57.1002381],[9.91547119,57.10024014]],[[9.91547119,57.10024014],[9.91547323,57.1002422]],[[9.91547323,57.1002422],[9.91547525,57.10024427]],[[9.91547525,57.10024427],[9.91547726,57.10024633]],[[9.91547726,57.10024633],[9.91547928,57.10024839]],[[9.91547928,57.10024839],[9.91548128,57.10025046]],[[9.91548128,57.10025046],[9.91548328,57.10025253]],[[9.91548328,57.10025253],[9.91548528,57.10025459]],[[9.91548528,57.10025459],[9.91548725,57.10025667]],[[9.91548725,57.10025667],[9.91548924,57.10025874]],[[9.91548924,57.10025874],[9.91549122,57.10026081]],[[9.91549122,57.10026081],[9.91549318,57.10026289]],[[9.91549318,57.10026289],[9.91549514,57.10026496]],[[9.91549514,57.10026496],[9.91549709,57.10026705]],[[9.91549709,57.10026705],[9.91549905,57.10026913]],[[9.91549905,57.10026913],[9.915501,57.10027121]],[[9.915501,57.10027121],[9.91550294,57.10027329]],[[9.91550294,57.10027329],[9.91550486,57.10027538]],[[9.91550486,57.10027538],[9.91550681,57.10027746]],[[9.91550681,57.10027746],[9.91550873,57.10027956]],[[9.91550873,57.10027956],[9.91551066,57.10028164]],[[9.91551066,57.10028164],[9.91551257,57.10028373]],[[9.91551257,57.10028373],[9.91551448,57.10028583]],[[9.91551448,57.10028583],[9.91551638,57.10028791]],[[9.91551638,57.10028791],[9.91551829,57.10029001]],[[9.91551829,57.10029001],[9.9155202,57.1002921]],[[9.9155202,57.1002921],[9.9155221,57.1002942]],[[9.9155221,57.1002942],[9.91552401,57.1002963]],[[9.91552401,57.1002963],[9.9155259,57.10029839]],[[9.9155259,57.10029839],[9.91552777,57.10030049]],[[9.91552777,57.10030049],[9.91552967,57.10030258]],[[9.91552967,57.10030258],[9.91553156,57.10030469]],[[9.91553156,57.10030469],[9.91553344,57.10030678]],[[9.91553344,57.10030678],[9.91553531,57.10030888]],[[9.91553531,57.10030888],[9.91553719,57.10031099]],[[9.91553719,57.10031099],[9.91553906,57.10031309]],[[9.91553906,57.10031309],[9.91554094,57.10031519]],[[9.91554094,57.10031519],[9.91554282,57.10031729]],[[9.91554282,57.10031729],[9.91554469,57.1003194]],[[9.91554469,57.1003194],[9.91554655,57.1003215]],[[9.91554655,57.1003215],[9.91554843,57.1003236]],[[9.91554843,57.1003236],[9.91555029,57.1003257]],[[9.91555029,57.1003257],[9.91555216,57.10032781]],[[9.91555216,57.10032781],[9.91555402,57.10032991]],[[9.91555402,57.10032991],[9.91555588,57.10033201]],[[9.91555588,57.10033201],[9.91555776,57.10033412]],[[9.91555776,57.10033412],[9.91555962,57.10033623]],[[9.91555962,57.10033623],[9.91555962,57.10033623]],[[9.91555962,57.10033623],[9.91580225,57.10060996]],[[9.91255168,57.0996436],[9.91257797,57.09962078]],[[9.91411461,57.0998889],[9.91411134,57.09986202]],[[9.91546406,57.10026158],[9.91550794,57.10024911]],[[9.86366038,56.99117934],[9.86418255,56.99096075]],[[9.86368542,56.99119716],[9.86363536,56.99116153]],[[9.86392898,56.99107539],[9.86391397,56.99106471]],[[9.91056515,57.09036916],[9.91057125,57.09037771]],[[9.91057125,57.09037771],[9.91057736,57.09038626]],[[9.91057736,57.09038626],[9.91058346,57.09039481]],[[9.91058346,57.09039481],[9.91058958,57.09040336]],[[9.91058958,57.09040336],[9.91059569,57.09041192]],[[9.91059569,57.09041192],[9.91060181,57.09042046]],[[9.91060181,57.09042046],[9.91060794,57.090429]],[[9.91060794,57.090429],[9.91061407,57.09043756]],[[9.91061407,57.09043756],[9.91062021,57.0904461]],[[9.91062021,57.0904461],[9.91062634,57.09045465]],[[9.91062634,57.09045465],[9.91063249,57.09046319]],[[9.91063249,57.09046319],[9.91063864,57.09047173]],[[9.91063864,57.09047173],[9.91064478,57.09048028]],[[9.91064478,57.09048028],[9.91065095,57.09048881]],[[9.91065095,57.09048881],[9.91065711,57.09049736]],[[9.91065711,57.09049736],[9.91066328,57.09050589]],[[9.91066328,57.09050589],[9.91066946,57.09051443]],[[9.91066946,57.09051443],[9.91067564,57.09052296]],[[9.91067564,57.09052296],[9.91068182,57.0905315]],[[9.91068182,57.0905315],[9.91068802,57.09054004]],[[9.91068802,57.09054004],[9.91069424,57.09054856]],[[9.91069424,57.09054856],[9.91070044,57.0905571]],[[9.91070044,57.0905571],[9.91070665,57.09056562]],[[9.91070665,57.09056562],[9.91071288,57.09057415]],[[9.91071288,57.09057415],[9.91071911,57.09058268]],[[9.91071911,57.09058268],[9.91072534,57.09059119]],[[9.91072534,57.09059119],[9.91073159,57.09059972]],[[9.91073159,57.09059972],[9.91073786,57.09060824]],[[9.91073786,57.09060824],[9.91074412,57.09061676]],[[9.91074412,57.09061676],[9.91075038,57.09062527]],[[9.91075038,57.09062527],[9.91075667,57.09063379]],[[9.91075667,57.09063379],[9.91076295,57.0906423]],[[9.91076295,57.0906423],[9.91076924,57.09065082]],[[9.91076924,57.09065082],[9.91077556,57.09065932]],[[9.91077556,57.09065932],[9.91078187,57.09066783]],[[9.91078187,57.09066783],[9.91078819,57.09067633]],[[9.91078819,57.09067633],[9.91079452,57.09068484]],[[9.91079452,57.09068484],[9.91080086,57.09069334]],[[9.91080086,57.09069334],[9.91080721,57.09070184]],[[9.91080721,57.09070184],[9.91081357,57.09071033]],[[9.91081357,57.09071033],[9.91081995,57.09071883]],[[9.91081995,57.09071883],[9.91082633,57.09072732]],[[9.91082633,57.09072732],[9.91083271,57.09073581]],[[9.91083271,57.09073581],[9.91083912,57.09074429]],[[9.91083912,57.09074429],[9.91084554,57.09075278]],[[9.91084554,57.09075278],[9.91085195,57.09076127]],[[9.91085195,57.09076127],[9.9108584,57.09076975]],[[9.9108584,57.09076975],[9.91086484,57.09077822]],[[9.91086484,57.09077822],[9.9108713,57.0907867]],[[9.9108713,57.0907867],[9.91087777,57.09079517]],[[9.91087777,57.09079517],[9.91088425,57.09080364]],[[9.91088425,57.09080364],[9.91089074,57.09081211]],[[9.91089074,57.09081211],[9.91089724,57.09082057]],[[9.91089724,57.09082057],[9.91090376,57.09082903]],[[9.91090376,57.09082903],[9.91091029,57.09083749]],[[9.91091029,57.09083749],[9.91091684,57.09084595]],[[9.91091684,57.09084595],[9.91092338,57.0908544]],[[9.91092338,57.0908544],[9.91092996,57.09086285]],[[9.91092996,57.09086285],[9.91093654,57.09087129]],[[9.91093654,57.09087129],[9.91094313,57.09087974]],[[9.91094313,57.09087974],[9.91094973,57.09088819]],[[9.91094973,57.09088819],[9.91095636,57.09089662]],[[9.91095636,57.09089662],[9.91096298,57.09090505]],[[9.91096298,57.09090505],[9.91096964,57.09091349]],[[9.91096964,57.09091349],[9.9109763,57.09092192]],[[9.9109763,57.09092192],[9.91098298,57.09093034]],[[9.91098298,57.09093034],[9.91098966,57.09093876]],[[9.91098966,57.09093876],[9.91099637,57.09094718]],[[9.91099637,57.09094718],[9.91100309,57.09095559]],[[9.91100309,57.09095559],[9.91100982,57.090964]],[[9.91100982,57.090964],[9.91101656,57.09097241]],[[9.91101656,57.09097241],[9.91102334,57.09098081]],[[9.91102334,57.09098081],[9.91103012,57.09098921]],[[9.91103012,57.09098921],[9.91103691,57.09099761]],[[9.91103691,57.09099761],[9.91104372,57.09100601]],[[9.91104372,57.09100601],[9.91105054,57.09101439]],[[9.91105054,57.09101439],[9.91105738,57.09102278]],[[9.91105738,57.09102278],[9.91106424,57.09103116]],[[9.91106424,57.09103116],[9.91107112,57.09103954]],[[9.91107112,57.09103954],[9.91107801,57.09104791]],[[9.91107801,57.09104791],[9.91108492,57.09105628]],[[9.91108492,57.09105628],[9.91109184,57.09106464]],[[9.91109184,57.09106464],[9.91166881,57.09168946]],[[9.91166881,57.09168946],[9.9123398,57.09228582]],[[9.9123398,57.09228582],[9.91310012,57.09284951]],[[9.91310012,57.09284951],[9.91311314,57.09285834]],[[9.91311314,57.09285834],[9.91312616,57.09286716]],[[9.91312616,57.09286716],[9.91313921,57.09287597]],[[9.91313921,57.09287597],[9.91315227,57.09288477]],[[9.91315227,57.09288477],[9.91316536,57.09289356]],[[9.91316536,57.09289356],[9.91317847,57.09290234]],[[9.91317847,57.09290234],[9.9131916,57.09291112]],[[9.9131916,57.09291112],[9.91320476,57.09291988]],[[9.91320476,57.09291988],[9.91321792,57.09292864]],[[9.91321792,57.09292864],[9.91323111,57.09293738]],[[9.91323111,57.09293738],[9.91324432,57.09294612]],[[9.91324432,57.09294612],[9.91325755,57.09295485]],[[9.91325755,57.09295485],[9.91327079,57.09296357]],[[9.91327079,57.09296357],[9.91328407,57.09297228]],[[9.91328407,57.09297228],[9.91329734,57.09298098]],[[9.91329734,57.09298098],[9.91331065,57.09298968]],[[9.91331065,57.09298968],[9.91332396,57.09299838]],[[9.91332396,57.09299838],[9.9133373,57.09300705]],[[9.9133373,57.09300705],[9.91335065,57.09301573]],[[9.91335065,57.09301573],[9.91336402,57.09302439]],[[9.91336402,57.09302439],[9.91337741,57.09303305]],[[9.91337741,57.09303305],[9.9133908,57.09304171]],[[9.9133908,57.09304171],[9.91340423,57.09305035]],[[9.91340423,57.09305035],[9.91341765,57.09305898]],[[9.91341765,57.09305898],[9.91343111,57.09306761]],[[9.91343111,57.09306761],[9.91344457,57.09307624]],[[9.91344457,57.09307624],[9.91345804,57.09308485]],[[9.91345804,57.09308485],[9.91347153,57.09309346]],[[9.91347153,57.09309346],[9.91348504,57.09310206]],[[9.91348504,57.09310206],[9.91349856,57.09311066]],[[9.91349856,57.09311066],[9.91351209,57.09311925]],[[9.91351209,57.09311925],[9.91352564,57.09312784]],[[9.91352564,57.09312784],[9.9135392,57.09313641]],[[9.9135392,57.09313641],[9.91355277,57.09314498]],[[9.91355277,57.09314498],[9.91356635,57.09315355]],[[9.91356635,57.09315355],[9.91357995,57.09316211]],[[9.91357995,57.09316211],[9.91359356,57.09317066]],[[9.91359356,57.09317066],[9.91360718,57.09317921]],[[9.91360718,57.09317921],[9.9136208,57.09318775]],[[9.9136208,57.09318775],[9.91363444,57.09319629]],[[9.91363444,57.09319629],[9.9136481,57.09320483]],[[9.9136481,57.09320483],[9.91366177,57.09321336]],[[9.91366177,57.09321336],[9.91367544,57.09322188]],[[9.91367544,57.09322188],[9.91368913,57.0932304]],[[9.91368913,57.0932304],[9.91370282,57.09323891]],[[9.91370282,57.09323891],[9.91371653,57.09324742]],[[9.91371653,57.09324742],[9.91373023,57.09325592]],[[9.91373023,57.09325592],[9.91374397,57.09326443]],[[9.91374397,57.09326443],[9.91375769,57.09327292]],[[9.91375769,57.09327292],[9.91377143,57.09328142]],[[9.91377143,57.09328142],[9.91378519,57.09328991]],[[9.91378519,57.09328991],[9.91379894,57.09329838]],[[9.91379894,57.09329838],[9.9138127,57.09330687]],[[9.9138127,57.09330687],[9.91382647,57.09331535]],[[9.91382647,57.09331535],[9.91384025,57.09332382]],[[9.91384025,57.09332382],[9.91385404,57.09333228]],[[9.91385404,57.09333228],[9.91386783,57.09334075]],[[9.91386783,57.09334075],[9.91388162,57.09334922]],[[9.91388162,57.09334922],[9.91389542,57.09335768]],[[9.91389542,57.09335768],[9.91390924,57.09336614]],[[9.91390924,57.09336614],[9.91392306,57.09337459]],[[9.91392306,57.09337459],[9.91393689,57.09338305]],[[9.91393689,57.09338305],[9.91395071,57.09339149]],[[9.91395071,57.09339149],[9.91396454,57.09339994]],[[9.91396454,57.09339994],[9.91397837,57.09340839]],[[9.91397837,57.09340839],[9.91399222,57.09341684]],[[9.91399222,57.09341684],[9.91400606,57.09342528]],[[9.91400606,57.09342528],[9.91401991,57.09343372]],[[9.91401991,57.09343372],[9.91403377,57.09344215]],[[9.91403377,57.09344215],[9.91404762,57.09345059]],[[9.91404762,57.09345059],[9.91406147,57.09345903]],[[9.91406147,57.09345903],[9.91407533,57.09346746]],[[9.91407533,57.09346746],[9.9140892,57.09347589]],[[9.9140892,57.09347589],[9.91410307,57.09348432]],[[9.91410307,57.09348432],[9.91411694,57.09349275]],[[9.91411694,57.09349275],[9.91413081,57.09350118]],[[9.91413081,57.09350118],[9.91414468,57.0935096]],[[9.91414468,57.0935096],[9.91415855,57.09351804]],[[9.91415855,57.09351804],[9.91417242,57.09352646]],[[9.91417242,57.09352646],[9.91418629,57.09353489]],[[9.91418629,57.09353489],[9.91420018,57.09354332]],[[9.91420018,57.09354332],[9.91421405,57.09355174]],[[9.91421405,57.09355174],[9.91421405,57.09355174]],[[9.91421405,57.09355174],[9.91504283,57.09405505]],[[9.91504283,57.09405505],[9.91504283,57.09405505]],[[9.91504283,57.09405505],[9.91504894,57.09405876]],[[9.91504894,57.09405876],[9.91505507,57.09406247]],[[9.91505507,57.09406247],[9.91506118,57.09406619]],[[9.91506118,57.09406619],[9.91506731,57.09406991]],[[9.91506731,57.09406991],[9.91507342,57.09407362]],[[9.91507342,57.09407362],[9.91507955,57.09407733]],[[9.91507955,57.09407733],[9.91508566,57.09408105]],[[9.91508566,57.09408105],[9.91509179,57.09408476]],[[9.91509179,57.09408476],[9.9150979,57.09408847]],[[9.9150979,57.09408847],[9.91510403,57.09409218]],[[9.91510403,57.09409218],[9.91511016,57.0940959]],[[9.91511016,57.0940959],[9.91511629,57.09409961]],[[9.91511629,57.09409961],[9.91512242,57.09410332]],[[9.91512242,57.09410332],[9.91512854,57.09410704]],[[9.91512854,57.09410704],[9.91513467,57.09411074]],[[9.91513467,57.09411074],[9.9151408,57.09411445]],[[9.9151408,57.09411445],[9.91514693,57.09411816]],[[9.91514693,57.09411816],[9.91515307,57.09412187]],[[9.91515307,57.09412187],[9.9151592,57.09412557]],[[9.9151592,57.09412557],[9.91516535,57.09412928]],[[9.91516535,57.09412928],[9.91517149,57.09413298]],[[9.91517149,57.09413298],[9.91517764,57.09413669]],[[9.91517764,57.09413669],[9.91518378,57.09414038]],[[9.91518378,57.09414038],[9.91518993,57.09414408]],[[9.91518993,57.09414408],[9.91519609,57.09414778]],[[9.91519609,57.09414778],[9.91520225,57.09415148]],[[9.91520225,57.09415148],[9.9152084,57.09415518]],[[9.9152084,57.09415518],[9.91521456,57.09415887]],[[9.91521456,57.09415887],[9.91522073,57.09416256]],[[9.91522073,57.09416256],[9.9152269,57.09416625]],[[9.9152269,57.09416625],[9.91523307,57.09416994]],[[9.91523307,57.09416994],[9.91523925,57.09417363]],[[9.91523925,57.09417363],[9.91524543,57.09417731]],[[9.91524543,57.09417731],[9.91525161,57.094181]],[[9.91525161,57.094181],[9.91525779,57.09418467]],[[9.91525779,57.09418467],[9.91526398,57.09418836]],[[9.91526398,57.09418836],[9.91527017,57.09419204]],[[9.91527017,57.09419204],[9.91527639,57.09419571]],[[9.91527639,57.09419571],[9.91528258,57.09419938]],[[9.91528258,57.09419938],[9.91528879,57.09420306]],[[9.91528879,57.09420306],[9.915295,57.09420673]],[[9.915295,57.09420673],[9.91530121,57.0942104]],[[9.91530121,57.0942104],[9.91530744,57.09421405]],[[9.91530744,57.09421405],[9.91531367,57.09421771]],[[9.91531367,57.09421771],[9.9153199,57.09422137]],[[9.9153199,57.09422137],[9.91532614,57.09422503]],[[9.91532614,57.09422503],[9.91533238,57.09422868]],[[9.91533238,57.09422868],[9.91533863,57.09423234]],[[9.91533863,57.09423234],[9.91534489,57.09423598]],[[9.91534489,57.09423598],[9.91535113,57.09423963]],[[9.91535113,57.09423963],[9.91535741,57.09424327]],[[9.91535741,57.09424327],[9.91536367,57.09424691]],[[9.91536367,57.09424691],[9.91536995,57.09425055]],[[9.91536995,57.09425055],[9.91537624,57.09425419]],[[9.91537624,57.09425419],[9.91538252,57.09425781]],[[9.91538252,57.09425781],[9.91538881,57.09426144]],[[9.91538881,57.09426144],[9.91539512,57.09426507]],[[9.91539512,57.09426507],[9.91540143,57.09426869]],[[9.91540143,57.09426869],[9.91540774,57.0942723]],[[9.91540774,57.0942723],[9.91541405,57.09427592]],[[9.91541405,57.09427592],[9.91542038,57.09427953]],[[9.91542038,57.09427953],[9.91542672,57.09428314]],[[9.91542672,57.09428314],[9.91543306,57.09428673]],[[9.91543306,57.09428673],[9.91543941,57.09429034]],[[9.91543941,57.09429034],[9.91544577,57.09429393]],[[9.91544577,57.09429393],[9.91545213,57.09429752]],[[9.91545213,57.09429752],[9.91545849,57.09430111]],[[9.91545849,57.09430111],[9.91546486,57.0943047]],[[9.91546486,57.0943047],[9.91547126,57.09430828]],[[9.91547126,57.09430828],[9.91547765,57.09431185]],[[9.91547765,57.09431185],[9.91548404,57.09431542]],[[9.91548404,57.09431542],[9.91549045,57.09431899]],[[9.91549045,57.09431899],[9.91549688,57.09432255]],[[9.91549688,57.09432255],[9.9155033,57.09432611]],[[9.9155033,57.09432611],[9.91550973,57.09432967]],[[9.91550973,57.09432967],[9.91551617,57.09433322]],[[9.91551617,57.09433322],[9.91552261,57.09433677]],[[9.91552261,57.09433677],[9.91552907,57.09434031]],[[9.91552907,57.09434031],[9.91553555,57.09434384]],[[9.91553555,57.09434384],[9.91554202,57.09434738]],[[9.91554202,57.09434738],[9.9155485,57.0943509]],[[9.9155485,57.0943509],[9.91555499,57.09435443]],[[9.91555499,57.09435443],[9.91579729,57.09447922]],[[9.91579729,57.09447922],[9.91605088,57.09459719]],[[9.91605088,57.09459719],[9.9163151,57.09470804]],[[9.9163151,57.09470804],[9.91648607,57.09477608]],[[9.91052671,57.09037728],[9.91060359,57.09036103]],[[9.91147669,57.0915245],[9.91152049,57.09151196]],[[9.91331658,57.09301457],[9.91335455,57.09299728]],[[9.91551827,57.09435349],[9.91555333,57.09433448]],[[9.91078524,57.09070818],[9.91083107,57.09069801]],[[9.91147669,57.0915245],[9.91152049,57.09151196]],[[9.91232312,57.09229646],[9.91236419,57.09228142]],[[9.91331658,57.09301457],[9.91335455,57.09299728]],[[9.91440688,57.09368902],[9.91444372,57.09367104]],[[9.91551827,57.09435349],[9.91555333,57.09433448]],[[9.93527638,57.11087422],[9.94363538,57.10872898]],[[9.93528694,57.1108864],[9.93526582,57.11086204]],[[9.93677969,57.11050336],[9.93675857,57.110479]],[[9.93827242,57.11012031],[9.9382513,57.11009594]],[[9.9397651,57.10973724],[9.93974398,57.10971287]],[[9.94125775,57.10935415],[9.94123663,57.10932977]],[[9.94275039,57.10897103],[9.94272925,57.10894667]],[[9.89732696,57.0862574],[9.89733748,57.08650901]],[[9.89733748,57.08650901],[9.89735855,57.08669024]],[[9.89735855,57.08669024],[9.89740646,57.08686996]],[[9.89740646,57.08686996],[9.89748091,57.08704697]],[[9.89748091,57.08704697],[9.89758137,57.08722013]],[[9.89758137,57.08722013],[9.89805164,57.08792942]],[[9.89805164,57.08792942],[9.89810825,57.08802767]],[[9.89810825,57.08802767],[9.89814934,57.08812819]],[[9.89814934,57.08812819],[9.89817461,57.08823024]],[[9.89817461,57.08823024],[9.89818388,57.08833309]],[[9.89818388,57.08833309],[9.89817708,57.08843601]],[[9.89817708,57.08843601],[9.89815427,57.08853822]],[[9.89815427,57.08853822],[9.89811561,57.08863903]],[[9.89811561,57.08863903],[9.89806137,57.08873768]],[[9.89806137,57.08873768],[9.89799194,57.08883347]],[[9.89799194,57.08883347],[9.89790785,57.08892571]],[[9.89790785,57.08892571],[9.89780966,57.08901372]],[[9.89780966,57.08901372],[9.89769811,57.08909689]],[[9.89769811,57.08909689],[9.897574,57.0891746]],[[9.897574,57.0891746],[9.89743824,57.08924629]],[[9.89743824,57.08924629],[9.89729176,57.08931146]],[[9.89729176,57.08931146],[9.89713568,57.08936962]],[[9.89713568,57.08936962],[9.89697108,57.08942035]],[[9.89697108,57.08942035],[9.89679917,57.08946331]],[[9.89679917,57.08946331],[9.89662118,57.08949816]],[[9.89662118,57.08949816],[9.89643839,57.08952467]],[[9.89643839,57.08952467],[9.89528776,57.0896633]],[[9.89728574,57.08625792],[9.89736818,57.0862569]],[[9.89806476,57.08799373],[9.89811212,57.08798593]],[[9.89678051,57.08945289],[9.89679902,57.08947787]],[[9.89751025,57.08714829],[9.89755736,57.08714006]],[[9.89806476,57.08799373],[9.89811212,57.08798593]],[[9.897943,57.08885906],[9.89798762,57.0888707]],[[9.89678051,57.08945289],[9.89679902,57.08947787]],[[9.8882999,57.0874922],[9.88987599,57.08160497]],[[9.88987599,57.08160497],[9.88992678,57.08141533]],[[9.88992678,57.08141533],[9.88997764,57.08122568]],[[9.88997764,57.08122568],[9.89002857,57.08103604]],[[9.88832438,57.08749414],[9.88827541,57.08749025]],[[9.88855646,57.08662735],[9.88850751,57.08662346]],[[9.88879437,57.08573875],[9.88874542,57.08573487]],[[9.88903228,57.08485014],[9.88898331,57.08484626]],[[9.88927017,57.08396155],[9.88922121,57.08395766]],[[9.88950804,57.08307294],[9.88945909,57.08306905]],[[9.88974592,57.08218434],[9.88969695,57.08218045]],[[9.88998385,57.08129574],[9.8899349,57.08129184]],[[9.87962249,56.98043306],[9.87962249,56.98043306]],[[9.87962249,56.98043306],[9.87962249,56.98043306]],[[9.87962249,56.98043306],[9.87962249,56.98043306]],[[9.87962249,56.98043306],[9.87962249,56.98043306]],[[9.87962249,56.98043306],[9.87962249,56.98043306]],[[9.87962249,56.98043306],[9.87962249,56.98043306]],[[9.87962249,56.98043306],[9.87962249,56.98043306]],[[9.87962249,56.98043306],[9.87962249,56.98043306]],[[9.87962249,56.98043306],[9.87962249,56.98043306]],[[9.87962249,56.98043306],[9.87962249,56.98043306]],[[9.87962249,56.98043306],[9.87962249,56.98043306]],[[9.87962249,56.98043306],[9.87962249,56.98043306]],[[9.87962249,56.98043306],[9.87962249,56.98043306]],[[9.87962249,56.98043306],[9.87962249,56.98043306]],[[9.87962249,56.98043306],[9.87962249,56.98043306]],[[9.87962249,56.98043306],[9.87962249,56.98043306]],[[9.87962249,56.98043306],[9.87962249,56.98043306]],[[9.87962249,56.98043306],[9.87962249,56.98043306]],[[9.87962249,56.98043306],[9.87962249,56.98043306]],[[9.87962249,56.98043306],[9.87962249,56.98043306]],[[9.87962249,56.98043306],[9.87962249,56.98043306]],[[9.87962249,56.98043306],[9.87962249,56.98043306]],[[9.87962249,56.98043306],[9.87962249,56.98043307]],[[9.87962249,56.98043307],[9.87962249,56.98043307]],[[9.87962249,56.98043307],[9.87962249,56.98043307]],[[9.87962249,56.98043307],[9.87962249,56.98043307]],[[9.87962249,56.98043307],[9.87962249,56.98043307]],[[9.87962249,56.98043307],[9.87962249,56.98043307]],[[9.87962249,56.98043307],[9.87962249,56.98043307]],[[9.87962249,56.98043307],[9.87962249,56.98043307]],[[9.87962249,56.98043307],[9.87962249,56.98043307]],[[9.87962249,56.98043307],[9.87962249,56.98043307]],[[9.87962249,56.98043307],[9.87962249,56.98043307]],[[9.87962249,56.98043307],[9.87962249,56.98043307]],[[9.87962249,56.98043307],[9.87962249,56.98043307]],[[9.87962249,56.98043307],[9.87962249,56.98043307]],[[9.87962249,56.98043307],[9.87962249,56.98043307]],[[9.87962249,56.98043307],[9.87962249,56.98043307]],[[9.87962249,56.98043307],[9.87962249,56.98043307]],[[9.87962249,56.98043307],[9.87962249,56.98043307]],[[9.87962249,56.98043307],[9.87962249,56.98043307]],[[9.87962249,56.98043307],[9.87962249,56.98043307]],[[9.87962249,56.98043307],[9.87962249,56.98043307]],[[9.87962249,56.98043307],[9.87962249,56.98043307]],[[9.87962249,56.98043307],[9.87962249,56.98043307]],[[9.87962249,56.98043307],[9.87962249,56.98043307]],[[9.87962249,56.98043307],[9.87962249,56.98043307]],[[9.87962249,56.98043307],[9.87962249,56.98043307]],[[9.87962249,56.98043307],[9.87962249,56.98043307]],[[9.87962249,56.98043307],[9.87962249,56.98043307]],[[9.87962249,56.98043307],[9.87962249,56.98043307]],[[9.87962249,56.98043307],[9.87962249,56.98043307]],[[9.87962249,56.98043307],[9.87962249,56.98043307]],[[9.87962249,56.98043307],[9.87962249,56.98043307]],[[9.87962249,56.98043307],[9.87962249,56.98043307]],[[9.87962249,56.98043307],[9.87962249,56.98043307]],[[9.87962249,56.98043307],[9.87962249,56.98043307]],[[9.87962249,56.98043307],[9.87962249,56.98043307]],[[9.87962249,56.98043307],[9.87962249,56.98043307]],[[9.87962249,56.98043307],[9.87962249,56.98043307]],[[9.87962249,56.98043307],[9.87962249,56.98043307]],[[9.87962249,56.98043307],[9.87962249,56.98043307]],[[9.87962249,56.98043307],[9.87962249,56.98043307]],[[9.87962249,56.98043307],[9.87962249,56.98043307]],[[9.87962249,56.98043307],[9.87962249,56.98043307]],[[9.87962249,56.98043307],[9.87962249,56.98043307]],[[9.87962249,56.98043307],[9.87962249,56.98043307]],[[9.87962249,56.98043307],[9.87962249,56.98043307]],[[9.87962249,56.98043307],[9.87962249,56.98043307]],[[9.87962249,56.98043307],[9.87962249,56.98043307]],[[9.87962249,56.98043307],[9.87962249,56.98043307]],[[9.87962249,56.98043307],[9.87962249,56.98043307]],[[9.87962249,56.98043307],[9.87962249,56.98043307]],[[9.87962249,56.98043307],[9.87962249,56.98043307]],[[9.87962249,56.98043307],[9.87962249,56.98043307]],[[9.87962249,56.98043307],[9.87962249,56.98043307]],[[9.87962249,56.98043307],[9.87962249,56.98043307]],[[9.87962249,56.98043307],[9.87962249,56.98043307]],[[9.87962249,56.98043307],[9.87962249,56.98043307]],[[9.87962249,56.98043307],[9.87962249,56.98043307]],[[9.87962249,56.98043307],[9.87962249,56.98043307]],[[9.87962249,56.98043307],[9.87962249,56.98043307]],[[9.87962249,56.98043307],[9.87970201,56.98060495]],[[9.87970201,56.98060495],[9.8797865,56.98077613]],[[9.8797865,56.98077613],[9.87987595,56.98094656]],[[9.87987595,56.98094656],[9.87988151,56.98095685]],[[9.87988151,56.98095685],[9.8798871,56.98096714]],[[9.8798871,56.98096714],[9.87989271,56.98097743]],[[9.87989271,56.98097743],[9.87989834,56.98098772]],[[9.87989834,56.98098772],[9.87990398,56.980998]],[[9.87990398,56.980998],[9.87990965,56.98100828]],[[9.87990965,56.98100828],[9.87991532,56.98101854]],[[9.87991532,56.98101854],[9.87992102,56.98102881]],[[9.87992102,56.98102881],[9.87992674,56.98103908]],[[9.87992674,56.98103908],[9.87993246,56.98104935]],[[9.87993246,56.98104935],[9.8799382,56.98105961]],[[9.8799382,56.98105961],[9.87994397,56.98106988]],[[9.87994397,56.98106988],[9.87994975,56.98108014]],[[9.87994975,56.98108014],[9.87995555,56.98109039]],[[9.87995555,56.98109039],[9.87996136,56.98110064]],[[9.87996136,56.98110064],[9.87996718,56.98111089]],[[9.87996718,56.98111089],[9.87997304,56.98112114]],[[9.87997304,56.98112114],[9.87997889,56.98113139]],[[9.87997889,56.98113139],[9.87998478,56.98114162]],[[9.87998478,56.98114162],[9.87999067,56.98115186]],[[9.87999067,56.98115186],[9.87999657,56.9811621]],[[9.87999657,56.9811621],[9.88000249,56.98117233]],[[9.88000249,56.98117233],[9.88000845,56.98118257]],[[9.88000845,56.98118257],[9.8800144,56.98119279]],[[9.8800144,56.98119279],[9.88002037,56.98120302]],[[9.88002037,56.98120302],[9.88002636,56.98121324]],[[9.88002636,56.98121324],[9.88003236,56.98122346]],[[9.88003236,56.98122346],[9.88003836,56.98123367]],[[9.88003836,56.98123367],[9.8800444,56.98124389]],[[9.8800444,56.98124389],[9.88005045,56.98125411]],[[9.88005045,56.98125411],[9.8800565,56.98126431]],[[9.8800565,56.98126431],[9.88006259,56.98127452]],[[9.88006259,56.98127452],[9.88006868,56.98128472]],[[9.88006868,56.98128472],[9.88007478,56.98129493]],[[9.88007478,56.98129493],[9.8800809,56.98130512]],[[9.8800809,56.98130512],[9.88008703,56.98131532]],[[9.88008703,56.98131532],[9.88009317,56.98132551]],[[9.88009317,56.98132551],[9.88009933,56.98133571]],[[9.88009933,56.98133571],[9.8801055,56.98134589]],[[9.8801055,56.98134589],[9.8801117,56.98135608]],[[9.8801117,56.98135608],[9.8801179,56.98136627]],[[9.8801179,56.98136627],[9.88012412,56.98137645]],[[9.88012412,56.98137645],[9.88013034,56.98138663]],[[9.88013034,56.98138663],[9.88013659,56.9813968]],[[9.88013659,56.9813968],[9.88014284,56.98140698]],[[9.88014284,56.98140698],[9.8801491,56.98141715]],[[9.8801491,56.98141715],[9.88015539,56.98142732]],[[9.88015539,56.98142732],[9.88016167,56.98143749]],[[9.88016167,56.98143749],[9.88016799,56.98144765]],[[9.88016799,56.98144765],[9.8801743,56.98145781]],[[9.8801743,56.98145781],[9.88018063,56.98146798]],[[9.88018063,56.98146798],[9.88018698,56.98147814]],[[9.88018698,56.98147814],[9.88019333,56.98148829]],[[9.88019333,56.98148829],[9.8801997,56.98149844]],[[9.8801997,56.98149844],[9.88020608,56.9815086]],[[9.88020608,56.9815086],[9.88021248,56.98151874]],[[9.88021248,56.98151874],[9.88021887,56.98152889]],[[9.88021887,56.98152889],[9.88022529,56.98153903]],[[9.88022529,56.98153903],[9.88023172,56.98154918]],[[9.88023172,56.98154918],[9.88023815,56.98155932]],[[9.88023815,56.98155932],[9.8802446,56.98156946]],[[9.8802446,56.98156946],[9.88025106,56.98157959]],[[9.88025106,56.98157959],[9.88025754,56.98158973]],[[9.88025754,56.98158973],[9.88026402,56.98159986]],[[9.88026402,56.98159986],[9.88027052,56.98160998]],[[9.88027052,56.98160998],[9.88027702,56.98162012]],[[9.88027702,56.98162012],[9.88028353,56.98163024]],[[9.88028353,56.98163024],[9.88029006,56.98164036]],[[9.88029006,56.98164036],[9.88029659,56.98165048]],[[9.88029659,56.98165048],[9.88030314,56.98166061]],[[9.88030314,56.98166061],[9.8803097,56.98167073]],[[9.8803097,56.98167073],[9.88031626,56.98168083]],[[9.88031626,56.98168083],[9.88032284,56.98169095]],[[9.88032284,56.98169095],[9.88032944,56.98170106]],[[9.88032944,56.98170106],[9.88033603,56.98171117]],[[9.88033603,56.98171117],[9.88034263,56.98172128]],[[9.88034263,56.98172128],[9.88034926,56.98173139]],[[9.88034926,56.98173139],[9.88035589,56.98174149]],[[9.88035589,56.98174149],[9.88036252,56.98175159]],[[9.88036252,56.98175159],[9.88036916,56.9817617]],[[9.88036916,56.9817617],[9.88037582,56.98177179]],[[9.88037582,56.98177179],[9.88038249,56.98178189]],[[9.88038249,56.98178189],[9.88041967,56.98183797]],[[9.88041967,56.98183797],[9.88045716,56.981894]],[[9.88045716,56.981894],[9.88049491,56.98194998]],[[9.88049491,56.98194998],[9.88050173,56.98196004]],[[9.88050173,56.98196004],[9.88050856,56.98197011]],[[9.88050856,56.98197011],[9.8805154,56.98198016]],[[9.8805154,56.98198016],[9.88052224,56.98199023]],[[9.88052224,56.98199023],[9.8805291,56.98200028]],[[9.8805291,56.98200028],[9.88053598,56.98201034]],[[9.88053598,56.98201034],[9.88054285,56.98202039]],[[9.88054285,56.98202039],[9.88054975,56.98203045]],[[9.88054975,56.98203045],[9.88055664,56.98204049]],[[9.88055664,56.98204049],[9.88056355,56.98205054]],[[9.88056355,56.98205054],[9.88057047,56.98206059]],[[9.88057047,56.98206059],[9.8805774,56.98207063]],[[9.8805774,56.98207063],[9.88058434,56.98208067]],[[9.88058434,56.98208067],[9.88059128,56.98209071]],[[9.88059128,56.98209071],[9.88059824,56.98210074]],[[9.88059824,56.98210074],[9.88060521,56.98211078]],[[9.88060521,56.98211078],[9.88061219,56.98212082]],[[9.88061219,56.98212082],[9.88061918,56.98213085]],[[9.88061918,56.98213085],[9.88062619,56.98214088]],[[9.88062619,56.98214088],[9.88063319,56.9821509]],[[9.88063319,56.9821509],[9.88064022,56.98216092]],[[9.88064022,56.98216092],[9.88064726,56.98217094]],[[9.88064726,56.98217094],[9.8806543,56.98218096]],[[9.8806543,56.98218096],[9.88066135,56.98219098]],[[9.88066135,56.98219098],[9.88066843,56.98220099]],[[9.88066843,56.98220099],[9.8806755,56.98221101]],[[9.8806755,56.98221101],[9.88068259,56.98222101]],[[9.88068259,56.98222101],[9.8806897,56.98223103]],[[9.8806897,56.98223103],[9.88069682,56.98224103]],[[9.88069682,56.98224103],[9.88070394,56.98225103]],[[9.88070394,56.98225103],[9.88071108,56.98226103]],[[9.88071108,56.98226103],[9.88071824,56.98227103]],[[9.88071824,56.98227103],[9.88072539,56.98228102]],[[9.88072539,56.98228102],[9.88073256,56.98229102]],[[9.88073256,56.98229102],[9.88073975,56.982301]],[[9.88073975,56.982301],[9.88074696,56.98231098]],[[9.88074696,56.98231098],[9.88075418,56.98232097]],[[9.88075418,56.98232097],[9.8807614,56.98233095]],[[9.8807614,56.98233095],[9.88076864,56.98234093]],[[9.88076864,56.98234093],[9.88077589,56.9823509]],[[9.88077589,56.9823509],[9.88078316,56.98236088]],[[9.88078316,56.98236088],[9.88079043,56.98237085]],[[9.88079043,56.98237085],[9.88079774,56.98238082]],[[9.88079774,56.98238082],[9.88080504,56.98239077]],[[9.88080504,56.98239077],[9.88081236,56.98240074]],[[9.88081236,56.98240074],[9.88081968,56.9824107]],[[9.88081968,56.9824107],[9.88082704,56.98242065]],[[9.88082704,56.98242065],[9.88083439,56.9824306]],[[9.88083439,56.9824306],[9.88084177,56.98244055]],[[9.88084177,56.98244055],[9.88084916,56.9824505]],[[9.88084916,56.9824505],[9.88085656,56.98246044]],[[9.88085656,56.98246044],[9.88086397,56.98247038]],[[9.88086397,56.98247038],[9.8808714,56.98248032]],[[9.8808714,56.98248032],[9.88087885,56.98249025]],[[9.88087885,56.98249025],[9.88088631,56.98250018]],[[9.88088631,56.98250018],[9.88089377,56.98251011]],[[9.88089377,56.98251011],[9.88090127,56.98252003]],[[9.88090127,56.98252003],[9.88090878,56.98252995]],[[9.88090878,56.98252995],[9.88091629,56.98253986]],[[9.88091629,56.98253986],[9.88092383,56.98254977]],[[9.88092383,56.98254977],[9.88093138,56.98255969]],[[9.88093138,56.98255969],[9.88093893,56.98256959]],[[9.88093893,56.98256959],[9.88094651,56.98257949]],[[9.88094651,56.98257949],[9.88095411,56.98258939]],[[9.88095411,56.98258939],[9.88096171,56.98259929]],[[9.88096171,56.98259929],[9.88096935,56.98260918]],[[9.88096935,56.98260918],[9.88097698,56.98261907]],[[9.88097698,56.98261907],[9.88098465,56.98262895]],[[9.88098465,56.98262895],[9.88099231,56.98263883]],[[9.88099231,56.98263883],[9.88099999,56.98264871]],[[9.88099999,56.98264871],[9.88100771,56.98265858]],[[9.88100771,56.98265858],[9.88101542,56.98266845]],[[9.88101542,56.98266845],[9.88102316,56.98267832]],[[9.88102316,56.98267832],[9.8810309,56.98268819]],[[9.8810309,56.98268819],[9.88103869,56.98269804]],[[9.88103869,56.98269804],[9.88104647,56.98270789]],[[9.88104647,56.98270789],[9.88105426,56.98271774]],[[9.88105426,56.98271774],[9.88106209,56.98272759]],[[9.88106209,56.98272759],[9.88106993,56.98273743]],[[9.88106993,56.98273743],[9.88107777,56.98274728]],[[9.88107777,56.98274728],[9.88108565,56.98275711]],[[9.88108565,56.98275711],[9.88109353,56.98276694]],[[9.88109353,56.98276694],[9.88125656,56.98296464]],[[9.88125656,56.98296464],[9.88142653,56.98316058]],[[9.88142653,56.98316058],[9.8816034,56.98335469]],[[9.8816034,56.98335469],[9.8816034,56.98335469]],[[9.8816034,56.98335469],[9.8816034,56.98335469]],[[9.8816034,56.98335469],[9.8816034,56.98335469]],[[9.8816034,56.98335469],[9.8816034,56.98335469]],[[9.8816034,56.98335469],[9.8816034,56.98335469]],[[9.8816034,56.98335469],[9.8816034,56.98335469]],[[9.8816034,56.98335469],[9.8816034,56.98335469]],[[9.8816034,56.98335469],[9.8816034,56.98335469]],[[9.8816034,56.98335469],[9.8816034,56.98335469]],[[9.8816034,56.98335469],[9.8816034,56.98335469]],[[9.8816034,56.98335469],[9.8816034,56.98335469]],[[9.8816034,56.98335469],[9.8816034,56.98335469]],[[9.8816034,56.98335469],[9.8816034,56.98335469]],[[9.8816034,56.98335469],[9.8816034,56.98335469]],[[9.8816034,56.98335469],[9.8816034,56.98335469]],[[9.8816034,56.98335469],[9.8816034,56.98335469]],[[9.8816034,56.98335469],[9.8816034,56.98335469]],[[9.8816034,56.98335469],[9.8816034,56.9833547]],[[9.8816034,56.9833547],[9.8816034,56.9833547]],[[9.8816034,56.9833547],[9.8816034,56.9833547]],[[9.8816034,56.9833547],[9.8816034,56.9833547]],[[9.8816034,56.9833547],[9.8816034,56.9833547]],[[9.8816034,56.9833547],[9.8816034,56.9833547]],[[9.8816034,56.9833547],[9.8816034,56.9833547]],[[9.8816034,56.9833547],[9.8816034,56.9833547]],[[9.8816034,56.9833547],[9.8816034,56.9833547]],[[9.8816034,56.9833547],[9.8816034,56.9833547]],[[9.8816034,56.9833547],[9.8816034,56.9833547]],[[9.8816034,56.9833547],[9.8816034,56.9833547]],[[9.8816034,56.9833547],[9.8816034,56.9833547]],[[9.8816034,56.9833547],[9.8816034,56.9833547]],[[9.8816034,56.9833547],[9.8816034,56.9833547]],[[9.8816034,56.9833547],[9.8816034,56.9833547]],[[9.8816034,56.9833547],[9.8816034,56.9833547]],[[9.8816034,56.9833547],[9.8816034,56.9833547]],[[9.8816034,56.9833547],[9.8816034,56.9833547]],[[9.8816034,56.9833547],[9.8816034,56.9833547]],[[9.8816034,56.9833547],[9.8816034,56.9833547]],[[9.8816034,56.9833547],[9.8816034,56.9833547]],[[9.8816034,56.9833547],[9.8816034,56.9833547]],[[9.8816034,56.9833547],[9.8816034,56.9833547]],[[9.8816034,56.9833547],[9.8816034,56.9833547]],[[9.8816034,56.9833547],[9.8816034,56.9833547]],[[9.8816034,56.9833547],[9.88160342,56.9833547]],[[9.88160342,56.9833547],[9.88160342,56.9833547]],[[9.88160342,56.9833547],[9.88160342,56.9833547]],[[9.88160342,56.9833547],[9.88160342,56.9833547]],[[9.88160342,56.9833547],[9.88160342,56.9833547]],[[9.88160342,56.9833547],[9.88160342,56.9833547]],[[9.88160342,56.9833547],[9.88160342,56.9833547]],[[9.88160342,56.9833547],[9.88160342,56.9833547]],[[9.88160342,56.9833547],[9.88160342,56.9833547]],[[9.88160342,56.9833547],[9.88160342,56.9833547]],[[9.88160342,56.9833547],[9.88160342,56.9833547]],[[9.88160342,56.9833547],[9.88160342,56.9833547]],[[9.88160342,56.9833547],[9.88160342,56.9833547]],[[9.88160342,56.9833547],[9.88160342,56.9833547]],[[9.88160342,56.9833547],[9.88160342,56.9833547]],[[9.88160342,56.9833547],[9.88160342,56.9833547]],[[9.88160342,56.9833547],[9.88160342,56.9833547]],[[9.88160342,56.9833547],[9.88160342,56.9833547]],[[9.88160342,56.9833547],[9.88160342,56.9833547]],[[9.88160342,56.9833547],[9.88160342,56.9833547]],[[9.88160342,56.9833547],[9.88160342,56.9833547]],[[9.88160342,56.9833547],[9.88160342,56.9833547]],[[9.88160342,56.9833547],[9.88160342,56.9833547]],[[9.88160342,56.9833547],[9.88160342,56.9833547]],[[9.88160342,56.9833547],[9.88160342,56.9833547]],[[9.88160342,56.9833547],[9.88160342,56.9833547]],[[9.88160342,56.9833547],[9.88160342,56.9833547]],[[9.88160342,56.9833547],[9.88160342,56.9833547]],[[9.88160342,56.9833547],[9.88160342,56.9833547]],[[9.88160342,56.9833547],[9.88160342,56.9833547]],[[9.88160342,56.9833547],[9.88160342,56.9833547]],[[9.88160342,56.9833547],[9.88160342,56.9833547]],[[9.88160342,56.9833547],[9.88160342,56.9833547]],[[9.88160342,56.9833547],[9.88160342,56.9833547]],[[9.88160342,56.9833547],[9.88160342,56.9833547]],[[9.88160342,56.9833547],[9.88160342,56.9833547]],[[9.88160342,56.9833547],[9.88160342,56.9833547]],[[9.88160342,56.9833547],[9.88160342,56.9833547]],[[9.88160342,56.9833547],[9.88160342,56.9833547]],[[9.8814891,56.9833865],[9.88124702,56.983114]],[[9.88124702,56.983114],[9.88101765,56.98283824]],[[9.88101765,56.98283824],[9.88080115,56.9825594]],[[9.88080115,56.9825594],[9.88053534,56.9821938]],[[9.88053534,56.9821938],[9.8802835,56.98182526]],[[9.8802835,56.98182526],[9.88004575,56.98145394]],[[9.88004575,56.98145394],[9.88004213,56.98144811]],[[9.88004213,56.98144811],[9.88003851,56.98144227]],[[9.88003851,56.98144227],[9.8800349,56.98143644]],[[9.8800349,56.98143644],[9.88003128,56.9814306]],[[9.88003128,56.9814306],[9.88002765,56.98142477]],[[9.88002765,56.98142477],[9.88002403,56.98141894]],[[9.88002403,56.98141894],[9.8800204,56.98141311]],[[9.8800204,56.98141311],[9.88001677,56.98140727]],[[9.88001677,56.98140727],[9.88001312,56.98140144]],[[9.88001312,56.98140144],[9.88000947,56.98139562]],[[9.88000947,56.98139562],[9.88000581,56.98138979]],[[9.88000581,56.98138979],[9.88000212,56.98138397]],[[9.88000212,56.98138397],[9.87999844,56.98137814]],[[9.87999844,56.98137814],[9.87999476,56.98137232]],[[9.87999476,56.98137232],[9.87999105,56.98136651]],[[9.87999105,56.98136651],[9.87998733,56.98136068]],[[9.87998733,56.98136068],[9.8799836,56.98135487]],[[9.8799836,56.98135487],[9.87997985,56.98134907]],[[9.87997985,56.98134907],[9.87997609,56.98134326]],[[9.87997609,56.98134326],[9.87997231,56.98133746]],[[9.87997231,56.98133746],[9.87996849,56.98133165]],[[9.87996849,56.98133165],[9.87996468,56.98132586]],[[9.87996468,56.98132586],[9.87996085,56.98132006]],[[9.87996085,56.98132006],[9.87995699,56.98131427]],[[9.87995699,56.98131427],[9.87995311,56.98130849]],[[9.87995311,56.98130849],[9.8799492,56.98130271]],[[9.8799492,56.98130271],[9.87994528,56.98129694]],[[9.87994528,56.98129694],[9.87994132,56.98129116]],[[9.87994132,56.98129116],[9.87993736,56.9812854]],[[9.87993736,56.9812854],[9.87993335,56.98127964]],[[9.87993335,56.98127964],[9.87992934,56.98127388]],[[9.87992934,56.98127388],[9.87992528,56.98126814]],[[9.87992528,56.98126814],[9.8799212,56.9812624]],[[9.8799212,56.9812624],[9.87991709,56.98125665]],[[9.87991709,56.98125665],[9.87991295,56.98125093]],[[9.87991295,56.98125093],[9.87990877,56.98124521]],[[9.87990877,56.98124521],[9.87990458,56.98123948]],[[9.87990458,56.98123948],[9.87990034,56.98123377]],[[9.87990034,56.98123377],[9.87989607,56.98122807]],[[9.87989607,56.98122807],[9.87989177,56.98122238]],[[9.87989177,56.98122238],[9.87988743,56.98121669]],[[9.87988743,56.98121669],[9.87988306,56.98121101]],[[9.87988306,56.98121101],[9.87987866,56.98120534]],[[9.87987866,56.98120534],[9.8798742,56.98119968]],[[9.8798742,56.98119968],[9.87986973,56.98119403]],[[9.87986973,56.98119403],[9.87986519,56.98118838]],[[9.87986519,56.98118838],[9.87986064,56.98118275]],[[9.87986064,56.98118275],[9.87985603,56.98117713]],[[9.87985603,56.98117713],[9.87985138,56.98117151]],[[9.87985138,56.98117151],[9.87984669,56.98116591]],[[9.87984669,56.98116591],[9.87984198,56.98116032]],[[9.87984198,56.98116032],[9.87983719,56.98115473]],[[9.87983719,56.98115473],[9.87983237,56.98114916]],[[9.87983237,56.98114916],[9.87982752,56.98114361]],[[9.87982752,56.98114361],[9.87982261,56.98113806]],[[9.87982261,56.98113806],[9.87981766,56.98113253]],[[9.87981766,56.98113253],[9.87981264,56.98112701]],[[9.87981264,56.98112701],[9.8798076,56.9811215]],[[9.8798076,56.9811215],[9.8798025,56.98111601]],[[9.8798025,56.98111601],[9.87979735,56.98111052]],[[9.87979735,56.98111052],[9.87979214,56.98110506]],[[9.87979214,56.98110506],[9.87978689,56.9810996]],[[9.87978689,56.9810996],[9.8797816,56.98109416]],[[9.8797816,56.98109416],[9.87977624,56.98108874]],[[9.87977624,56.98108874],[9.87977083,56.98108334]],[[9.87977083,56.98108334],[9.87976537,56.98107795]],[[9.87976537,56.98107795],[9.87975984,56.98107257]],[[9.87975984,56.98107257],[9.87975428,56.98106721]],[[9.87975428,56.98106721],[9.87974864,56.98106188]],[[9.87974864,56.98106188],[9.87974297,56.98105655]],[[9.87974297,56.98105655],[9.87973723,56.98105125]],[[9.87973723,56.98105125],[9.87973143,56.98104597]],[[9.87973143,56.98104597],[9.87972557,56.98104071]],[[9.87972557,56.98104071],[9.87971965,56.98103545]],[[9.87971965,56.98103545],[9.87971368,56.98103023]],[[9.87971368,56.98103023],[9.87970765,56.98102503]],[[9.87970765,56.98102503],[9.87970154,56.98101985]],[[9.87970154,56.98101985],[9.87969539,56.98101468]],[[9.87969539,56.98101468],[9.87968918,56.98100954]],[[9.87968918,56.98100954],[9.87968289,56.98100442]],[[9.87968289,56.98100442],[9.87967656,56.98099933]],[[9.87967656,56.98099933],[9.87967015,56.98099426]],[[9.87967015,56.98099426],[9.87958554,56.98093345]],[[9.87958554,56.98093345],[9.87949177,56.98087678]],[[9.87949177,56.98087678],[9.87938952,56.98082467]],[[9.87938952,56.98082467],[9.87927953,56.9807775]],[[9.87927953,56.9807775],[9.8791626,56.98073559]],[[9.8791626,56.98073559],[9.87903956,56.98069927]],[[9.87903956,56.98069927],[9.87891133,56.98066877]],[[9.87891133,56.98066877],[9.8787788,56.98064434]],[[9.8787788,56.98064434],[9.87864296,56.98062615]],[[9.87864296,56.98062615],[9.87850478,56.98061433]],[[9.87850478,56.98061433],[9.87836526,56.98060895]],[[9.87836526,56.98060895],[9.87822541,56.98061007]],[[9.87822541,56.98061007],[9.87808623,56.98061767]],[[9.87808623,56.98061767],[9.87794874,56.98063171]],[[9.87794874,56.98063171],[9.87781394,56.98065206]],[[9.87781394,56.98065206],[9.87768279,56.9806786]],[[9.87768279,56.9806786],[9.87755624,56.98071113]],[[9.87755624,56.98071113],[9.87743522,56.98074941]],[[9.87743522,56.98074941],[9.87732059,56.98079318]],[[9.87732059,56.98079318],[9.87721318,56.98084209]],[[9.87721318,56.98084209],[9.87711376,56.98089581]],[[9.87711376,56.98089581],[9.87710611,56.98090035]],[[9.87710611,56.98090035],[9.87709853,56.98090491]],[[9.87709853,56.98090491],[9.87709098,56.98090949]],[[9.87709098,56.98090949],[9.87708352,56.9809141]],[[9.87708352,56.9809141],[9.87707609,56.98091874]],[[9.87707609,56.98091874],[9.87706872,56.98092341]],[[9.87706872,56.98092341],[9.87706142,56.9809281]],[[9.87706142,56.9809281],[9.87705415,56.98093282]],[[9.87705415,56.98093282],[9.87704695,56.98093755]],[[9.87704695,56.98093755],[9.87703979,56.98094232]],[[9.87703979,56.98094232],[9.8770327,56.98094711]],[[9.8770327,56.98094711],[9.87702565,56.98095192]],[[9.87702565,56.98095192],[9.87701866,56.98095675]],[[9.87701866,56.98095675],[9.87701172,56.98096161]],[[9.87701172,56.98096161],[9.87700481,56.98096648]],[[9.87700481,56.98096648],[9.87699797,56.98097138]],[[9.87699797,56.98097138],[9.87699118,56.9809763]],[[9.87699118,56.9809763],[9.87698444,56.98098123]],[[9.87698444,56.98098123],[9.87697774,56.98098619]],[[9.87697774,56.98098619],[9.8769711,56.98099117]],[[9.8769711,56.98099117],[9.87696449,56.98099616]],[[9.87696449,56.98099616],[9.87695794,56.98100118]],[[9.87695794,56.98100118],[9.87695143,56.98100621]],[[9.87695143,56.98100621],[9.87694496,56.98101126]],[[9.87694496,56.98101126],[9.87693855,56.98101633]],[[9.87693855,56.98101633],[9.87693218,56.98102141]],[[9.87693218,56.98102141],[9.87692585,56.98102652]],[[9.87692585,56.98102652],[9.87691957,56.98103163]],[[9.87691957,56.98103163],[9.87691332,56.98103676]],[[9.87691332,56.98103676],[9.87690712,56.98104191]],[[9.87690712,56.98104191],[9.87690095,56.98104706]],[[9.87690095,56.98104706],[9.87689483,56.98105224]],[[9.87689483,56.98105224],[9.87688876,56.98105742]],[[9.87688876,56.98105742],[9.87688271,56.98106263]],[[9.87688271,56.98106263],[9.8768767,56.98106785]],[[9.8768767,56.98106785],[9.87687075,56.98107308]],[[9.87687075,56.98107308],[9.87686481,56.98107832]],[[9.87686481,56.98107832],[9.87685892,56.98108357]],[[9.87685892,56.98108357],[9.87685306,56.98108883]],[[9.87685306,56.98108883],[9.87684724,56.98109411]],[[9.87684724,56.98109411],[9.87684145,56.9810994]],[[9.87684145,56.9810994],[9.87683569,56.9811047]],[[9.87683569,56.9811047],[9.87682997,56.98111001]],[[9.87682997,56.98111001],[9.87682428,56.98111532]],[[9.87682428,56.98111532],[9.87681862,56.98112065]],[[9.87681862,56.98112065],[9.87681299,56.98112599]],[[9.87681299,56.98112599],[9.87680738,56.98113134]],[[9.87680738,56.98113134],[9.87680182,56.9811367]],[[9.87680182,56.9811367],[9.87679628,56.98114206]],[[9.87679628,56.98114206],[9.87679075,56.98114743]],[[9.87679075,56.98114743],[9.87678527,56.98115282]],[[9.87678527,56.98115282],[9.87677979,56.9811582]],[[9.87677979,56.9811582],[9.87677437,56.9811636]],[[9.87677437,56.9811636],[9.87676894,56.981169]],[[9.87676894,56.981169],[9.87676356,56.98117441]],[[9.87676356,56.98117441],[9.87675818,56.98117983]],[[9.87675818,56.98117983],[9.87675283,56.98118526]],[[9.87675283,56.98118526],[9.8767475,56.98119068]],[[9.8767475,56.98119068],[9.8767422,56.98119612]],[[9.8767422,56.98119612],[9.87673691,56.98120156]],[[9.87673691,56.98120156],[9.87673164,56.981207]],[[9.87673164,56.981207],[9.87672638,56.98121246]],[[9.87672638,56.98121246],[9.87672114,56.98121791]],[[9.87672114,56.98121791],[9.87671593,56.98122338]],[[9.87671593,56.98122338],[9.87671071,56.98122884]],[[9.87671071,56.98122884],[9.87670553,56.98123431]],[[9.87670553,56.98123431],[9.87670035,56.98123979]],[[9.87670035,56.98123979],[9.87669518,56.98124526]],[[9.87669518,56.98124526],[9.87669003,56.98125074]],[[9.87669003,56.98125074],[9.87668488,56.98125622]],[[9.87668488,56.98125622],[9.87667975,56.98126171]],[[9.87667975,56.98126171],[9.87667463,56.9812672]],[[9.87667463,56.9812672],[9.87666952,56.98127269]],[[9.87666952,56.98127269],[9.87666442,56.98127819]],[[9.87666442,56.98127819],[9.87665932,56.98128368]],[[9.87665932,56.98128368],[9.87665422,56.98128918]],[[9.87665422,56.98128918],[9.87664913,56.98129467]],[[9.87664913,56.98129467],[9.87664403,56.98130017]],[[9.87664403,56.98130017],[9.87663897,56.98130567]],[[9.87663897,56.98130567],[9.87663388,56.98131117]],[[9.87663388,56.98131117],[9.8766288,56.98131667]],[[9.8766288,56.98131667],[9.87662373,56.98132218]],[[9.87662373,56.98132218],[9.87556999,56.9824395]],[[9.87556999,56.9824395],[9.87448057,56.98354658]],[[9.87448057,56.98354658],[9.87335579,56.98464308]],[[9.88152586,56.98337645],[9.88145233,56.98339655]],[[9.87332008,56.98463194],[9.87339147,56.98465422]],[[9.8810079,56.98276981],[9.88093241,56.98278764]],[[9.8798121,56.98109682],[9.87976841,56.98110935]],[[9.87701713,56.98093619],[9.87705548,56.98095314]],[[9.87546387,56.98252057],[9.87550751,56.98253314]],[[9.87389245,56.98409798],[9.8739355,56.98411114]],[[9.88038621,56.98193957],[9.88033991,56.9819489]],[[9.8798121,56.98109682],[9.87976841,56.98110935]],[[9.87849474,56.98060017],[9.87848955,56.98062696]],[[9.87701713,56.98093619],[9.87705548,56.98095314]],[[9.87622232,56.98172394],[9.87626625,56.98173622]],[[9.87546387,56.98252057],[9.87550751,56.98253314]],[[9.87468721,56.98331196],[9.87473055,56.98332483]],[[9.87389245,56.98409798],[9.8739355,56.98411114]],[[9.85066578,57.03773427],[9.85002305,57.03824134]],[[9.85002305,57.03824134],[9.85002305,57.03824134]],[[9.85002305,57.03824134],[9.85001545,57.03824733]],[[9.85001545,57.03824733],[9.85000783,57.03825334]],[[9.85000783,57.03825334],[9.85000021,57.03825935]],[[9.85000021,57.03825935],[9.84999261,57.03826536]],[[9.84999261,57.03826536],[9.84998499,57.03827136]],[[9.84998499,57.03827136],[9.84997739,57.03827737]],[[9.84997739,57.03827737],[9.84996977,57.03828338]],[[9.84996977,57.03828338],[9.84996217,57.03828939]],[[9.84996217,57.03828939],[9.84995455,57.03829539]],[[9.84995455,57.03829539],[9.84994695,57.0383014]],[[9.84994695,57.0383014],[9.84993935,57.03830742]],[[9.84993935,57.03830742],[9.84993175,57.03831343]],[[9.84993175,57.03831343],[9.84992415,57.03831944]],[[9.84992415,57.03831944],[9.84991655,57.03832545]],[[9.84991655,57.03832545],[9.84990896,57.03833147]],[[9.84990896,57.03833147],[9.84990136,57.03833748]],[[9.84990136,57.03833748],[9.84989377,57.03834349]],[[9.84989377,57.03834349],[9.84988619,57.03834951]],[[9.84988619,57.03834951],[9.8498786,57.03835553]],[[9.8498786,57.03835553],[9.84987104,57.03836155]],[[9.84987104,57.03836155],[9.84986345,57.03836757]],[[9.84986345,57.03836757],[9.84985588,57.03837359]],[[9.84985588,57.03837359],[9.84984831,57.03837962]],[[9.84984831,57.03837962],[9.84984076,57.03838564]],[[9.84984076,57.03838564],[9.84983319,57.03839167]],[[9.84983319,57.03839167],[9.84982564,57.03839769]],[[9.84982564,57.03839769],[9.84981809,57.03840373]],[[9.84981809,57.03840373],[9.84981055,57.03840975]],[[9.84981055,57.03840975],[9.849803,57.03841579]],[[9.849803,57.03841579],[9.84979548,57.03842183]],[[9.84979548,57.03842183],[9.84978795,57.03842787]],[[9.84978795,57.03842787],[9.84978043,57.03843391]],[[9.84978043,57.03843391],[9.84977291,57.03843994]],[[9.84977291,57.03843994],[9.84976539,57.03844599]],[[9.84976539,57.03844599],[9.84975788,57.03845204]],[[9.84975788,57.03845204],[9.8497504,57.03845808]],[[9.8497504,57.03845808],[9.8497429,57.03846414]],[[9.8497429,57.03846414],[9.84973541,57.0384702]],[[9.84973541,57.0384702],[9.84972794,57.03847625]],[[9.84972794,57.03847625],[9.84972047,57.03848231]],[[9.84972047,57.03848231],[9.849713,57.03848837]],[[9.849713,57.03848837],[9.84970555,57.03849443]],[[9.84970555,57.03849443],[9.84969809,57.03850051]],[[9.84969809,57.03850051],[9.84969066,57.03850658]],[[9.84969066,57.03850658],[9.84968322,57.03851265]],[[9.84968322,57.03851265],[9.8496758,57.03851873]],[[9.8496758,57.03851873],[9.84966839,57.03852481]],[[9.84966839,57.03852481],[9.84966097,57.03853088]],[[9.84966097,57.03853088],[9.84965359,57.03853697]],[[9.84965359,57.03853697],[9.8496462,57.03854306]],[[9.8496462,57.03854306],[9.84963881,57.03854915]],[[9.84963881,57.03854915],[9.84963144,57.03855525]],[[9.84963144,57.03855525],[9.84962408,57.03856135]],[[9.84962408,57.03856135],[9.84961673,57.03856745]],[[9.84961673,57.03856745],[9.84960939,57.03857356]],[[9.84960939,57.03857356],[9.84960205,57.03857967]],[[9.84960205,57.03857967],[9.84959473,57.03858578]],[[9.84959473,57.03858578],[9.84958742,57.0385919]],[[9.84958742,57.0385919],[9.84958014,57.03859802]],[[9.84958014,57.03859802],[9.84957285,57.03860415]],[[9.84957285,57.03860415],[9.84956556,57.03861027]],[[9.84956556,57.03861027],[9.8495583,57.0386164]],[[9.8495583,57.0386164],[9.84955105,57.03862254]],[[9.84955105,57.03862254],[9.84954381,57.03862868]],[[9.84954381,57.03862868],[9.84953657,57.03863483]],[[9.84953657,57.03863483],[9.84952936,57.03864097]],[[9.84952936,57.03864097],[9.84952215,57.03864714]],[[9.84952215,57.03864714],[9.84951496,57.03865329]],[[9.84951496,57.03865329],[9.84950777,57.03865946]],[[9.84950777,57.03865946],[9.84950061,57.03866562]],[[9.84950061,57.03866562],[9.84949346,57.03867179]],[[9.84949346,57.03867179],[9.84948632,57.03867797]],[[9.84948632,57.03867797],[9.84947917,57.03868414]],[[9.84947917,57.03868414],[9.84947207,57.03869033]],[[9.84947207,57.03869033],[9.84946498,57.03869652]],[[9.84946498,57.03869652],[9.84945788,57.03870272]],[[9.84945788,57.03870272],[9.84945081,57.03870892]],[[9.84945081,57.03870892],[9.84944375,57.03871512]],[[9.84944375,57.03871512],[9.84943671,57.03872133]],[[9.84943671,57.03872133],[9.84942968,57.03872755]],[[9.84942968,57.03872755],[9.84942267,57.03873376]],[[9.84942267,57.03873376],[9.84941566,57.03874]],[[9.84941566,57.03874],[9.84901008,57.03913822]],[[9.84901008,57.03913822],[9.84866762,57.0395537]],[[9.84866762,57.0395537],[9.84839074,57.03998345]],[[9.84839074,57.03998345],[9.84818145,57.04042443]],[[9.84818145,57.04042443],[9.84817519,57.04044049]],[[9.84817519,57.04044049],[9.84816902,57.04045658]],[[9.84816902,57.04045658],[9.84816292,57.04047266]],[[9.84816292,57.04047266],[9.84815693,57.04048876]],[[9.84815693,57.04048876],[9.84815101,57.04050487]],[[9.84815101,57.04050487],[9.84814518,57.04052099]],[[9.84814518,57.04052099],[9.84813943,57.04053711]],[[9.84813943,57.04053711],[9.84813376,57.04055324]],[[9.84813376,57.04055324],[9.8481282,57.04056939]],[[9.8481282,57.04056939],[9.8481227,57.04058554]],[[9.8481227,57.04058554],[9.84811726,57.04060169]],[[9.84811726,57.04060169],[9.84811192,57.04061786]],[[9.84811192,57.04061786],[9.84810665,57.04063404]],[[9.84810665,57.04063404],[9.84810146,57.04065022]],[[9.84810146,57.04065022],[9.84809635,57.04066641]],[[9.84809635,57.04066641],[9.8480913,57.0406826]],[[9.8480913,57.0406826],[9.84808634,57.0406988]],[[9.84808634,57.0406988],[9.84808144,57.04071501]],[[9.84808144,57.04071501],[9.84807662,57.04073123]],[[9.84807662,57.04073123],[9.84807186,57.04074745]],[[9.84807186,57.04074745],[9.84806716,57.04076367]],[[9.84806716,57.04076367],[9.84806255,57.04077991]],[[9.84806255,57.04077991],[9.84805799,57.04079615]],[[9.84805799,57.04079615],[9.8480535,57.04081239]],[[9.8480535,57.04081239],[9.84804907,57.04082864]],[[9.84804907,57.04082864],[9.84804471,57.04084489]],[[9.84804471,57.04084489],[9.84804042,57.04086115]],[[9.84804042,57.04086115],[9.84803617,57.04087741]],[[9.84803617,57.04087741],[9.848032,57.04089368]],[[9.848032,57.04089368],[9.84802789,57.04090995]],[[9.84802789,57.04090995],[9.84802382,57.04092623]],[[9.84802382,57.04092623],[9.84801981,57.04094251]],[[9.84801981,57.04094251],[9.84801586,57.0409588]],[[9.84801586,57.0409588],[9.84801197,57.04097508]],[[9.84801197,57.04097508],[9.84800813,57.04099138]],[[9.84800813,57.04099138],[9.84800434,57.04100767]],[[9.84800434,57.04100767],[9.8480006,57.04102397]],[[9.8480006,57.04102397],[9.84799691,57.04104028]],[[9.84799691,57.04104028],[9.84799327,57.04105659]],[[9.84799327,57.04105659],[9.84798968,57.04107289]],[[9.84798968,57.04107289],[9.84798613,57.0410892]],[[9.84798613,57.0410892],[9.84798263,57.04110553]],[[9.84798263,57.04110553],[9.84797918,57.04112184]],[[9.84797918,57.04112184],[9.84797575,57.04113816]],[[9.84797575,57.04113816],[9.84797239,57.04115448]],[[9.84797239,57.04115448],[9.84796906,57.04117081]],[[9.84796906,57.04117081],[9.84796577,57.04118714]],[[9.84796577,57.04118714],[9.84796252,57.04120347]],[[9.84796252,57.04120347],[9.84795931,57.0412198]],[[9.84795931,57.0412198],[9.84795615,57.04123614]],[[9.84795615,57.04123614],[9.847953,57.04125248]],[[9.847953,57.04125248],[9.8479499,57.04126882]],[[9.8479499,57.04126882],[9.84794682,57.04128516]],[[9.84794682,57.04128516],[9.84794379,57.0413015]],[[9.84794379,57.0413015],[9.84794079,57.04131784]],[[9.84794079,57.04131784],[9.84793781,57.04133419]],[[9.84793781,57.04133419],[9.84793486,57.04135054]],[[9.84793486,57.04135054],[9.84793194,57.04136689]],[[9.84793194,57.04136689],[9.84792904,57.04138324]],[[9.84792904,57.04138324],[9.84792617,57.0413996]],[[9.84792617,57.0413996],[9.84792332,57.04141595]],[[9.84792332,57.04141595],[9.8479205,57.04143231]],[[9.8479205,57.04143231],[9.84791772,57.04144866]],[[9.84791772,57.04144866],[9.84791493,57.04146501]],[[9.84791493,57.04146501],[9.84791218,57.04148137]],[[9.84791218,57.04148137],[9.84790945,57.04149773]],[[9.84790945,57.04149773],[9.84790673,57.04151409]],[[9.84790673,57.04151409],[9.84790402,57.04153046]],[[9.84790402,57.04153046],[9.84790134,57.04154681]],[[9.84790134,57.04154681],[9.84789865,57.04156317]],[[9.84789865,57.04156317],[9.847896,57.04157954]],[[9.847896,57.04157954],[9.84789335,57.04159591]],[[9.84789335,57.04159591],[9.84789071,57.04161227]],[[9.84789071,57.04161227],[9.84788809,57.04162863]],[[9.84788809,57.04162863],[9.84788547,57.04164499]],[[9.84788547,57.04164499],[9.84788286,57.04166136]],[[9.84788286,57.04166136],[9.84788026,57.04167773]],[[9.84788026,57.04167773],[9.84787766,57.04169409]],[[9.84787766,57.04169409],[9.84787507,57.04171046]],[[9.84787507,57.04171046],[9.84787248,57.04172683]],[[9.84787248,57.04172683],[9.84786989,57.04174319]],[[9.84786989,57.04174319],[9.84786731,57.04175955]],[[9.84786731,57.04175955],[9.84781363,57.04212332]],[[9.84781363,57.04212332],[9.8477675,57.04248739]],[[9.8477675,57.04248739],[9.84772889,57.04285173]],[[9.84772889,57.04285173],[9.84767343,57.04359782]],[[9.84767343,57.04359782],[9.8476496,57.04434441]],[[9.8476496,57.04434441],[9.84765742,57.0450911]],[[9.85066578,57.03773427],[9.85002305,57.03824134]],[[9.85002305,57.03824134],[9.85002305,57.03824134]],[[9.85002305,57.03824134],[9.85001545,57.03824733]],[[9.85001545,57.03824733],[9.85000783,57.03825334]],[[9.85000783,57.03825334],[9.85000021,57.03825935]],[[9.85000021,57.03825935],[9.84999261,57.03826536]],[[9.84999261,57.03826536],[9.84998499,57.03827136]],[[9.84998499,57.03827136],[9.84997739,57.03827737]],[[9.84997739,57.03827737],[9.84996977,57.03828338]],[[9.84996977,57.03828338],[9.84996217,57.03828939]],[[9.84996217,57.03828939],[9.84995455,57.03829539]],[[9.84995455,57.03829539],[9.84994695,57.0383014]],[[9.84994695,57.0383014],[9.84993935,57.03830742]],[[9.84993935,57.03830742],[9.84993175,57.03831343]],[[9.84993175,57.03831343],[9.84992415,57.03831944]],[[9.84992415,57.03831944],[9.84991655,57.03832545]],[[9.84991655,57.03832545],[9.84990896,57.03833147]],[[9.84990896,57.03833147],[9.84990136,57.03833748]],[[9.84990136,57.03833748],[9.84989377,57.03834349]],[[9.84989377,57.03834349],[9.84988619,57.03834951]],[[9.84988619,57.03834951],[9.8498786,57.03835553]],[[9.8498786,57.03835553],[9.84987104,57.03836155]],[[9.84987104,57.03836155],[9.84986345,57.03836757]],[[9.84986345,57.03836757],[9.84985588,57.03837359]],[[9.84985588,57.03837359],[9.84984831,57.03837962]],[[9.84984831,57.03837962],[9.84984076,57.03838564]],[[9.84984076,57.03838564],[9.84983319,57.03839167]],[[9.84983319,57.03839167],[9.84982564,57.03839769]],[[9.84982564,57.03839769],[9.84981809,57.03840373]],[[9.84981809,57.03840373],[9.84981055,57.03840975]],[[9.84981055,57.03840975],[9.849803,57.03841579]],[[9.849803,57.03841579],[9.84979548,57.03842183]],[[9.84979548,57.03842183],[9.84978795,57.03842787]],[[9.84978795,57.03842787],[9.84978043,57.03843391]],[[9.84978043,57.03843391],[9.84977291,57.03843994]],[[9.84977291,57.03843994],[9.84976539,57.03844599]],[[9.84976539,57.03844599],[9.84975788,57.03845204]],[[9.84975788,57.03845204],[9.8497504,57.03845808]],[[9.8497504,57.03845808],[9.8497429,57.03846414]],[[9.8497429,57.03846414],[9.84973541,57.0384702]],[[9.84973541,57.0384702],[9.84972794,57.03847625]],[[9.84972794,57.03847625],[9.84972047,57.03848231]],[[9.84972047,57.03848231],[9.849713,57.03848837]],[[9.849713,57.03848837],[9.84970555,57.03849443]],[[9.84970555,57.03849443],[9.84969809,57.03850051]],[[9.84969809,57.03850051],[9.84969066,57.03850658]],[[9.84969066,57.03850658],[9.84968322,57.03851265]],[[9.84968322,57.03851265],[9.8496758,57.03851873]],[[9.8496758,57.03851873],[9.84966839,57.03852481]],[[9.84966839,57.03852481],[9.84966097,57.03853088]],[[9.84966097,57.03853088],[9.84965359,57.03853697]],[[9.84965359,57.03853697],[9.8496462,57.03854306]],[[9.8496462,57.03854306],[9.84963881,57.03854915]],[[9.84963881,57.03854915],[9.84963144,57.03855525]],[[9.84963144,57.03855525],[9.84962408,57.03856135]],[[9.84962408,57.03856135],[9.84961673,57.03856745]],[[9.84961673,57.03856745],[9.84960939,57.03857356]],[[9.84960939,57.03857356],[9.84960205,57.03857967]],[[9.84960205,57.03857967],[9.84959473,57.03858578]],[[9.84959473,57.03858578],[9.84958742,57.0385919]],[[9.84958742,57.0385919],[9.84958014,57.03859802]],[[9.84958014,57.03859802],[9.84957285,57.03860415]],[[9.84957285,57.03860415],[9.84956556,57.03861027]],[[9.84956556,57.03861027],[9.8495583,57.0386164]],[[9.8495583,57.0386164],[9.84955105,57.03862254]],[[9.84955105,57.03862254],[9.84954381,57.03862868]],[[9.84954381,57.03862868],[9.84953657,57.03863483]],[[9.84953657,57.03863483],[9.84952936,57.03864097]],[[9.84952936,57.03864097],[9.84952215,57.03864714]],[[9.84952215,57.03864714],[9.84951496,57.03865329]],[[9.84951496,57.03865329],[9.84950777,57.03865946]],[[9.84950777,57.03865946],[9.84950061,57.03866562]],[[9.84950061,57.03866562],[9.84949346,57.03867179]],[[9.84949346,57.03867179],[9.84948632,57.03867797]],[[9.84948632,57.03867797],[9.84947917,57.03868414]],[[9.84947917,57.03868414],[9.84947207,57.03869033]],[[9.84947207,57.03869033],[9.84946498,57.03869652]],[[9.84946498,57.03869652],[9.84945788,57.03870272]],[[9.84945788,57.03870272],[9.84945081,57.03870892]],[[9.84945081,57.03870892],[9.84944375,57.03871512]],[[9.84944375,57.03871512],[9.84943671,57.03872133]],[[9.84943671,57.03872133],[9.84942968,57.03872755]],[[9.84942968,57.03872755],[9.84942267,57.03873376]],[[9.84942267,57.03873376],[9.84941566,57.03874]],[[9.84941566,57.03874],[9.84901008,57.03913822]],[[9.84901008,57.03913822],[9.84866762,57.0395537]],[[9.84866762,57.0395537],[9.84839074,57.03998345]],[[9.84839074,57.03998345],[9.84818145,57.04042443]],[[9.84818145,57.04042443],[9.84817519,57.04044049]],[[9.84817519,57.04044049],[9.84816902,57.04045658]],[[9.84816902,57.04045658],[9.84816292,57.04047266]],[[9.84816292,57.04047266],[9.84815693,57.04048876]],[[9.84815693,57.04048876],[9.84815101,57.04050487]],[[9.84815101,57.04050487],[9.84814518,57.04052099]],[[9.84814518,57.04052099],[9.84813943,57.04053711]],[[9.84813943,57.04053711],[9.84813376,57.04055324]],[[9.84813376,57.04055324],[9.8481282,57.04056939]],[[9.8481282,57.04056939],[9.8481227,57.04058554]],[[9.8481227,57.04058554],[9.84811726,57.04060169]],[[9.84811726,57.04060169],[9.84811192,57.04061786]],[[9.84811192,57.04061786],[9.84810665,57.04063404]],[[9.84810665,57.04063404],[9.84810146,57.04065022]],[[9.84810146,57.04065022],[9.84809635,57.04066641]],[[9.84809635,57.04066641],[9.8480913,57.0406826]],[[9.8480913,57.0406826],[9.84808634,57.0406988]],[[9.84808634,57.0406988],[9.84808144,57.04071501]],[[9.84808144,57.04071501],[9.84807662,57.04073123]],[[9.84807662,57.04073123],[9.84807186,57.04074745]],[[9.84807186,57.04074745],[9.84806716,57.04076367]],[[9.84806716,57.04076367],[9.84806255,57.04077991]],[[9.84806255,57.04077991],[9.84805799,57.04079615]],[[9.84805799,57.04079615],[9.8480535,57.04081239]],[[9.8480535,57.04081239],[9.84804907,57.04082864]],[[9.84804907,57.04082864],[9.84804471,57.04084489]],[[9.84804471,57.04084489],[9.84804042,57.04086115]],[[9.84804042,57.04086115],[9.84803617,57.04087741]],[[9.84803617,57.04087741],[9.848032,57.04089368]],[[9.848032,57.04089368],[9.84802789,57.04090995]],[[9.84802789,57.04090995],[9.84802382,57.04092623]],[[9.84802382,57.04092623],[9.84801981,57.04094251]],[[9.84801981,57.04094251],[9.84801586,57.0409588]],[[9.84801586,57.0409588],[9.84801197,57.04097508]],[[9.84801197,57.04097508],[9.84800813,57.04099138]],[[9.84800813,57.04099138],[9.84800434,57.04100767]],[[9.84800434,57.04100767],[9.8480006,57.04102397]],[[9.8480006,57.04102397],[9.84799691,57.04104028]],[[9.84799691,57.04104028],[9.84799327,57.04105659]],[[9.84799327,57.04105659],[9.84798968,57.04107289]],[[9.84798968,57.04107289],[9.84798613,57.0410892]],[[9.84798613,57.0410892],[9.84798263,57.04110553]],[[9.84798263,57.04110553],[9.84797918,57.04112184]],[[9.84797918,57.04112184],[9.84797575,57.04113816]],[[9.84797575,57.04113816],[9.84797239,57.04115448]],[[9.84797239,57.04115448],[9.84796906,57.04117081]],[[9.84796906,57.04117081],[9.84796577,57.04118714]],[[9.84796577,57.04118714],[9.84796252,57.04120347]],[[9.84796252,57.04120347],[9.84795931,57.0412198]],[[9.84795931,57.0412198],[9.84795615,57.04123614]],[[9.84795615,57.04123614],[9.847953,57.04125248]],[[9.847953,57.04125248],[9.8479499,57.04126882]],[[9.8479499,57.04126882],[9.84794682,57.04128516]],[[9.84794682,57.04128516],[9.84794379,57.0413015]],[[9.84794379,57.0413015],[9.84794079,57.04131784]],[[9.84794079,57.04131784],[9.84793781,57.04133419]],[[9.84793781,57.04133419],[9.84793486,57.04135054]],[[9.84793486,57.04135054],[9.84793194,57.04136689]],[[9.84793194,57.04136689],[9.84792904,57.04138324]],[[9.84792904,57.04138324],[9.84792617,57.0413996]],[[9.84792617,57.0413996],[9.84792332,57.04141595]],[[9.84792332,57.04141595],[9.8479205,57.04143231]],[[9.8479205,57.04143231],[9.84791772,57.04144866]],[[9.84791772,57.04144866],[9.84791493,57.04146501]],[[9.84791493,57.04146501],[9.84791218,57.04148137]],[[9.84791218,57.04148137],[9.84790945,57.04149773]],[[9.84790945,57.04149773],[9.84790673,57.04151409]],[[9.84790673,57.04151409],[9.84790402,57.04153046]],[[9.84790402,57.04153046],[9.84790134,57.04154681]],[[9.84790134,57.04154681],[9.84789865,57.04156317]],[[9.84789865,57.04156317],[9.847896,57.04157954]],[[9.847896,57.04157954],[9.84789335,57.04159591]],[[9.84789335,57.04159591],[9.84789071,57.04161227]],[[9.84789071,57.04161227],[9.84788809,57.04162863]],[[9.84788809,57.04162863],[9.84788547,57.04164499]],[[9.84788547,57.04164499],[9.84788286,57.04166136]],[[9.84788286,57.04166136],[9.84788026,57.04167773]],[[9.84788026,57.04167773],[9.84787766,57.04169409]],[[9.84787766,57.04169409],[9.84787507,57.04171046]],[[9.84787507,57.04171046],[9.84787248,57.04172683]],[[9.84787248,57.04172683],[9.84786989,57.04174319]],[[9.84786989,57.04174319],[9.84786731,57.04175955]],[[9.84786731,57.04175955],[9.84781363,57.04212332]],[[9.84781363,57.04212332],[9.8477675,57.04248739]],[[9.8477675,57.04248739],[9.84772889,57.04285173]],[[9.84772889,57.04285173],[9.84767343,57.04359782]],[[9.84767343,57.04359782],[9.8476496,57.04434441]],[[9.8476496,57.04434441],[9.84765742,57.0450911]],[[9.84918754,57.03892631],[9.84923073,57.03893941]],[[9.8480877,57.04061519],[9.84813634,57.04061994]],[[9.84775279,57.04240262],[9.8478021,57.04240439]],[[9.84762707,57.04419783],[9.8476765,57.04419811]],[[9.85008197,57.03817116],[9.85012263,57.03818647]],[[9.84918754,57.03892631],[9.84923073,57.03893941]],[[9.84850839,57.03974575],[9.84855497,57.03975476]],[[9.8480877,57.04061519],[9.84813634,57.04061994]],[[9.84788307,57.04150713],[9.84793228,57.04150956]],[[9.84775279,57.04240262],[9.8478021,57.04240439]],[[9.84766706,57.04329975],[9.84771644,57.04330077]],[[9.84762707,57.04419783],[9.8476765,57.04419811]],[[9.86068259,57.01323994],[9.86066523,57.01335599]],[[9.86066523,57.01335599],[9.86066503,57.01335735]],[[9.86066503,57.01335735],[9.86066481,57.01335871]],[[9.86066481,57.01335871],[9.86066461,57.01336008]],[[9.86066461,57.01336008],[9.86066441,57.01336144]],[[9.86066441,57.01336144],[9.8606642,57.01336281]],[[9.8606642,57.01336281],[9.860664,57.01336417]],[[9.860664,57.01336417],[9.8606638,57.01336554]],[[9.8606638,57.01336554],[9.86066359,57.0133669]],[[9.86066359,57.0133669],[9.86066339,57.01336827]],[[9.86066339,57.01336827],[9.86066319,57.01336963]],[[9.86066319,57.01336963],[9.86066297,57.013371]],[[9.86066297,57.013371],[9.86066277,57.01337236]],[[9.86066277,57.01337236],[9.86066256,57.01337373]],[[9.86066256,57.01337373],[9.86066236,57.01337509]],[[9.86066236,57.01337509],[9.86066216,57.01337646]],[[9.86066216,57.01337646],[9.86066194,57.01337782]],[[9.86066194,57.01337782],[9.86066174,57.01337918]],[[9.86066174,57.01337918],[9.86066154,57.01338055]],[[9.86066154,57.01338055],[9.86066133,57.01338191]],[[9.86066133,57.01338191],[9.86066111,57.01338328]],[[9.86066111,57.01338328],[9.86066091,57.01338463]],[[9.86066091,57.01338463],[9.86066069,57.013386]],[[9.86066069,57.013386],[9.86066049,57.01338736]],[[9.86066049,57.01338736],[9.86066027,57.01338873]],[[9.86066027,57.01338873],[9.86066007,57.01339009]],[[9.86066007,57.01339009],[9.86065985,57.01339146]],[[9.86065985,57.01339146],[9.86065965,57.01339282]],[[9.86065965,57.01339282],[9.86065943,57.01339419]],[[9.86065943,57.01339419],[9.86065921,57.01339555]],[[9.86065921,57.01339555],[9.860659,57.01339692]],[[9.860659,57.01339692],[9.86065879,57.01339828]],[[9.86065879,57.01339828],[9.86065857,57.01339965]],[[9.86065857,57.01339965],[9.86065835,57.013401]],[[9.86065835,57.013401],[9.86065813,57.01340237]],[[9.86065813,57.01340237],[9.86065791,57.01340373]],[[9.86065791,57.01340373],[9.86065769,57.0134051]],[[9.86065769,57.0134051],[9.86065747,57.01340646]],[[9.86065747,57.01340646],[9.86065725,57.01340783]],[[9.86065725,57.01340783],[9.86065703,57.01340919]],[[9.86065703,57.01340919],[9.86065681,57.01341056]],[[9.86065681,57.01341056],[9.86065659,57.01341191]],[[9.86065659,57.01341191],[9.86065636,57.01341328]],[[9.86065636,57.01341328],[9.86065614,57.01341464]],[[9.86065614,57.01341464],[9.8606559,57.01341601]],[[9.8606559,57.01341601],[9.86065569,57.01341737]],[[9.86065569,57.01341737],[9.86065545,57.01341873]],[[9.86065545,57.01341873],[9.86065523,57.0134201]],[[9.86065523,57.0134201],[9.860655,57.01342146]],[[9.860655,57.01342146],[9.86065476,57.01342282]],[[9.86065476,57.01342282],[9.86065454,57.01342418]],[[9.86065454,57.01342418],[9.86065431,57.01342555]],[[9.86065431,57.01342555],[9.86065407,57.01342691]],[[9.86065407,57.01342691],[9.86065383,57.01342827]],[[9.86065383,57.01342827],[9.8606536,57.01342963]],[[9.8606536,57.01342963],[9.86065335,57.013431]],[[9.86065335,57.013431],[9.86065311,57.01343236]],[[9.86065311,57.01343236],[9.86065288,57.01343372]],[[9.86065288,57.01343372],[9.86065262,57.01343508]],[[9.86065262,57.01343508],[9.86065239,57.01343645]],[[9.86065239,57.01343645],[9.86065214,57.01343781]],[[9.86065214,57.01343781],[9.8606519,57.01343917]],[[9.8606519,57.01343917],[9.86065165,57.01344053]],[[9.86065165,57.01344053],[9.8606514,57.0134419]],[[9.8606514,57.0134419],[9.86065114,57.01344326]],[[9.86065114,57.01344326],[9.86065089,57.01344462]],[[9.86065089,57.01344462],[9.86065064,57.01344598]],[[9.86065064,57.01344598],[9.86065039,57.01344735]],[[9.86065039,57.01344735],[9.86065012,57.0134487]],[[9.86065012,57.0134487],[9.86064987,57.01345007]],[[9.86064987,57.01345007],[9.8606496,57.01345143]],[[9.8606496,57.01345143],[9.86064935,57.01345279]],[[9.86064935,57.01345279],[9.86064908,57.01345415]],[[9.86064908,57.01345415],[9.86064881,57.01345552]],[[9.86064881,57.01345552],[9.86064854,57.01345687]],[[9.86064854,57.01345687],[9.86064827,57.01345824]],[[9.86064827,57.01345824],[9.860648,57.01345959]],[[9.860648,57.01345959],[9.86064774,57.01346096]],[[9.86064774,57.01346096],[9.86064747,57.01346232]],[[9.86064747,57.01346232],[9.86064718,57.01346368]],[[9.86064718,57.01346368],[9.86064691,57.01346504]],[[9.86064691,57.01346504],[9.86064663,57.0134664]],[[9.86064663,57.0134664],[9.86064634,57.01346776]],[[9.86064634,57.01346776],[9.86061213,57.01359299]],[[9.86061213,57.01359299],[9.86056182,57.01371659]],[[9.86056182,57.01371659],[9.86049567,57.01383795]],[[9.86049567,57.01383795],[9.86041402,57.01395647]],[[9.86041402,57.01395647],[9.86031726,57.01407156]],[[9.86031726,57.01407156],[9.86031275,57.01407645]],[[9.86031275,57.01407645],[9.8603082,57.01408133]],[[9.8603082,57.01408133],[9.86030363,57.0140862]],[[9.86030363,57.0140862],[9.86029903,57.01409107]],[[9.86029903,57.01409107],[9.86029442,57.01409593]],[[9.86029442,57.01409593],[9.86028976,57.01410079]],[[9.86028976,57.01410079],[9.8602851,57.01410563]],[[9.8602851,57.01410563],[9.86028039,57.01411046]],[[9.86028039,57.01411046],[9.86027566,57.0141153]],[[9.86027566,57.0141153],[9.86027092,57.01412013]],[[9.86027092,57.01412013],[9.86026615,57.01412494]],[[9.86026615,57.01412494],[9.86026135,57.01412975]],[[9.86026135,57.01412975],[9.86025655,57.01413456]],[[9.86025655,57.01413456],[9.8602517,57.01413936]],[[9.8602517,57.01413936],[9.86024685,57.01414415]],[[9.86024685,57.01414415],[9.86024196,57.01414893]],[[9.86024196,57.01414893],[9.86023705,57.01415371]],[[9.86023705,57.01415371],[9.86023213,57.01415848]],[[9.86023213,57.01415848],[9.86022719,57.01416324]],[[9.86022719,57.01416324],[9.86022221,57.014168]],[[9.86022221,57.014168],[9.86021722,57.01417275]],[[9.86021722,57.01417275],[9.86021222,57.0141775]],[[9.86021222,57.0141775],[9.8602072,57.01418224]],[[9.8602072,57.01418224],[9.86020216,57.01418697]],[[9.86020216,57.01418697],[9.86019709,57.01419169]],[[9.86019709,57.01419169],[9.860192,57.01419642]],[[9.860192,57.01419642],[9.86018691,57.01420114]],[[9.86018691,57.01420114],[9.86018179,57.01420585]],[[9.86018179,57.01420585],[9.86017665,57.01421055]],[[9.86017665,57.01421055],[9.8601715,57.01421525]],[[9.8601715,57.01421525],[9.86016633,57.01421995]],[[9.86016633,57.01421995],[9.86016114,57.01422463]],[[9.86016114,57.01422463],[9.86015594,57.01422932]],[[9.86015594,57.01422932],[9.86015072,57.01423399]],[[9.86015072,57.01423399],[9.8601455,57.01423867]],[[9.8601455,57.01423867],[9.86014025,57.01424334]],[[9.86014025,57.01424334],[9.86013498,57.014248]],[[9.86013498,57.014248],[9.86012971,57.01425266]],[[9.86012971,57.01425266],[9.86012443,57.01425731]],[[9.86012443,57.01425731],[9.86011911,57.01426196]],[[9.86011911,57.01426196],[9.86011379,57.0142666]],[[9.86011379,57.0142666],[9.86010847,57.01427124]],[[9.86010847,57.01427124],[9.86010312,57.01427588]],[[9.86010312,57.01427588],[9.86009777,57.01428051]],[[9.86009777,57.01428051],[9.8600924,57.01428514]],[[9.8600924,57.01428514],[9.86008702,57.01428976]],[[9.86008702,57.01428976],[9.86008163,57.01429438]],[[9.86008163,57.01429438],[9.86007623,57.014299]],[[9.86007623,57.014299],[9.86007082,57.01430361]],[[9.86007082,57.01430361],[9.8600654,57.01430822]],[[9.8600654,57.01430822],[9.86005997,57.01431282]],[[9.86005997,57.01431282],[9.86005452,57.01431742]],[[9.86005452,57.01431742],[9.86004907,57.01432202]],[[9.86004907,57.01432202],[9.86004362,57.01432661]],[[9.86004362,57.01432661],[9.86003814,57.0143312]],[[9.86003814,57.0143312],[9.86003267,57.01433579]],[[9.86003267,57.01433579],[9.86002719,57.01434038]],[[9.86002719,57.01434038],[9.86002169,57.01434496]],[[9.86002169,57.01434496],[9.86001619,57.01434954]],[[9.86001619,57.01434954],[9.86001067,57.01435412]],[[9.86001067,57.01435412],[9.86000516,57.01435869]],[[9.86000516,57.01435869],[9.85999964,57.01436326]],[[9.85999964,57.01436326],[9.85999411,57.01436784]],[[9.85999411,57.01436784],[9.85998858,57.0143724]],[[9.85998858,57.0143724],[9.85998305,57.01437697]],[[9.85998305,57.01437697],[9.8599775,57.01438154]],[[9.8599775,57.01438154],[9.85997195,57.0143861]],[[9.85997195,57.0143861],[9.85996639,57.01439066]],[[9.85996639,57.01439066],[9.85996084,57.01439522]],[[9.85996084,57.01439522],[9.85995527,57.01439978]],[[9.85995527,57.01439978],[9.85994971,57.01440434]],[[9.85994971,57.01440434],[9.85994413,57.01440889]],[[9.85994413,57.01440889],[9.85993856,57.01441345]],[[9.85993856,57.01441345],[9.85993298,57.01441799]],[[9.85993298,57.01441799],[9.8599274,57.01442255]],[[9.8599274,57.01442255],[9.85992184,57.0144271]],[[9.85992184,57.0144271],[9.85991624,57.01443165]],[[9.85991624,57.01443165],[9.85991066,57.0144362]],[[9.85991066,57.0144362],[9.85990508,57.01444075]],[[9.85990508,57.01444075],[9.8598995,57.0144453]],[[9.8598995,57.0144453],[9.8598939,57.01444985]],[[9.8598939,57.01444985],[9.85988832,57.01445439]],[[9.85988832,57.01445439],[9.85988832,57.01445439]],[[9.85988832,57.01445439],[9.85987891,57.01446206]],[[9.85987891,57.01446206],[9.85986949,57.01446972]],[[9.85986949,57.01446972],[9.8598601,57.01447739]],[[9.8598601,57.01447739],[9.85985069,57.01448505]],[[9.85985069,57.01448505],[9.85984127,57.01449271]],[[9.85984127,57.01449271],[9.85983188,57.01450037]],[[9.85983188,57.01450037],[9.85982247,57.01450804]],[[9.85982247,57.01450804],[9.85981307,57.01451571]],[[9.85981307,57.01451571],[9.85980368,57.01452336]],[[9.85980368,57.01452336],[9.85979428,57.01453103]],[[9.85979428,57.01453103],[9.8597849,57.01453871]],[[9.8597849,57.01453871],[9.85977551,57.01454638]],[[9.85977551,57.01454638],[9.85976613,57.01455404]],[[9.85976613,57.01455404],[9.85975675,57.01456172]],[[9.85975675,57.01456172],[9.85974738,57.0145694]],[[9.85974738,57.0145694],[9.85973802,57.01457707]],[[9.85973802,57.01457707],[9.85972866,57.01458476]],[[9.85972866,57.01458476],[9.85971931,57.01459243]],[[9.85971931,57.01459243],[9.85970997,57.01460012]],[[9.85970997,57.01460012],[9.85970062,57.01460781]],[[9.85970062,57.01460781],[9.85969129,57.0146155]],[[9.85969129,57.0146155],[9.85968196,57.01462319]],[[9.85968196,57.01462319],[9.85967265,57.01463089]],[[9.85967265,57.01463089],[9.85966335,57.01463858]],[[9.85966335,57.01463858],[9.85965405,57.01464629]],[[9.85965405,57.01464629],[9.85964476,57.01465399]],[[9.85964476,57.01465399],[9.85963548,57.0146617]],[[9.85963548,57.0146617],[9.85962621,57.01466942]],[[9.85962621,57.01466942],[9.85961695,57.01467713]],[[9.85961695,57.01467713],[9.8596077,57.01468485]],[[9.8596077,57.01468485],[9.85959847,57.01469257]],[[9.85959847,57.01469257],[9.85958924,57.0147003]],[[9.85958924,57.0147003],[9.85958002,57.01470803]],[[9.85958002,57.01470803],[9.85957082,57.01471577]],[[9.85957082,57.01471577],[9.85956164,57.01472351]],[[9.85956164,57.01472351],[9.85955246,57.01473126]],[[9.85955246,57.01473126],[9.8595433,57.01473901]],[[9.8595433,57.01473901],[9.85953415,57.01474677]],[[9.85953415,57.01474677],[9.85952501,57.01475452]],[[9.85952501,57.01475452],[9.8595159,57.01476229]],[[9.8595159,57.01476229],[9.8595068,57.01477006]],[[9.8595068,57.01477006],[9.85949771,57.01477784]],[[9.85949771,57.01477784],[9.85948863,57.01478562]],[[9.85948863,57.01478562],[9.85947958,57.01479341]],[[9.85947958,57.01479341],[9.85947055,57.0148012]],[[9.85947055,57.0148012],[9.85946151,57.014809]],[[9.85946151,57.014809],[9.85945251,57.0148168]],[[9.85945251,57.0148168],[9.85944353,57.01482461]],[[9.85944353,57.01482461],[9.85943456,57.01483243]],[[9.85943456,57.01483243],[9.85942561,57.01484025]],[[9.85942561,57.01484025],[9.85941667,57.01484808]],[[9.85941667,57.01484808],[9.85940775,57.01485592]],[[9.85940775,57.01485592],[9.85939887,57.01486376]],[[9.85939887,57.01486376],[9.85939,57.01487161]],[[9.85939,57.01487161],[9.85938114,57.01487947]],[[9.85938114,57.01487947],[9.85937231,57.01488733]],[[9.85937231,57.01488733],[9.8593635,57.0148952]],[[9.8593635,57.0148952],[9.85935472,57.01490308]],[[9.85935472,57.01490308],[9.85934594,57.01491097]],[[9.85934594,57.01491097],[9.85933719,57.01491886]],[[9.85933719,57.01491886],[9.85932847,57.01492676]],[[9.85932847,57.01492676],[9.85931978,57.01493467]],[[9.85931978,57.01493467],[9.85931111,57.01494259]],[[9.85931111,57.01494259],[9.85930245,57.01495051]],[[9.85930245,57.01495051],[9.85929383,57.01495843]],[[9.85929383,57.01495843],[9.85928522,57.01496638]],[[9.85928522,57.01496638],[9.85927665,57.01497433]],[[9.85927665,57.01497433],[9.85926811,57.01498228]],[[9.85926811,57.01498228],[9.85925958,57.01499025]],[[9.85925958,57.01499025],[9.85925107,57.01499822]],[[9.85925107,57.01499822],[9.85924262,57.0150062]],[[9.85924262,57.0150062],[9.85923417,57.01501419]],[[9.85923417,57.01501419],[9.85922575,57.01502219]],[[9.85922575,57.01502219],[9.85921737,57.0150302]],[[9.85921737,57.0150302],[9.85920901,57.01503821]],[[9.85920901,57.01503821],[9.85920068,57.01504623]],[[9.85920068,57.01504623],[9.85919237,57.01505427]],[[9.85919237,57.01505427],[9.85918411,57.01506232]],[[9.85918411,57.01506232],[9.85917587,57.01507036]],[[9.85917587,57.01507036],[9.85916767,57.01507843]],[[9.85916767,57.01507843],[9.85915949,57.0150865]],[[9.85915949,57.0150865],[9.85915135,57.01509458]],[[9.85915135,57.01509458],[9.85888895,57.01538049]],[[9.85888895,57.01538049],[9.85866653,57.01567632]],[[9.85866653,57.01567632],[9.85848537,57.01598041]],[[9.85848537,57.01598041],[9.85847876,57.01599319]],[[9.85847876,57.01599319],[9.85847221,57.01600598]],[[9.85847221,57.01600598],[9.85846574,57.01601877]],[[9.85846574,57.01601877],[9.85845933,57.01603159]],[[9.85845933,57.01603159],[9.85845301,57.01604441]],[[9.85845301,57.01604441],[9.85844674,57.01605724]],[[9.85844674,57.01605724],[9.85844055,57.01607008]],[[9.85844055,57.01607008],[9.85843443,57.01608294]],[[9.85843443,57.01608294],[9.85842835,57.0160958]],[[9.85842835,57.0160958],[9.85842236,57.01610867]],[[9.85842236,57.01610867],[9.85841644,57.01612155]],[[9.85841644,57.01612155],[9.85841056,57.01613444]],[[9.85841056,57.01613444],[9.85840475,57.01614733]],[[9.85840475,57.01614733],[9.85839902,57.01616024]],[[9.85839902,57.01616024],[9.85839332,57.01617316]],[[9.85839332,57.01617316],[9.85838771,57.01618607]],[[9.85838771,57.01618607],[9.85838215,57.01619901]],[[9.85838215,57.01619901],[9.85837665,57.01621194]],[[9.85837665,57.01621194],[9.8583712,57.01622488]],[[9.8583712,57.01622488],[9.8583658,57.01623784]],[[9.8583658,57.01623784],[9.85836047,57.01625079]],[[9.85836047,57.01625079],[9.8583552,57.01626375]],[[9.8583552,57.01626375],[9.85834996,57.01627672]],[[9.85834996,57.01627672],[9.8583448,57.0162897]],[[9.8583448,57.0162897],[9.85833968,57.01630269]],[[9.85833968,57.01630269],[9.8583346,57.01631568]],[[9.8583346,57.01631568],[9.8583296,57.01632867]],[[9.8583296,57.01632867],[9.85832463,57.01634167]],[[9.85832463,57.01634167],[9.85831971,57.01635468]],[[9.85831971,57.01635468],[9.85831483,57.01636768]],[[9.85831483,57.01636768],[9.85831001,57.0163807]],[[9.85831001,57.0163807],[9.85830524,57.01639372]],[[9.85830524,57.01639372],[9.85830051,57.01640675]],[[9.85830051,57.01640675],[9.85829582,57.01641978]],[[9.85829582,57.01641978],[9.85829118,57.01643282]],[[9.85829118,57.01643282],[9.85828657,57.01644586]],[[9.85828657,57.01644586],[9.85828201,57.0164589]],[[9.85828201,57.0164589],[9.85827749,57.01647195]],[[9.85827749,57.01647195],[9.85827302,57.01648501]],[[9.85827302,57.01648501],[9.85826857,57.01649806]],[[9.85826857,57.01649806],[9.85826418,57.01651112]],[[9.85826418,57.01651112],[9.85825981,57.01652419]],[[9.85825981,57.01652419],[9.85825548,57.01653726]],[[9.85825548,57.01653726],[9.85825119,57.01655033]],[[9.85825119,57.01655033],[9.85824694,57.0165634]],[[9.85824694,57.0165634],[9.85824271,57.01657648]],[[9.85824271,57.01657648],[9.85823853,57.01658957]],[[9.85823853,57.01658957],[9.85823436,57.01660265]],[[9.85823436,57.01660265],[9.85823023,57.01661573]],[[9.85823023,57.01661573],[9.85822613,57.01662882]],[[9.85822613,57.01662882],[9.85822206,57.01664192]],[[9.85822206,57.01664192],[9.85821803,57.01665502]],[[9.85821803,57.01665502],[9.85821401,57.01666812]],[[9.85821401,57.01666812],[9.85821003,57.01668121]],[[9.85821003,57.01668121],[9.85820606,57.01669432]],[[9.85820606,57.01669432],[9.85820212,57.01670743]],[[9.85820212,57.01670743],[9.8581982,57.01672053]],[[9.8581982,57.01672053],[9.85819432,57.01673364]],[[9.85819432,57.01673364],[9.85819045,57.01674675]],[[9.85819045,57.01674675],[9.8581866,57.01675986]],[[9.8581866,57.01675986],[9.85818278,57.01677298]],[[9.85818278,57.01677298],[9.85817897,57.01678609]],[[9.85817897,57.01678609],[9.85817519,57.01679921]],[[9.85817519,57.01679921],[9.8581714,57.01681233]],[[9.8581714,57.01681233],[9.85816764,57.01682545]],[[9.85816764,57.01682545],[9.85816391,57.01683857]],[[9.85816391,57.01683857],[9.85816019,57.0168517]],[[9.85816019,57.0168517],[9.85815646,57.01686482]],[[9.85815646,57.01686482],[9.85815278,57.01687795]],[[9.85815278,57.01687795],[9.85814909,57.01689107]],[[9.85814909,57.01689107],[9.8581454,57.0169042]],[[9.8581454,57.0169042],[9.85814174,57.01691733]],[[9.85814174,57.01691733],[9.85813807,57.01693046]],[[9.85813807,57.01693046],[9.85813443,57.01694359]],[[9.85813443,57.01694359],[9.8581308,57.01695672]],[[9.8581308,57.01695672],[9.85812716,57.01696985]],[[9.85812716,57.01696985],[9.85812352,57.01698298]],[[9.85812352,57.01698298],[9.8581199,57.01699611]],[[9.8581199,57.01699611],[9.85811627,57.01700925]],[[9.85811627,57.01700925],[9.85811265,57.01702238]],[[9.85811265,57.01702238],[9.85810904,57.01703551]],[[9.85810904,57.01703551],[9.85810542,57.01704864]],[[9.85810542,57.01704864],[9.85780642,57.01808585]],[[9.85780642,57.01808585],[9.85748124,57.01912072]],[[9.85748124,57.01912072],[9.85713,57.02015304]],[[9.85725927,57.01970901],[9.85730782,57.01971395]],[[9.8605149,57.0137591],[9.86056236,57.01376656]],[[9.8597485,57.0145442],[9.85978958,57.01455914]],[[9.85891361,57.0153194],[9.85895828,57.0153309]],[[9.85837008,57.01616826],[9.85841813,57.01617451]],[[9.85807925,57.01705301],[9.85812809,57.01705701]],[[9.85782503,57.01794008],[9.85787378,57.01794439]],[[9.8575517,57.01882545],[9.85760035,57.01883008]],[[9.90434698,57.09249978],[9.90576875,57.09320845]],[[9.90576875,57.09320845],[9.90721371,57.0939031]],[[9.90721371,57.0939031],[9.90868141,57.09458349]],[[9.90868141,57.09458349],[9.90869204,57.09458833]],[[9.90869204,57.09458833],[9.90870268,57.09459318]],[[9.90870268,57.09459318],[9.90871333,57.09459802]],[[9.90871333,57.09459802],[9.90872397,57.09460285]],[[9.90872397,57.09460285],[9.90873462,57.0946077]],[[9.90873462,57.0946077],[9.90874528,57.09461254]],[[9.90874528,57.09461254],[9.90875593,57.09461738]],[[9.90875593,57.09461738],[9.90876657,57.09462222]],[[9.90876657,57.09462222],[9.90877722,57.09462706]],[[9.90877722,57.09462706],[9.90878788,57.0946319]],[[9.90878788,57.0946319],[9.90879852,57.09463674]],[[9.90879852,57.09463674],[9.90880919,57.09464157]],[[9.90880919,57.09464157],[9.90881983,57.09464641]],[[9.90881983,57.09464641],[9.90883049,57.09465124]],[[9.90883049,57.09465124],[9.90884115,57.09465607]],[[9.90884115,57.09465607],[9.9088518,57.09466091]],[[9.9088518,57.09466091],[9.90886246,57.09466574]],[[9.90886246,57.09466574],[9.90887312,57.09467057]],[[9.90887312,57.09467057],[9.90888378,57.09467541]],[[9.90888378,57.09467541],[9.90889445,57.09468024]],[[9.90889445,57.09468024],[9.90890511,57.09468507]],[[9.90890511,57.09468507],[9.90891577,57.0946899]],[[9.90891577,57.0946899],[9.90892643,57.09469473]],[[9.90892643,57.09469473],[9.90893711,57.09469956]],[[9.90893711,57.09469956],[9.90894777,57.09470438]],[[9.90894777,57.09470438],[9.90895843,57.09470921]],[[9.90895843,57.09470921],[9.90896911,57.09471404]],[[9.90896911,57.09471404],[9.90897977,57.09471887]],[[9.90897977,57.09471887],[9.90899044,57.09472369]],[[9.90899044,57.09472369],[9.90900111,57.09472852]],[[9.90900111,57.09472852],[9.90901179,57.09473334]],[[9.90901179,57.09473334],[9.90902245,57.09473817]],[[9.90902245,57.09473817],[9.90903313,57.094743]],[[9.90903313,57.094743],[9.90904381,57.09474782]],[[9.90904381,57.09474782],[9.90905447,57.09475265]],[[9.90905447,57.09475265],[9.90906515,57.09475747]],[[9.90906515,57.09475747],[9.90907583,57.09476229]],[[9.90907583,57.09476229],[9.90908651,57.09476711]],[[9.90908651,57.09476711],[9.90909719,57.09477193]],[[9.90909719,57.09477193],[9.90910785,57.09477675]],[[9.90910785,57.09477675],[9.90911853,57.09478157]],[[9.90911853,57.09478157],[9.90912921,57.09478639]],[[9.90912921,57.09478639],[9.90913988,57.09479121]],[[9.90913988,57.09479121],[9.90915056,57.09479604]],[[9.90915056,57.09479604],[9.90916124,57.09480086]],[[9.90916124,57.09480086],[9.90917192,57.09480568]],[[9.90917192,57.09480568],[9.9091826,57.0948105]],[[9.9091826,57.0948105],[9.90919329,57.09481532]],[[9.90919329,57.09481532],[9.90920397,57.09482013]],[[9.90920397,57.09482013],[9.90921465,57.09482495]],[[9.90921465,57.09482495],[9.90922533,57.09482977]],[[9.90922533,57.09482977],[9.90923601,57.09483459]],[[9.90923601,57.09483459],[9.9092467,57.09483941]],[[9.9092467,57.09483941],[9.90925738,57.09484423]],[[9.90925738,57.09484423],[9.90926806,57.09484904]],[[9.90926806,57.09484904],[9.90927874,57.09485386]],[[9.90927874,57.09485386],[9.90928943,57.09485868]],[[9.90928943,57.09485868],[9.90930011,57.09486349]],[[9.90930011,57.09486349],[9.9093108,57.09486831]],[[9.9093108,57.09486831],[9.90932148,57.09487313]],[[9.90932148,57.09487313],[9.90933216,57.09487794]],[[9.90933216,57.09487794],[9.90934286,57.09488276]],[[9.90934286,57.09488276],[9.90935353,57.09488757]],[[9.90935353,57.09488757],[9.90936423,57.09489238]],[[9.90936423,57.09489238],[9.90937492,57.0948972]],[[9.90937492,57.0948972],[9.9093856,57.09490202]],[[9.9093856,57.09490202],[9.9093963,57.09490683]],[[9.9093963,57.09490683],[9.90940698,57.09491164]],[[9.90940698,57.09491164],[9.90941767,57.09491646]],[[9.90941767,57.09491646],[9.90942835,57.09492127]],[[9.90942835,57.09492127],[9.90943905,57.09492609]],[[9.90943905,57.09492609],[9.90944974,57.0949309]],[[9.90944974,57.0949309],[9.90946042,57.09493571]],[[9.90946042,57.09493571],[9.90947111,57.09494053]],[[9.90947111,57.09494053],[9.90948181,57.09494534]],[[9.90948181,57.09494534],[9.90949249,57.09495015]],[[9.90949249,57.09495015],[9.90950318,57.09495497]],[[9.90950318,57.09495497],[9.90951388,57.09495978]],[[9.90951388,57.09495978],[9.90952456,57.09496459]],[[9.90952456,57.09496459],[9.90953525,57.0949694]],[[9.90953525,57.0949694],[9.90954595,57.09497422]],[[9.90954595,57.09497422],[9.90955662,57.09497904]],[[9.90955662,57.09497904],[9.90955662,57.09497904]],[[9.90955662,57.09497904],[9.90956681,57.09498361]],[[9.90956681,57.09498361],[9.90957698,57.0949882]],[[9.90957698,57.0949882],[9.90958716,57.09499278]],[[9.90958716,57.09499278],[9.90959733,57.09499737]],[[9.90959733,57.09499737],[9.9096075,57.09500194]],[[9.9096075,57.09500194],[9.90961768,57.09500653]],[[9.90961768,57.09500653],[9.90962785,57.09501111]],[[9.90962785,57.09501111],[9.90963801,57.0950157]],[[9.90963801,57.0950157],[9.90964818,57.09502028]],[[9.90964818,57.09502028],[9.90965835,57.09502487]],[[9.90965835,57.09502487],[9.90966852,57.09502946]],[[9.90966852,57.09502946],[9.90967869,57.09503404]],[[9.90967869,57.09503404],[9.90968885,57.09503863]],[[9.90968885,57.09503863],[9.909699,57.09504322]],[[9.909699,57.09504322],[9.90970917,57.09504781]],[[9.90970917,57.09504781],[9.90971932,57.09505241]],[[9.90971932,57.09505241],[9.90972947,57.09505701]],[[9.90972947,57.09505701],[9.90973963,57.0950616]],[[9.90973963,57.0950616],[9.90974978,57.0950662]],[[9.90974978,57.0950662],[9.90975993,57.0950708]],[[9.90975993,57.0950708],[9.90977006,57.0950754]],[[9.90977006,57.0950754],[9.90978021,57.09508001]],[[9.90978021,57.09508001],[9.90979035,57.09508461]],[[9.90979035,57.09508461],[9.90980048,57.09508922]],[[9.90980048,57.09508922],[9.9098106,57.09509383]],[[9.9098106,57.09509383],[9.90982074,57.09509844]],[[9.90982074,57.09509844],[9.90983085,57.09510307]],[[9.90983085,57.09510307],[9.90984097,57.09510768]],[[9.90984097,57.09510768],[9.90985109,57.0951123]],[[9.90985109,57.0951123],[9.90986119,57.09511693]],[[9.90986119,57.09511693],[9.90987131,57.09512156]],[[9.90987131,57.09512156],[9.9098814,57.09512618]],[[9.9098814,57.09512618],[9.9098915,57.09513082]],[[9.9098915,57.09513082],[9.90990158,57.09513545]],[[9.90990158,57.09513545],[9.90991167,57.09514009]],[[9.90991167,57.09514009],[9.90992175,57.09514474]],[[9.90992175,57.09514474],[9.90993182,57.09514939]],[[9.90993182,57.09514939],[9.90994191,57.09515404]],[[9.90994191,57.09515404],[9.90995196,57.09515869]],[[9.90995196,57.09515869],[9.90996201,57.09516334]],[[9.90996201,57.09516334],[9.90997206,57.09516801]],[[9.90997206,57.09516801],[9.90998211,57.09517268]],[[9.90998211,57.09517268],[9.90999215,57.09517735]],[[9.90999215,57.09517735],[9.91000219,57.09518202]],[[9.91000219,57.09518202],[9.9100122,57.0951867]],[[9.9100122,57.0951867],[9.91002222,57.09519138]],[[9.91002222,57.09519138],[9.91003224,57.09519606]],[[9.91003224,57.09519606],[9.91004225,57.09520076]],[[9.91004225,57.09520076],[9.91005225,57.09520545]],[[9.91005225,57.09520545],[9.91006223,57.09521016]],[[9.91006223,57.09521016],[9.91007222,57.09521486]],[[9.91007222,57.09521486],[9.91008219,57.09521957]],[[9.91008219,57.09521957],[9.91009216,57.09522429]],[[9.91009216,57.09522429],[9.91010211,57.09522901]],[[9.91010211,57.09522901],[9.91011207,57.09523374]],[[9.91011207,57.09523374],[9.910122,57.09523847]],[[9.910122,57.09523847],[9.91013194,57.09524321]],[[9.91013194,57.09524321],[9.91014186,57.09524795]],[[9.91014186,57.09524795],[9.91015178,57.0952527]],[[9.91015178,57.0952527],[9.91016168,57.09525744]],[[9.91016168,57.09525744],[9.91017157,57.09526221]],[[9.91017157,57.09526221],[9.91018146,57.09526697]],[[9.91018146,57.09526697],[9.91019134,57.09527174]],[[9.91019134,57.09527174],[9.91020121,57.09527652]],[[9.91020121,57.09527652],[9.91021107,57.0952813]],[[9.91021107,57.0952813],[9.9102209,57.09528609]],[[9.9102209,57.09528609],[9.91023074,57.09529089]],[[9.91023074,57.09529089],[9.91024058,57.09529569]],[[9.91024058,57.09529569],[9.91025038,57.09530049]],[[9.91025038,57.09530049],[9.91026019,57.09530532]],[[9.91026019,57.09530532],[9.91026999,57.09531014]],[[9.91026999,57.09531014],[9.91027976,57.09531496]],[[9.91027976,57.09531496],[9.91028953,57.09531979]],[[9.91028953,57.09531979],[9.91029931,57.09532464]],[[9.91029931,57.09532464],[9.91030904,57.09532949]],[[9.91030904,57.09532949],[9.91031878,57.09533434]],[[9.91031878,57.09533434],[9.9103285,57.09533921]],[[9.9103285,57.09533921],[9.91033823,57.09534407]],[[9.91033823,57.09534407],[9.91034791,57.09534896]],[[9.91034791,57.09534896],[9.9103576,57.09535384]],[[9.9103576,57.09535384],[9.91036728,57.09535873]],[[9.91036728,57.09535873],[9.91037695,57.09536363]],[[9.91037695,57.09536363],[9.91084046,57.09561674]],[[9.91084046,57.09561674],[9.91126913,57.09588742]],[[9.91126913,57.09588742],[9.91166075,57.09617427]],[[9.91166075,57.09617427],[9.91201322,57.09647578]],[[9.91201322,57.09647578],[9.91232473,57.09679037]],[[9.91232473,57.09679037],[9.91233056,57.09679682]],[[9.91233056,57.09679682],[9.91233638,57.09680327]],[[9.91233638,57.09680327],[9.91234218,57.09680973]],[[9.91234218,57.09680973],[9.91234795,57.09681619]],[[9.91234795,57.09681619],[9.91235373,57.09682266]],[[9.91235373,57.09682266],[9.91235947,57.09682913]],[[9.91235947,57.09682913],[9.9123652,57.09683561]],[[9.9123652,57.09683561],[9.91237092,57.09684209]],[[9.91237092,57.09684209],[9.91237662,57.09684857]],[[9.91237662,57.09684857],[9.91238231,57.09685506]],[[9.91238231,57.09685506],[9.91238798,57.09686155]],[[9.91238798,57.09686155],[9.91239363,57.09686805]],[[9.91239363,57.09686805],[9.91239927,57.09687455]],[[9.91239927,57.09687455],[9.9124049,57.09688105]],[[9.9124049,57.09688105],[9.91241051,57.09688756]],[[9.91241051,57.09688756],[9.91241612,57.09689406]],[[9.91241612,57.09689406],[9.9124217,57.09690058]],[[9.9124217,57.09690058],[9.91242726,57.09690709]],[[9.91242726,57.09690709],[9.91243282,57.09691361]],[[9.91243282,57.09691361],[9.91243836,57.09692014]],[[9.91243836,57.09692014],[9.91244389,57.09692667]],[[9.91244389,57.09692667],[9.9124494,57.0969332]],[[9.9124494,57.0969332],[9.91245491,57.09693973]],[[9.91245491,57.09693973],[9.91246041,57.09694627]],[[9.91246041,57.09694627],[9.91246589,57.09695281]],[[9.91246589,57.09695281],[9.91247135,57.09695935]],[[9.91247135,57.09695935],[9.91247681,57.0969659]],[[9.91247681,57.0969659],[9.91248224,57.09697245]],[[9.91248224,57.09697245],[9.91248769,57.096979]],[[9.91248769,57.096979],[9.9124931,57.09698555]],[[9.9124931,57.09698555],[9.91249851,57.09699211]],[[9.91249851,57.09699211],[9.91250391,57.09699867]],[[9.91250391,57.09699867],[9.9125093,57.09700524]],[[9.9125093,57.09700524],[9.91251467,57.0970118]],[[9.91251467,57.0970118],[9.91252005,57.09701836]],[[9.91252005,57.09701836],[9.91252539,57.09702494]],[[9.91252539,57.09702494],[9.91253074,57.09703151]],[[9.91253074,57.09703151],[9.91253609,57.09703809]],[[9.91253609,57.09703809],[9.91254141,57.09704466]],[[9.91254141,57.09704466],[9.91254673,57.09705124]],[[9.91254673,57.09705124],[9.91255204,57.09705783]],[[9.91255204,57.09705783],[9.91255734,57.0970644]],[[9.91255734,57.0970644],[9.91256264,57.09707099]],[[9.91256264,57.09707099],[9.91256792,57.09707757]],[[9.91256792,57.09707757],[9.9125732,57.09708417]],[[9.9125732,57.09708417],[9.91257846,57.09709076]],[[9.91257846,57.09709076],[9.91258372,57.09709735]],[[9.91258372,57.09709735],[9.91258897,57.09710395]],[[9.91258897,57.09710395],[9.91259422,57.09711054]],[[9.91259422,57.09711054],[9.91259945,57.09711714]],[[9.91259945,57.09711714],[9.91260468,57.09712374]],[[9.91260468,57.09712374],[9.91260991,57.09713034]],[[9.91260991,57.09713034],[9.91261513,57.09713695]],[[9.91261513,57.09713695],[9.91262034,57.09714355]],[[9.91262034,57.09714355],[9.91262554,57.09715015]],[[9.91262554,57.09715015],[9.91263074,57.09715677]],[[9.91263074,57.09715677],[9.91263593,57.09716337]],[[9.91263593,57.09716337],[9.91264113,57.09716998]],[[9.91264113,57.09716998],[9.91264631,57.0971766]],[[9.91264631,57.0971766],[9.9126515,57.0971832]],[[9.9126515,57.0971832],[9.91265666,57.09718982]],[[9.91265666,57.09718982],[9.91266182,57.09719644]],[[9.91266182,57.09719644],[9.91266699,57.09720305]],[[9.91266699,57.09720305],[9.91267215,57.09720966]],[[9.91267215,57.09720966],[9.91267732,57.09721628]],[[9.91267732,57.09721628],[9.91268247,57.0972229]],[[9.91268247,57.0972229],[9.91268762,57.09722952]],[[9.91268762,57.09722952],[9.91269276,57.09723614]],[[9.91269276,57.09723614],[9.91269791,57.09724276]],[[9.91269791,57.09724276],[9.91270305,57.09724938]],[[9.91270305,57.09724938],[9.91270819,57.097256]],[[9.91270819,57.097256],[9.91271333,57.09726263]],[[9.91271333,57.09726263],[9.91271846,57.09726925]],[[9.91271846,57.09726925],[9.91272359,57.09727587]],[[9.91272359,57.09727587],[9.91272872,57.09728249]],[[9.91272872,57.09728249],[9.91273385,57.09728911]],[[9.91273385,57.09728911],[9.91273899,57.09729574]],[[9.91273899,57.09729574],[9.9127441,57.09730237]],[[9.9127441,57.09730237],[9.91274923,57.09730899]],[[9.91274923,57.09730899],[9.91275435,57.09731561]],[[9.91275435,57.09731561],[9.91275948,57.09732224]],[[9.91275948,57.09732224],[9.9127646,57.09732886]],[[9.9127646,57.09732886],[9.9127646,57.09732886]],[[9.9127646,57.09732886],[9.9127696,57.09733532]],[[9.9127696,57.09733532],[9.9127746,57.09734178]],[[9.9127746,57.09734178],[9.9127796,57.09734824]],[[9.9127796,57.09734824],[9.9127846,57.09735469]],[[9.9127846,57.09735469],[9.91278961,57.09736115]],[[9.91278961,57.09736115],[9.91279463,57.09736761]],[[9.91279463,57.09736761],[9.91279965,57.09737406]],[[9.91279965,57.09737406],[9.91280466,57.09738052]],[[9.91280466,57.09738052],[9.91280971,57.09738697]],[[9.91280971,57.09738697],[9.91281476,57.09739342]],[[9.91281476,57.09739342],[9.91281981,57.09739986]],[[9.91281981,57.09739986],[9.91282488,57.0974063]],[[9.91282488,57.0974063],[9.91282996,57.09741274]],[[9.91282996,57.09741274],[9.91283506,57.09741918]],[[9.91283506,57.09741918],[9.91284018,57.09742561]],[[9.91284018,57.09742561],[9.91284531,57.09743204]],[[9.91284531,57.09743204],[9.91285046,57.09743846]],[[9.91285046,57.09743846],[9.91285564,57.09744488]],[[9.91285564,57.09744488],[9.91286082,57.0974513]],[[9.91286082,57.0974513],[9.91286604,57.09745771]],[[9.91286604,57.09745771],[9.91287127,57.09746411]],[[9.91287127,57.09746411],[9.91287652,57.09747051]],[[9.91287652,57.09747051],[9.9128818,57.0974769]],[[9.9128818,57.0974769],[9.91288711,57.09748329]],[[9.91288711,57.09748329],[9.91289244,57.09748967]],[[9.91289244,57.09748967],[9.91289781,57.09749604]],[[9.91289781,57.09749604],[9.9129032,57.0975024]],[[9.9129032,57.0975024],[9.91290862,57.09750876]],[[9.91290862,57.09750876],[9.91291406,57.09751511]],[[9.91291406,57.09751511],[9.91291956,57.09752145]],[[9.91291956,57.09752145],[9.91292507,57.09752778]],[[9.91292507,57.09752778],[9.91293062,57.09753411]],[[9.91293062,57.09753411],[9.91293621,57.09754042]],[[9.91293621,57.09754042],[9.91294184,57.09754672]],[[9.91294184,57.09754672],[9.9129475,57.09755302]],[[9.9129475,57.09755302],[9.91295319,57.0975593]],[[9.91295319,57.0975593],[9.91295894,57.09756558]],[[9.91295894,57.09756558],[9.91296471,57.09757185]],[[9.91296471,57.09757185],[9.91297052,57.0975781]],[[9.91297052,57.0975781],[9.9129764,57.09758434]],[[9.9129764,57.09758434],[9.9129823,57.09759056]],[[9.9129823,57.09759056],[9.91298825,57.09759678]],[[9.91298825,57.09759678],[9.91299425,57.09760298]],[[9.91299425,57.09760298],[9.91300029,57.09760917]],[[9.91300029,57.09760917],[9.91300638,57.09761535]],[[9.91300638,57.09761535],[9.91301252,57.0976215]],[[9.91301252,57.0976215],[9.91301871,57.09762765]],[[9.91301871,57.09762765],[9.91302495,57.09763379]],[[9.91302495,57.09763379],[9.91303124,57.0976399]],[[9.91303124,57.0976399],[9.91303758,57.097646]],[[9.91303758,57.097646],[9.91304398,57.09765208]],[[9.91304398,57.09765208],[9.91305043,57.09765815]],[[9.91305043,57.09765815],[9.91305694,57.0976642]],[[9.91305694,57.0976642],[9.9130635,57.09767023]],[[9.9130635,57.09767023],[9.91307012,57.09767624]],[[9.91307012,57.09767624],[9.91307679,57.09768223]],[[9.91307679,57.09768223],[9.91308352,57.0976882]],[[9.91308352,57.0976882],[9.91309032,57.09769416]],[[9.91309032,57.09769416],[9.91309717,57.09770009]],[[9.91309717,57.09770009],[9.91310409,57.097706]],[[9.91310409,57.097706],[9.91311107,57.09771189]],[[9.91311107,57.09771189],[9.91311812,57.09771776]],[[9.91311812,57.09771776],[9.91312522,57.09772361]],[[9.91312522,57.09772361],[9.91313238,57.09772943]],[[9.91313238,57.09772943],[9.91313963,57.09773523]],[[9.91313963,57.09773523],[9.91314692,57.097741]],[[9.91314692,57.097741],[9.91315428,57.09774675]],[[9.91315428,57.09774675],[9.91316171,57.09775247]],[[9.91316171,57.09775247],[9.91316922,57.09775817]],[[9.91316922,57.09775817],[9.91317678,57.09776384]],[[9.91317678,57.09776384],[9.91318442,57.09776949]],[[9.91318442,57.09776949],[9.91319213,57.09777509]],[[9.91319213,57.09777509],[9.91319992,57.09778068]],[[9.91319992,57.09778068],[9.91320776,57.09778624]],[[9.91320776,57.09778624],[9.91321568,57.09779176]],[[9.91321568,57.09779176],[9.91322367,57.09779726]],[[9.91322367,57.09779726],[9.91323174,57.09780272]],[[9.91323174,57.09780272],[9.91323988,57.09780816]],[[9.91323988,57.09780816],[9.9132481,57.09781355]],[[9.9132481,57.09781355],[9.91325639,57.09781892]],[[9.91325639,57.09781892],[9.91326476,57.09782424]],[[9.91326476,57.09782424],[9.91327319,57.09782953]],[[9.91327319,57.09782953],[9.91336872,57.09788419]],[[9.91336872,57.09788419],[9.91347233,57.09793428]],[[9.91347233,57.09793428],[9.91358331,57.09797946]],[[9.91358331,57.09797946],[9.91370087,57.09801942]],[[9.91370087,57.09801942],[9.91382418,57.09805386]],[[9.91382418,57.09805386],[9.91395236,57.09808255]],[[9.91395236,57.09808255],[9.91409874,57.09811147]],[[9.91219648,57.096683],[9.9122403,57.09667046]],[[9.90517914,57.09293591],[9.90521249,57.09291601]],[[9.90640657,57.09353617],[9.90643937,57.09351599]],[[9.90765083,57.09412608],[9.90768305,57.09410563]],[[9.90891161,57.09470552],[9.90894325,57.09468481]],[[9.91017533,57.09528202],[9.91020821,57.09526189]],[[9.91130314,57.09593244],[9.91134207,57.0959158]],[[9.91287442,57.09750058],[9.9129194,57.09748934]],[[9.914033,57.09811282],[9.91404989,57.09808749]],[[9.85276965,57.02964412],[9.85080017,57.03285623]],[[9.85080017,57.03285623],[9.85080017,57.03285623]],[[9.85080017,57.03285623],[9.85079727,57.03286096]],[[9.85079727,57.03286096],[9.85079437,57.03286569]],[[9.85079437,57.03286569],[9.85079147,57.03287042]],[[9.85079147,57.03287042],[9.85078857,57.03287516]],[[9.85078857,57.03287516],[9.85078567,57.03287989]],[[9.85078567,57.03287989],[9.85078277,57.03288462]],[[9.85078277,57.03288462],[9.85077986,57.03288935]],[[9.85077986,57.03288935],[9.85077695,57.03289409]],[[9.85077695,57.03289409],[9.85077405,57.03289882]],[[9.85077405,57.03289882],[9.85077113,57.03290354]],[[9.85077113,57.03290354],[9.85076823,57.03290827]],[[9.85076823,57.03290827],[9.85076531,57.03291301]],[[9.85076531,57.03291301],[9.85076241,57.03291774]],[[9.85076241,57.03291774],[9.85075949,57.03292247]],[[9.85075949,57.03292247],[9.85075657,57.0329272]],[[9.85075657,57.0329272],[9.85075366,57.03293193]],[[9.85075366,57.03293193],[9.85075072,57.03293666]],[[9.85075072,57.03293666],[9.8507478,57.03294139]],[[9.8507478,57.03294139],[9.85074487,57.03294611]],[[9.85074487,57.03294611],[9.85074195,57.03295083]],[[9.85074195,57.03295083],[9.85073902,57.03295556]],[[9.85073902,57.03295556],[9.85073608,57.03296029]],[[9.85073608,57.03296029],[9.85073313,57.03296501]],[[9.85073313,57.03296501],[9.8507302,57.03296974]],[[9.8507302,57.03296974],[9.85072725,57.03297446]],[[9.85072725,57.03297446],[9.8507243,57.03297919]],[[9.8507243,57.03297919],[9.85072135,57.03298391]],[[9.85072135,57.03298391],[9.8507184,57.03298863]],[[9.8507184,57.03298863],[9.85071543,57.03299335]],[[9.85071543,57.03299335],[9.85071246,57.03299807]],[[9.85071246,57.03299807],[9.8507095,57.03300279]],[[9.8507095,57.03300279],[9.85070651,57.03300751]],[[9.85070651,57.03300751],[9.85070355,57.03301223]],[[9.85070355,57.03301223],[9.85070056,57.03301695]],[[9.85070056,57.03301695],[9.85069756,57.03302166]],[[9.85069756,57.03302166],[9.85069458,57.03302638]],[[9.85069458,57.03302638],[9.85069158,57.03303109]],[[9.85069158,57.03303109],[9.85068856,57.0330358]],[[9.85068856,57.0330358],[9.85068556,57.03304051]],[[9.85068556,57.03304051],[9.85068255,57.03304522]],[[9.85068255,57.03304522],[9.85067951,57.03304994]],[[9.85067951,57.03304994],[9.8506765,57.03305465]],[[9.8506765,57.03305465],[9.85067346,57.03305935]],[[9.85067346,57.03305935],[9.85067041,57.03306406]],[[9.85067041,57.03306406],[9.85066736,57.03306876]],[[9.85066736,57.03306876],[9.85066432,57.03307346]],[[9.85066432,57.03307346],[9.85066125,57.03307817]],[[9.85066125,57.03307817],[9.85065818,57.03308287]],[[9.85065818,57.03308287],[9.85065512,57.03308757]],[[9.85065512,57.03308757],[9.85065204,57.03309227]],[[9.85065204,57.03309227],[9.85064894,57.03309696]],[[9.85064894,57.03309696],[9.85064586,57.03310167]],[[9.85064586,57.03310167],[9.85064274,57.03310636]],[[9.85064274,57.03310636],[9.85063964,57.03311105]],[[9.85063964,57.03311105],[9.85063651,57.03311573]],[[9.85063651,57.03311573],[9.85063339,57.03312043]],[[9.85063339,57.03312043],[9.85063025,57.03312511]],[[9.85063025,57.03312511],[9.85062711,57.0331298]],[[9.85062711,57.0331298],[9.85062395,57.03313449]],[[9.85062395,57.03313449],[9.8506208,57.03313917]],[[9.8506208,57.03313917],[9.85061762,57.03314385]],[[9.85061762,57.03314385],[9.85061444,57.03314853]],[[9.85061444,57.03314853],[9.85061126,57.03315321]],[[9.85061126,57.03315321],[9.85060806,57.03315788]],[[9.85060806,57.03315788],[9.85060486,57.03316255]],[[9.85060486,57.03316255],[9.85060165,57.03316723]],[[9.85060165,57.03316723],[9.85059842,57.0331719]],[[9.85059842,57.0331719],[9.85059519,57.03317656]],[[9.85059519,57.03317656],[9.85059194,57.03318123]],[[9.85059194,57.03318123],[9.85058868,57.03318589]],[[9.85058868,57.03318589],[9.85058542,57.03319055]],[[9.85058542,57.03319055],[9.85058215,57.03319521]],[[9.85058215,57.03319521],[9.85057886,57.03319987]],[[9.85057886,57.03319987],[9.85057556,57.03320453]],[[9.85057556,57.03320453],[9.85057226,57.03320918]],[[9.85057226,57.03320918],[9.85056894,57.03321382]],[[9.85056894,57.03321382],[9.85056561,57.03321847]],[[9.85056561,57.03321847],[9.85056228,57.03322312]],[[9.85056228,57.03322312],[9.85055892,57.03322777]],[[9.85055892,57.03322777],[9.85055555,57.03323241]],[[9.85055555,57.03323241],[9.85055219,57.03323704]],[[9.85055219,57.03323704],[9.8505488,57.03324168]],[[9.8505488,57.03324168],[9.85034255,57.03349475]],[[9.85034255,57.03349475],[9.85010114,57.03373841]],[[9.85010114,57.03373841],[9.84982602,57.03397119]],[[9.84982602,57.03397119],[9.84951881,57.03419173]],[[9.84951881,57.03419173],[9.84918135,57.03439871]],[[9.84918135,57.03439871],[9.84881565,57.0345909]],[[9.84881565,57.0345909],[9.84842388,57.03476716]],[[9.84842388,57.03476716],[9.84800837,57.03492644]],[[9.84800837,57.03492644],[9.84800068,57.03492914]],[[9.84800068,57.03492914],[9.84799298,57.03493185]],[[9.84799298,57.03493185],[9.84798527,57.03493454]],[[9.84798527,57.03493454],[9.84797757,57.03493723]],[[9.84797757,57.03493723],[9.84796985,57.03493992]],[[9.84796985,57.03493992],[9.84796213,57.03494259]],[[9.84796213,57.03494259],[9.84795441,57.03494527]],[[9.84795441,57.03494527],[9.84794668,57.03494794]],[[9.84794668,57.03494794],[9.84793894,57.0349506]],[[9.84793894,57.0349506],[9.84793119,57.03495326]],[[9.84793119,57.03495326],[9.84792344,57.03495591]],[[9.84792344,57.03495591],[9.84791569,57.03495856]],[[9.84791569,57.03495856],[9.84790792,57.03496121]],[[9.84790792,57.03496121],[9.84790015,57.03496384]],[[9.84790015,57.03496384],[9.84789238,57.03496648]],[[9.84789238,57.03496648],[9.84788459,57.0349691]],[[9.84788459,57.0349691],[9.84787681,57.03497173]],[[9.84787681,57.03497173],[9.84786903,57.03497434]],[[9.84786903,57.03497434],[9.84786122,57.03497696]],[[9.84786122,57.03497696],[9.84785342,57.03497957]],[[9.84785342,57.03497957],[9.84784562,57.03498217]],[[9.84784562,57.03498217],[9.84783782,57.03498478]],[[9.84783782,57.03498478],[9.84783,57.03498737]],[[9.84783,57.03498737],[9.84782218,57.03498997]],[[9.84782218,57.03498997],[9.84781435,57.03499255]],[[9.84781435,57.03499255],[9.84780652,57.03499514]],[[9.84780652,57.03499514],[9.84779868,57.03499771]],[[9.84779868,57.03499771],[9.84779085,57.03500029]],[[9.84779085,57.03500029],[9.84778301,57.03500286]],[[9.84778301,57.03500286],[9.84777516,57.03500543]],[[9.84777516,57.03500543],[9.84776731,57.03500799]],[[9.84776731,57.03500799],[9.84775946,57.03501055]],[[9.84775946,57.03501055],[9.8477516,57.03501311]],[[9.8477516,57.03501311],[9.84774373,57.03501566]],[[9.84774373,57.03501566],[9.84773586,57.03501821]],[[9.84773586,57.03501821],[9.84772799,57.03502076]],[[9.84772799,57.03502076],[9.84772013,57.0350233]],[[9.84772013,57.0350233],[9.84771224,57.03502584]],[[9.84771224,57.03502584],[9.84770436,57.03502838]],[[9.84770436,57.03502838],[9.84769648,57.03503091]],[[9.84769648,57.03503091],[9.84768859,57.03503345]],[[9.84768859,57.03503345],[9.84768071,57.03503597]],[[9.84768071,57.03503597],[9.84767281,57.03503849]],[[9.84767281,57.03503849],[9.84766491,57.03504101]],[[9.84766491,57.03504101],[9.84765701,57.03504354]],[[9.84765701,57.03504354],[9.84764911,57.03504605]],[[9.84764911,57.03504605],[9.8476412,57.03504856]],[[9.8476412,57.03504856],[9.8476333,57.03505108]],[[9.8476333,57.03505108],[9.84762538,57.03505358]],[[9.84762538,57.03505358],[9.84761746,57.03505609]],[[9.84761746,57.03505609],[9.84760955,57.03505859]],[[9.84760955,57.03505859],[9.84760163,57.0350611]],[[9.84760163,57.0350611],[9.84759371,57.03506359]],[[9.84759371,57.03506359],[9.8475858,57.03506609]],[[9.8475858,57.03506609],[9.84757787,57.03506858]],[[9.84757787,57.03506858],[9.84756993,57.03507108]],[[9.84756993,57.03507108],[9.847562,57.03507357]],[[9.847562,57.03507357],[9.84755408,57.03507606]],[[9.84755408,57.03507606],[9.84754613,57.03507855]],[[9.84754613,57.03507855],[9.8475382,57.03508104]],[[9.8475382,57.03508104],[9.84753027,57.03508351]],[[9.84753027,57.03508351],[9.84752234,57.035086]],[[9.84752234,57.035086],[9.84751439,57.03508848]],[[9.84751439,57.03508848],[9.84750646,57.03509097]],[[9.84750646,57.03509097],[9.84749851,57.03509344]],[[9.84749851,57.03509344],[9.84749056,57.03509592]],[[9.84749056,57.03509592],[9.84748262,57.0350984]],[[9.84748262,57.0350984],[9.84747468,57.03510087]],[[9.84747468,57.03510087],[9.84746673,57.03510335]],[[9.84746673,57.03510335],[9.84745878,57.03510581]],[[9.84745878,57.03510581],[9.84745083,57.03510829]],[[9.84745083,57.03510829],[9.84744288,57.03511076]],[[9.84744288,57.03511076],[9.84743493,57.03511323]],[[9.84743493,57.03511323],[9.84742698,57.0351157]],[[9.84742698,57.0351157],[9.84741902,57.03511817]],[[9.84741902,57.03511817],[9.84741107,57.03512064]],[[9.84741107,57.03512064],[9.84740312,57.03512311]],[[9.84740312,57.03512311],[9.84739517,57.03512557]],[[9.84739517,57.03512557],[9.8473872,57.03512804]],[[9.8473872,57.03512804],[9.84737925,57.03513051]],[[9.84737925,57.03513051],[9.84737131,57.03513298]],[[9.84737131,57.03513298],[9.84736334,57.03513545]],[[9.84736334,57.03513545],[9.84736334,57.03513545]],[[9.84736334,57.03513545],[9.84735971,57.03513658]],[[9.84735971,57.03513658],[9.84735607,57.0351377]],[[9.84735607,57.0351377],[9.84735244,57.03513883]],[[9.84735244,57.03513883],[9.84734879,57.03513996]],[[9.84734879,57.03513996],[9.84734517,57.03514108]],[[9.84734517,57.03514108],[9.84734152,57.03514222]],[[9.84734152,57.03514222],[9.84733789,57.03514335]],[[9.84733789,57.03514335],[9.84733425,57.03514447]],[[9.84733425,57.03514447],[9.84733062,57.03514561]],[[9.84733062,57.03514561],[9.84732698,57.03514674]],[[9.84732698,57.03514674],[9.84732335,57.03514786]],[[9.84732335,57.03514786],[9.84731972,57.035149]],[[9.84731972,57.035149],[9.84731607,57.03515013]],[[9.84731607,57.03515013],[9.84731245,57.03515126]],[[9.84731245,57.03515126],[9.84730882,57.0351524]],[[9.84730882,57.0351524],[9.84730519,57.03515354]],[[9.84730519,57.03515354],[9.84730156,57.03515467]],[[9.84730156,57.03515467],[9.84729793,57.03515581]],[[9.84729793,57.03515581],[9.84729431,57.03515694]],[[9.84729431,57.03515694],[9.84729068,57.03515808]],[[9.84729068,57.03515808],[9.84728705,57.03515922]],[[9.84728705,57.03515922],[9.84728342,57.03516036]],[[9.84728342,57.03516036],[9.84727979,57.0351615]],[[9.84727979,57.0351615],[9.84727618,57.03516264]],[[9.84727618,57.03516264],[9.84727255,57.03516379]],[[9.84727255,57.03516379],[9.84726894,57.03516493]],[[9.84726894,57.03516493],[9.84726531,57.03516608]],[[9.84726531,57.03516608],[9.8472617,57.03516722]],[[9.8472617,57.03516722],[9.84725809,57.03516837]],[[9.84725809,57.03516837],[9.84725448,57.03516952]],[[9.84725448,57.03516952],[9.84725086,57.03517068]],[[9.84725086,57.03517068],[9.84724725,57.03517183]],[[9.84724725,57.03517183],[9.84724364,57.03517298]],[[9.84724364,57.03517298],[9.84724003,57.03517414]],[[9.84724003,57.03517414],[9.84723643,57.0351753]],[[9.84723643,57.0351753],[9.84723282,57.03517645]],[[9.84723282,57.03517645],[9.84722923,57.03517762]],[[9.84722923,57.03517762],[9.84722563,57.03517878]],[[9.84722563,57.03517878],[9.84722202,57.03517995]],[[9.84722202,57.03517995],[9.84721842,57.03518112]],[[9.84721842,57.03518112],[9.84721484,57.03518229]],[[9.84721484,57.03518229],[9.84721125,57.03518346]],[[9.84721125,57.03518346],[9.84720765,57.03518463]],[[9.84720765,57.03518463],[9.84720407,57.03518581]],[[9.84720407,57.03518581],[9.8472005,57.03518698]],[[9.8472005,57.03518698],[9.84719692,57.03518817]],[[9.84719692,57.03518817],[9.84719334,57.03518936]],[[9.84719334,57.03518936],[9.84718976,57.03519054]],[[9.84718976,57.03519054],[9.84718618,57.03519173]],[[9.84718618,57.03519173],[9.84718262,57.03519292]],[[9.84718262,57.03519292],[9.84717905,57.03519411]],[[9.84717905,57.03519411],[9.84717548,57.03519531]],[[9.84717548,57.03519531],[9.84717193,57.0351965]],[[9.84717193,57.0351965],[9.84716837,57.0351977]],[[9.84716837,57.0351977],[9.8471648,57.0351989]],[[9.8471648,57.0351989],[9.84716126,57.03520011]],[[9.84716126,57.03520011],[9.84715771,57.03520132]],[[9.84715771,57.03520132],[9.84715417,57.03520254]],[[9.84715417,57.03520254],[9.84715062,57.03520375]],[[9.84715062,57.03520375],[9.84714707,57.03520497]],[[9.84714707,57.03520497],[9.84714354,57.03520619]],[[9.84714354,57.03520619],[9.84714001,57.03520741]],[[9.84714001,57.03520741],[9.84713648,57.03520864]],[[9.84713648,57.03520864],[9.84713295,57.03520986]],[[9.84713295,57.03520986],[9.84712944,57.0352111]],[[9.84712944,57.0352111],[9.84712593,57.03521233]],[[9.84712593,57.03521233],[9.84712241,57.03521358]],[[9.84712241,57.03521358],[9.8471189,57.03521482]],[[9.8471189,57.03521482],[9.84711539,57.03521607]],[[9.84711539,57.03521607],[9.84711189,57.03521731]],[[9.84711189,57.03521731],[9.84710839,57.03521856]],[[9.84710839,57.03521856],[9.8471049,57.03521982]],[[9.8471049,57.03521982],[9.84710142,57.03522109]],[[9.84710142,57.03522109],[9.84709794,57.03522235]],[[9.84709794,57.03522235],[9.84709445,57.03522361]],[[9.84709445,57.03522361],[9.84709097,57.03522488]],[[9.84709097,57.03522488],[9.84708751,57.03522616]],[[9.84708751,57.03522616],[9.84708405,57.03522744]],[[9.84708405,57.03522744],[9.84708058,57.03522872]],[[9.84708058,57.03522872],[9.84707712,57.03523001]],[[9.84707712,57.03523001],[9.84707367,57.0352313]],[[9.84707367,57.0352313],[9.84707022,57.03523259]],[[9.84707022,57.03523259],[9.84693678,57.03528748]],[[9.84693678,57.03528748],[9.84681232,57.03534832]],[[9.84681232,57.03534832],[9.84669774,57.03541468]],[[9.84669774,57.03541468],[9.84659385,57.03548608]],[[9.84659385,57.03548608],[9.8465014,57.03556201]],[[9.8465014,57.03556201],[9.84642105,57.03564192]],[[9.84642105,57.03564192],[9.84635336,57.03572525]],[[9.84635336,57.03572525],[9.84629883,57.0358114]],[[9.84629883,57.0358114],[9.84629765,57.03581359]],[[9.84629765,57.03581359],[9.84629645,57.03581578]],[[9.84629645,57.03581578],[9.84629527,57.03581797]],[[9.84629527,57.03581797],[9.84629411,57.03582016]],[[9.84629411,57.03582016],[9.84629295,57.03582235]],[[9.84629295,57.03582235],[9.84629181,57.03582455]],[[9.84629181,57.03582455],[9.84629066,57.03582674]],[[9.84629066,57.03582674],[9.84628953,57.03582894]],[[9.84628953,57.03582894],[9.8462884,57.03583114]],[[9.8462884,57.03583114],[9.84628727,57.03583334]],[[9.84628727,57.03583334],[9.84628616,57.03583554]],[[9.84628616,57.03583554],[9.84628506,57.03583773]],[[9.84628506,57.03583773],[9.84628397,57.03583993]],[[9.84628397,57.03583993],[9.84628287,57.03584214]],[[9.84628287,57.03584214],[9.84628179,57.03584434]],[[9.84628179,57.03584434],[9.84628071,57.03584655]],[[9.84628071,57.03584655],[9.84627963,57.03584876]],[[9.84627963,57.03584876],[9.84627857,57.03585096]],[[9.84627857,57.03585096],[9.84627752,57.03585317]],[[9.84627752,57.03585317],[9.84627648,57.03585538]],[[9.84627648,57.03585538],[9.84627543,57.03585759]],[[9.84627543,57.03585759],[9.8462744,57.03585979]],[[9.8462744,57.03585979],[9.84627337,57.03586201]],[[9.84627337,57.03586201],[9.84627234,57.03586422]],[[9.84627234,57.03586422],[9.84627132,57.03586644]],[[9.84627132,57.03586644],[9.84627031,57.03586864]],[[9.84627031,57.03586864],[9.8462693,57.03587086]],[[9.8462693,57.03587086],[9.8462683,57.03587308]],[[9.8462683,57.03587308],[9.8462673,57.03587529]],[[9.8462673,57.03587529],[9.84626632,57.03587751]],[[9.84626632,57.03587751],[9.84626532,57.03587973]],[[9.84626532,57.03587973],[9.84626434,57.03588194]],[[9.84626434,57.03588194],[9.84626338,57.03588416]],[[9.84626338,57.03588416],[9.84626241,57.03588639]],[[9.84626241,57.03588639],[9.84626145,57.0358886]],[[9.84626145,57.0358886],[9.84626048,57.03589082]],[[9.84626048,57.03589082],[9.84625954,57.03589305]],[[9.84625954,57.03589305],[9.84625859,57.03589526]],[[9.84625859,57.03589526],[9.84625764,57.03589749]],[[9.84625764,57.03589749],[9.84625669,57.03589972]],[[9.84625669,57.03589972],[9.84625576,57.03590194]],[[9.84625576,57.03590194],[9.84625483,57.03590416]],[[9.84625483,57.03590416],[9.84625391,57.03590638]],[[9.84625391,57.03590638],[9.84625298,57.03590861]],[[9.84625298,57.03590861],[9.84625207,57.03591084]],[[9.84625207,57.03591084],[9.84625115,57.03591306]],[[9.84625115,57.03591306],[9.84625024,57.03591529]],[[9.84625024,57.03591529],[9.84624934,57.03591751]],[[9.84624934,57.03591751],[9.84624842,57.03591975]],[[9.84624842,57.03591975],[9.84624752,57.03592197]],[[9.84624752,57.03592197],[9.84624663,57.0359242]],[[9.84624663,57.0359242],[9.84624574,57.03592644]],[[9.84624574,57.03592644],[9.84624484,57.03592866]],[[9.84624484,57.03592866],[9.84624396,57.03593089]],[[9.84624396,57.03593089],[9.84624308,57.03593312]],[[9.84624308,57.03593312],[9.8462422,57.03593535]],[[9.8462422,57.03593535],[9.84624132,57.03593758]],[[9.84624132,57.03593758],[9.84624043,57.03593981]],[[9.84624043,57.03593981],[9.84623957,57.03594204]],[[9.84623957,57.03594204],[9.8462387,57.03594428]],[[9.8462387,57.03594428],[9.84623782,57.03594651]],[[9.84623782,57.03594651],[9.84623695,57.03594874]],[[9.84623695,57.03594874],[9.84623609,57.03595098]],[[9.84623609,57.03595098],[9.84623524,57.0359532]],[[9.84623524,57.0359532],[9.84623437,57.03595544]],[[9.84623437,57.03595544],[9.84623351,57.03595767]],[[9.84623351,57.03595767],[9.84623266,57.03595991]],[[9.84623266,57.03595991],[9.84623181,57.03596213]],[[9.84623181,57.03596213],[9.84623094,57.03596437]],[[9.84623094,57.03596437],[9.84623009,57.0359666]],[[9.84623009,57.0359666],[9.84622925,57.03596884]],[[9.84622925,57.03596884],[9.8462284,57.03597107]],[[9.8462284,57.03597107],[9.84622755,57.03597331]],[[9.84622755,57.03597331],[9.8462267,57.03597554]],[[9.8462267,57.03597554],[9.84622585,57.03597778]],[[9.84622585,57.03597778],[9.846225,57.03598]],[[9.846225,57.03598],[9.84622415,57.03598224]],[[9.84622415,57.03598224],[9.84622332,57.03598447]],[[9.84622332,57.03598447],[9.84622247,57.03598671]],[[9.84622247,57.03598671],[9.84622162,57.03598894]],[[9.84622162,57.03598894],[9.84622079,57.03599118]],[[9.84622079,57.03599118],[9.84621994,57.03599341]],[[9.84621994,57.03599341],[9.84598121,57.03662521]],[[9.84612228,57.0361851],[9.84617068,57.03619054]],[[9.85243272,57.03015118],[9.85247959,57.03015972]],[[9.85191056,57.03100284],[9.85195741,57.03101138]],[[9.85138835,57.03185451],[9.85143522,57.03186305]],[[9.85086614,57.03270618],[9.850913,57.03271472]],[[9.85027276,57.03354058],[9.85031674,57.03355285]],[[9.84935149,57.03427807],[9.84938854,57.0342959]],[[9.84812416,57.03486836],[9.84815197,57.03489062]],[[9.84674987,57.03536351],[9.8467855,57.03538218]],[[9.85895619,57.00620042],[9.8589439,57.00665103]],[[9.8589439,57.00665103],[9.85892803,57.0071016]],[[9.85892803,57.0071016],[9.85890858,57.00755214]],[[9.85890858,57.00755214],[9.85890822,57.00755988]],[[9.85890822,57.00755988],[9.85890785,57.00756763]],[[9.85890785,57.00756763],[9.85890749,57.00757537]],[[9.85890749,57.00757537],[9.85890711,57.00758311]],[[9.85890711,57.00758311],[9.85890674,57.00759086]],[[9.85890674,57.00759086],[9.85890638,57.0075986]],[[9.85890638,57.0075986],[9.858906,57.00760634]],[[9.858906,57.00760634],[9.85890563,57.00761409]],[[9.85890563,57.00761409],[9.85890525,57.00762183]],[[9.85890525,57.00762183],[9.85890488,57.00762957]],[[9.85890488,57.00762957],[9.8589045,57.00763732]],[[9.8589045,57.00763732],[9.85890413,57.00764506]],[[9.85890413,57.00764506],[9.85890376,57.0076528]],[[9.85890376,57.0076528],[9.85890338,57.00766055]],[[9.85890338,57.00766055],[9.85890299,57.00766829]],[[9.85890299,57.00766829],[9.85890261,57.00767603]],[[9.85890261,57.00767603],[9.85890222,57.00768378]],[[9.85890222,57.00768378],[9.85890185,57.00769152]],[[9.85890185,57.00769152],[9.85890146,57.00769926]],[[9.85890146,57.00769926],[9.85890108,57.007707]],[[9.85890108,57.007707],[9.85890069,57.00771475]],[[9.85890069,57.00771475],[9.8589003,57.00772249]],[[9.8589003,57.00772249],[9.85889991,57.00773023]],[[9.85889991,57.00773023],[9.85889952,57.00773798]],[[9.85889952,57.00773798],[9.85889912,57.00774572]],[[9.85889912,57.00774572],[9.85889873,57.00775346]],[[9.85889873,57.00775346],[9.85889834,57.0077612]],[[9.85889834,57.0077612],[9.85889793,57.00776895]],[[9.85889793,57.00776895],[9.85889754,57.00777669]],[[9.85889754,57.00777669],[9.85889713,57.00778443]],[[9.85889713,57.00778443],[9.85889674,57.00779218]],[[9.85889674,57.00779218],[9.85889633,57.00779992]],[[9.85889633,57.00779992],[9.85889594,57.00780766]],[[9.85889594,57.00780766],[9.85889554,57.0078154]],[[9.85889554,57.0078154],[9.85889513,57.00782315]],[[9.85889513,57.00782315],[9.85889472,57.00783089]],[[9.85889472,57.00783089],[9.85889431,57.00783863]],[[9.85889431,57.00783863],[9.8588939,57.00784638]],[[9.8588939,57.00784638],[9.8588935,57.00785412]],[[9.8588935,57.00785412],[9.85889309,57.00786186]],[[9.85889309,57.00786186],[9.85889268,57.0078696]],[[9.85889268,57.0078696],[9.85889226,57.00787735]],[[9.85889226,57.00787735],[9.85889185,57.00788509]],[[9.85889185,57.00788509],[9.85889144,57.00789283]],[[9.85889144,57.00789283],[9.85889102,57.00790057]],[[9.85889102,57.00790057],[9.85889061,57.00790832]],[[9.85889061,57.00790832],[9.85889018,57.00791606]],[[9.85889018,57.00791606],[9.85888976,57.0079238]],[[9.85888976,57.0079238],[9.85888934,57.00793154]],[[9.85888934,57.00793154],[9.85888891,57.00793929]],[[9.85888891,57.00793929],[9.8588885,57.00794703]],[[9.8588885,57.00794703],[9.85888808,57.00795477]],[[9.85888808,57.00795477],[9.85888764,57.00796251]],[[9.85888764,57.00796251],[9.85888721,57.00797026]],[[9.85888721,57.00797026],[9.85888679,57.007978]],[[9.85888679,57.007978],[9.85888637,57.00798574]],[[9.85888637,57.00798574],[9.85888592,57.00799348]],[[9.85888592,57.00799348],[9.8588855,57.00800122]],[[9.8588855,57.00800122],[9.85888506,57.00800897]],[[9.85888506,57.00800897],[9.85888462,57.00801671]],[[9.85888462,57.00801671],[9.85888419,57.00802445]],[[9.85888419,57.00802445],[9.85888375,57.00803219]],[[9.85888375,57.00803219],[9.85888331,57.00803994]],[[9.85888331,57.00803994],[9.85888287,57.00804768]],[[9.85888287,57.00804768],[9.85888243,57.00805542]],[[9.85888243,57.00805542],[9.85888197,57.00806316]],[[9.85888197,57.00806316],[9.85888153,57.0080709]],[[9.85888153,57.0080709],[9.85888109,57.00807865]],[[9.85888109,57.00807865],[9.85888063,57.00808639]],[[9.85888063,57.00808639],[9.85888018,57.00809413]],[[9.85888018,57.00809413],[9.85887974,57.00810187]],[[9.85887974,57.00810187],[9.85887928,57.00810961]],[[9.85887928,57.00810961],[9.85887882,57.00811736]],[[9.85887882,57.00811736],[9.85887837,57.0081251]],[[9.85887837,57.0081251],[9.85887791,57.00813284]],[[9.85887791,57.00813284],[9.85887745,57.00814058]],[[9.85887745,57.00814058],[9.85887699,57.00814832]],[[9.85887699,57.00814832],[9.85887654,57.00815606]],[[9.85887654,57.00815606],[9.85887606,57.00816381]],[[9.85887606,57.00816381],[9.85887561,57.00817155]],[[9.85887561,57.00817155],[9.85887515,57.00817929]],[[9.85887515,57.00817929],[9.85887467,57.00818703]],[[9.85887467,57.00818703],[9.8588497,57.00857128]],[[9.8588497,57.00857128],[9.85882119,57.00895546]],[[9.85882119,57.00895546],[9.85878913,57.00933956]],[[9.85878913,57.00933956],[9.85878802,57.00935207]],[[9.85878802,57.00935207],[9.85878691,57.0093646]],[[9.85878691,57.0093646],[9.8587858,57.00937713]],[[9.8587858,57.00937713],[9.85878468,57.00938964]],[[9.85878468,57.00938964],[9.85878355,57.00940217]],[[9.85878355,57.00940217],[9.85878241,57.0094147]],[[9.85878241,57.0094147],[9.85878126,57.00942721]],[[9.85878126,57.00942721],[9.85878011,57.00943974]],[[9.85878011,57.00943974],[9.85877895,57.00945226]],[[9.85877895,57.00945226],[9.85877778,57.00946478]],[[9.85877778,57.00946478],[9.8587766,57.0094773]],[[9.8587766,57.0094773],[9.8587754,57.00948982]],[[9.8587754,57.00948982],[9.85877418,57.00950234]],[[9.85877418,57.00950234],[9.85877295,57.00951487]],[[9.85877295,57.00951487],[9.85877171,57.00952738]],[[9.85877171,57.00952738],[9.85877047,57.0095399]],[[9.85877047,57.0095399],[9.85876918,57.00955242]],[[9.85876918,57.00955242],[9.8587679,57.00956493]],[[9.8587679,57.00956493],[9.85876659,57.00957745]],[[9.85876659,57.00957745],[9.85876527,57.00958998]],[[9.85876527,57.00958998],[9.85876392,57.00960248]],[[9.85876392,57.00960248],[9.85876256,57.009615]],[[9.85876256,57.009615],[9.85876118,57.00962752]],[[9.85876118,57.00962752],[9.85875977,57.00964003]],[[9.85875977,57.00964003],[9.85875834,57.00965255]],[[9.85875834,57.00965255],[9.85875689,57.00966506]],[[9.85875689,57.00966506],[9.85875541,57.00967757]],[[9.85875541,57.00967757],[9.85875391,57.00969008]],[[9.85875391,57.00969008],[9.85875239,57.00970259]],[[9.85875239,57.00970259],[9.85875084,57.0097151]],[[9.85875084,57.0097151],[9.85874926,57.00972761]],[[9.85874926,57.00972761],[9.85874765,57.00974011]],[[9.85874765,57.00974011],[9.85874601,57.00975262]],[[9.85874601,57.00975262],[9.85874435,57.00976513]],[[9.85874435,57.00976513],[9.85874265,57.00977763]],[[9.85874265,57.00977763],[9.85874093,57.00979013]],[[9.85874093,57.00979013],[9.85873917,57.00980263]],[[9.85873917,57.00980263],[9.85873738,57.00981514]],[[9.85873738,57.00981514],[9.85873555,57.00982764]],[[9.85873555,57.00982764],[9.85873369,57.00984013]],[[9.85873369,57.00984013],[9.8587318,57.00985262]],[[9.8587318,57.00985262],[9.85872988,57.00986512]],[[9.85872988,57.00986512],[9.85872791,57.00987761]],[[9.85872791,57.00987761],[9.85872592,57.0098901]],[[9.85872592,57.0098901],[9.85872388,57.00990259]],[[9.85872388,57.00990259],[9.85872179,57.00991508]],[[9.85872179,57.00991508],[9.85871968,57.00992756]],[[9.85871968,57.00992756],[9.85871751,57.00994004]],[[9.85871751,57.00994004],[9.85871533,57.00995252]],[[9.85871533,57.00995252],[9.85871307,57.009965]],[[9.85871307,57.009965],[9.8587108,57.00997748]],[[9.8587108,57.00997748],[9.85870847,57.00998995]],[[9.85870847,57.00998995],[9.8587061,57.01000242]],[[9.8587061,57.01000242],[9.85870368,57.01001489]],[[9.85870368,57.01001489],[9.85870123,57.01002735]],[[9.85870123,57.01002735],[9.85869872,57.01003982]],[[9.85869872,57.01003982],[9.85869617,57.01005227]],[[9.85869617,57.01005227],[9.85869357,57.01006473]],[[9.85869357,57.01006473],[9.85869092,57.01007719]],[[9.85869092,57.01007719],[9.85868822,57.01008964]],[[9.85868822,57.01008964],[9.85868548,57.01010208]],[[9.85868548,57.01010208],[9.85868266,57.01011453]],[[9.85868266,57.01011453],[9.85867982,57.01012697]],[[9.85867982,57.01012697],[9.85867691,57.01013941]],[[9.85867691,57.01013941],[9.85867396,57.01015185]],[[9.85867396,57.01015185],[9.85867095,57.01016427]],[[9.85867095,57.01016427],[9.85866788,57.0101767]],[[9.85866788,57.0101767],[9.85866477,57.01018912]],[[9.85866477,57.01018912],[9.85866158,57.01020154]],[[9.85866158,57.01020154],[9.85865836,57.01021395]],[[9.85865836,57.01021395],[9.85865507,57.01022636]],[[9.85865507,57.01022636],[9.85865171,57.01023877]],[[9.85865171,57.01023877],[9.85864831,57.01025116]],[[9.85864831,57.01025116],[9.85864483,57.01026355]],[[9.85864483,57.01026355],[9.8586413,57.01027594]],[[9.8586413,57.01027594],[9.85863771,57.01028833]],[[9.85863771,57.01028833],[9.85863406,57.01030071]],[[9.85863406,57.01030071],[9.85863034,57.01031308]],[[9.85863034,57.01031308],[9.85862656,57.01032545]],[[9.85862656,57.01032545],[9.85862273,57.01033781]],[[9.85862273,57.01033781],[9.85861881,57.01035016]],[[9.85861881,57.01035016],[9.85861483,57.01036251]],[[9.85861483,57.01036251],[9.85849932,57.0106573]],[[9.85849932,57.0106573],[9.85834591,57.0109469]],[[9.85834591,57.0109469],[9.85815541,57.01122987]],[[9.85815541,57.01122987],[9.85792874,57.01150479]],[[9.85792874,57.01150479],[9.85792126,57.01151306]],[[9.85792126,57.01151306],[9.85791374,57.01152133]],[[9.85791374,57.01152133],[9.85790616,57.01152957]],[[9.85790616,57.01152957],[9.85789858,57.01153781]],[[9.85789858,57.01153781],[9.85789097,57.01154605]],[[9.85789097,57.01154605],[9.85788332,57.01155427]],[[9.85788332,57.01155427],[9.85787564,57.01156248]],[[9.85787564,57.01156248],[9.85786794,57.01157069]],[[9.85786794,57.01157069],[9.8578602,57.01157889]],[[9.8578602,57.01157889],[9.85785243,57.01158708]],[[9.85785243,57.01158708],[9.85784463,57.01159527]],[[9.85784463,57.01159527],[9.85783682,57.01160344]],[[9.85783682,57.01160344],[9.85782895,57.01161161]],[[9.85782895,57.01161161],[9.85782108,57.01161977]],[[9.85782108,57.01161977],[9.85781317,57.01162792]],[[9.85781317,57.01162792],[9.85780524,57.01163607]],[[9.85780524,57.01163607],[9.85779729,57.0116442]],[[9.85779729,57.0116442],[9.85778931,57.01165233]],[[9.85778931,57.01165233],[9.85778129,57.01166045]],[[9.85778129,57.01166045],[9.85777326,57.01166857]],[[9.85777326,57.01166857],[9.8577652,57.01167667]],[[9.8577652,57.01167667],[9.85775712,57.01168477]],[[9.85775712,57.01168477],[9.85774902,57.01169287]],[[9.85774902,57.01169287],[9.85774089,57.01170096]],[[9.85774089,57.01170096],[9.85773274,57.01170903]],[[9.85773274,57.01170903],[9.85772457,57.0117171]],[[9.85772457,57.0117171],[9.85771637,57.01172517]],[[9.85771637,57.01172517],[9.85770816,57.01173323]],[[9.85770816,57.01173323],[9.85769991,57.01174128]],[[9.85769991,57.01174128],[9.85769167,57.01174933]],[[9.85769167,57.01174933],[9.85768339,57.01175737]],[[9.85768339,57.01175737],[9.85767508,57.0117654]],[[9.85767508,57.0117654],[9.85766677,57.01177343]],[[9.85766677,57.01177343],[9.85765845,57.01178146]],[[9.85765845,57.01178146],[9.85765009,57.01178948]],[[9.85765009,57.01178948],[9.85764171,57.01179749]],[[9.85764171,57.01179749],[9.85763332,57.01180549]],[[9.85763332,57.01180549],[9.85762491,57.01181349]],[[9.85762491,57.01181349],[9.85761648,57.01182149]],[[9.85761648,57.01182149],[9.85760804,57.01182948]],[[9.85760804,57.01182948],[9.85759958,57.01183746]],[[9.85759958,57.01183746],[9.85759111,57.01184545]],[[9.85759111,57.01184545],[9.85758263,57.01185342]],[[9.85758263,57.01185342],[9.85757413,57.01186138]],[[9.85757413,57.01186138],[9.8575656,57.01186935]],[[9.8575656,57.01186935],[9.85755708,57.01187731]],[[9.85755708,57.01187731],[9.85754852,57.01188527]],[[9.85754852,57.01188527],[9.85753996,57.01189322]],[[9.85753996,57.01189322],[9.85753139,57.01190117]],[[9.85753139,57.01190117],[9.8575228,57.01190912]],[[9.8575228,57.01190912],[9.85751421,57.01191705]],[[9.85751421,57.01191705],[9.8575056,57.01192499]],[[9.8575056,57.01192499],[9.85749698,57.01193292]],[[9.85749698,57.01193292],[9.85748834,57.01194085]],[[9.85748834,57.01194085],[9.8574797,57.01194878]],[[9.8574797,57.01194878],[9.85747105,57.0119567]],[[9.85747105,57.0119567],[9.85746238,57.01196462]],[[9.85746238,57.01196462],[9.8574537,57.01197254]],[[9.8574537,57.01197254],[9.85744503,57.01198045]],[[9.85744503,57.01198045],[9.85743633,57.01198836]],[[9.85743633,57.01198836],[9.85742764,57.01199627]],[[9.85742764,57.01199627],[9.85741893,57.01200417]],[[9.85741893,57.01200417],[9.85741021,57.01201207]],[[9.85741021,57.01201207],[9.85740149,57.01201997]],[[9.85740149,57.01201997],[9.85739275,57.01202787]],[[9.85739275,57.01202787],[9.85738403,57.01203576]],[[9.85738403,57.01203576],[9.85737528,57.01204366]],[[9.85737528,57.01204366],[9.85736654,57.01205154]],[[9.85736654,57.01205154],[9.85735779,57.01205944]],[[9.85735779,57.01205944],[9.85734901,57.01206733]],[[9.85734901,57.01206733],[9.85734026,57.01207521]],[[9.85734026,57.01207521],[9.85733149,57.01208309]],[[9.85733149,57.01208309],[9.85732272,57.01209098]],[[9.85732272,57.01209098],[9.85731395,57.01209886]],[[9.85731395,57.01209886],[9.85730518,57.01210675]],[[9.85730518,57.01210675],[9.85729639,57.01211462]],[[9.85729639,57.01211462],[9.8572876,57.0121225]],[[9.8572876,57.0121225],[9.85727883,57.01213039]],[[9.85727883,57.01213039],[9.85727004,57.01213826]],[[9.85727004,57.01213826],[9.85726126,57.01214614]],[[9.85726126,57.01214614],[9.85725247,57.01215402]],[[9.85725247,57.01215402],[9.85724368,57.01216189]],[[9.85724368,57.01216189],[9.85724368,57.01216189]],[[9.85724368,57.01216189],[9.85723846,57.01216658]],[[9.85723846,57.01216658],[9.85723324,57.01217125]],[[9.85723324,57.01217125],[9.85722802,57.01217593]],[[9.85722802,57.01217593],[9.85722281,57.01218061]],[[9.85722281,57.01218061],[9.8572176,57.01218528]],[[9.8572176,57.01218528],[9.85721238,57.01218997]],[[9.85721238,57.01218997],[9.85720716,57.01219465]],[[9.85720716,57.01219465],[9.85720196,57.01219933]],[[9.85720196,57.01219933],[9.85719676,57.01220401]],[[9.85719676,57.01220401],[9.85719155,57.01220869]],[[9.85719155,57.01220869],[9.85718635,57.01221337]],[[9.85718635,57.01221337],[9.85718115,57.01221806]],[[9.85718115,57.01221806],[9.85717596,57.01222275]],[[9.85717596,57.01222275],[9.85717077,57.01222743]],[[9.85717077,57.01222743],[9.85716559,57.01223212]],[[9.85716559,57.01223212],[9.8571604,57.01223681]],[[9.8571604,57.01223681],[9.85715523,57.0122415]],[[9.85715523,57.0122415],[9.85715006,57.0122462]],[[9.85715006,57.0122462],[9.85714491,57.01225089]],[[9.85714491,57.01225089],[9.85713975,57.01225559]],[[9.85713975,57.01225559],[9.8571346,57.01226029]],[[9.8571346,57.01226029],[9.85712945,57.01226499]],[[9.85712945,57.01226499],[9.85712431,57.0122697]],[[9.85712431,57.0122697],[9.85711919,57.0122744]],[[9.85711919,57.0122744],[9.85711407,57.01227911]],[[9.85711407,57.01227911],[9.85710895,57.01228382]],[[9.85710895,57.01228382],[9.85710384,57.01228853]],[[9.85710384,57.01228853],[9.85709875,57.01229325]],[[9.85709875,57.01229325],[9.85709367,57.01229798]],[[9.85709367,57.01229798],[9.85708858,57.01230269]],[[9.85708858,57.01230269],[9.85708351,57.01230742]],[[9.85708351,57.01230742],[9.85707845,57.01231215]],[[9.85707845,57.01231215],[9.8570734,57.01231688]],[[9.8570734,57.01231688],[9.85706837,57.01232162]],[[9.85706837,57.01232162],[9.85706334,57.01232636]],[[9.85706334,57.01232636],[9.85705833,57.0123311]],[[9.85705833,57.0123311],[9.85705332,57.01233584]],[[9.85705332,57.01233584],[9.85704833,57.0123406]],[[9.85704833,57.0123406],[9.85704334,57.01234535]],[[9.85704334,57.01234535],[9.85703839,57.01235012]],[[9.85703839,57.01235012],[9.85703343,57.01235487]],[[9.85703343,57.01235487],[9.85702849,57.01235964]],[[9.85702849,57.01235964],[9.85702355,57.01236441]],[[9.85702355,57.01236441],[9.85701864,57.01236918]],[[9.85701864,57.01236918],[9.85701375,57.01237396]],[[9.85701375,57.01237396],[9.85700886,57.01237875]],[[9.85700886,57.01237875],[9.85700399,57.01238354]],[[9.85700399,57.01238354],[9.85699915,57.01238833]],[[9.85699915,57.01238833],[9.85699431,57.01239312]],[[9.85699431,57.01239312],[9.85698948,57.01239793]],[[9.85698948,57.01239793],[9.85698467,57.01240274]],[[9.85698467,57.01240274],[9.85697988,57.01240755]],[[9.85697988,57.01240755],[9.85697512,57.01241236]],[[9.85697512,57.01241236],[9.85697036,57.01241719]],[[9.85697036,57.01241719],[9.85696562,57.01242202]],[[9.85696562,57.01242202],[9.85696091,57.01242685]],[[9.85696091,57.01242685],[9.8569562,57.01243169]],[[9.8569562,57.01243169],[9.85695152,57.01243653]],[[9.85695152,57.01243653],[9.85694686,57.01244138]],[[9.85694686,57.01244138],[9.85694222,57.01244624]],[[9.85694222,57.01244624],[9.85693759,57.0124511]],[[9.85693759,57.0124511],[9.856933,57.01245596]],[[9.856933,57.01245596],[9.85692842,57.01246083]],[[9.85692842,57.01246083],[9.85692386,57.01246571]],[[9.85692386,57.01246571],[9.85691931,57.01247059]],[[9.85691931,57.01247059],[9.8569148,57.01247548]],[[9.8569148,57.01247548],[9.8569103,57.01248038]],[[9.8569103,57.01248038],[9.85690582,57.01248528]],[[9.85690582,57.01248528],[9.85690137,57.01249018]],[[9.85690137,57.01249018],[9.85689694,57.0124951]],[[9.85689694,57.0124951],[9.85689253,57.01250002]],[[9.85689253,57.01250002],[9.85688815,57.01250495]],[[9.85688815,57.01250495],[9.8568838,57.01250988]],[[9.8568838,57.01250988],[9.85687947,57.01251482]],[[9.85687947,57.01251482],[9.85687515,57.01251977]],[[9.85687515,57.01251977],[9.85687087,57.01252472]],[[9.85687087,57.01252472],[9.85686662,57.01252967]],[[9.85686662,57.01252967],[9.85686239,57.01253464]],[[9.85686239,57.01253464],[9.85685819,57.01253961]],[[9.85685819,57.01253961],[9.85685401,57.01254459]],[[9.85685401,57.01254459],[9.85684985,57.01254958]],[[9.85684985,57.01254958],[9.85684574,57.01255457]],[[9.85684574,57.01255457],[9.85675084,57.01268303]],[[9.85675084,57.01268303],[9.85667437,57.01281508]],[[9.85667437,57.01281508],[9.85661676,57.01294997]],[[9.85661676,57.01294997],[9.85657839,57.01308687]],[[9.85657839,57.01308687],[9.8565781,57.01308823]],[[9.8565781,57.01308823],[9.85657782,57.01308959]],[[9.85657782,57.01308959],[9.85657755,57.01309095]],[[9.85657755,57.01309095],[9.85657727,57.01309231]],[[9.85657727,57.01309231],[9.856577,57.01309367]],[[9.856577,57.01309367],[9.85657673,57.01309503]],[[9.85657673,57.01309503],[9.85657644,57.01309639]],[[9.85657644,57.01309639],[9.85657618,57.01309775]],[[9.85657618,57.01309775],[9.85657591,57.01309911]],[[9.85657591,57.01309911],[9.85657564,57.01310047]],[[9.85657564,57.01310047],[9.85657537,57.01310184]],[[9.85657537,57.01310184],[9.85657512,57.01310319]],[[9.85657512,57.01310319],[9.85657485,57.01310456]],[[9.85657485,57.01310456],[9.8565746,57.01310592]],[[9.8565746,57.01310592],[9.85657433,57.01310728]],[[9.85657433,57.01310728],[9.85657408,57.01310864]],[[9.85657408,57.01310864],[9.85657382,57.01311001]],[[9.85657382,57.01311001],[9.85657357,57.01311136]],[[9.85657357,57.01311136],[9.8565733,57.01311273]],[[9.8565733,57.01311273],[9.85657307,57.01311409]],[[9.85657307,57.01311409],[9.85657281,57.01311545]],[[9.85657281,57.01311545],[9.85657256,57.01311681]],[[9.85657256,57.01311681],[9.85657231,57.01311818]],[[9.85657231,57.01311818],[9.85657207,57.01311954]],[[9.85657207,57.01311954],[9.85657182,57.0131209]],[[9.85657182,57.0131209],[9.85657159,57.01312226]],[[9.85657159,57.01312226],[9.85657135,57.01312363]],[[9.85657135,57.01312363],[9.85657112,57.01312499]],[[9.85657112,57.01312499],[9.85657086,57.01312635]],[[9.85657086,57.01312635],[9.85657063,57.01312771]],[[9.85657063,57.01312771],[9.85657039,57.01312908]],[[9.85657039,57.01312908],[9.85657016,57.01313044]],[[9.85657016,57.01313044],[9.85656994,57.01313181]],[[9.85656994,57.01313181],[9.8565697,57.01313316]],[[9.8565697,57.01313316],[9.85656947,57.01313453]],[[9.85656947,57.01313453],[9.85656925,57.01313589]],[[9.85656925,57.01313589],[9.85656901,57.01313726]],[[9.85656901,57.01313726],[9.85656877,57.01313862]],[[9.85656877,57.01313862],[9.85656856,57.01313999]],[[9.85656856,57.01313999],[9.85656834,57.01314135]],[[9.85656834,57.01314135],[9.8565681,57.01314271]],[[9.8565681,57.01314271],[9.85656788,57.01314407]],[[9.85656788,57.01314407],[9.85656766,57.01314544]],[[9.85656766,57.01314544],[9.85656743,57.0131468]],[[9.85656743,57.0131468],[9.85656721,57.01314816]],[[9.85656721,57.01314816],[9.85656699,57.01314953]],[[9.85656699,57.01314953],[9.85656677,57.01315089]],[[9.85656677,57.01315089],[9.85656655,57.01315225]],[[9.85656655,57.01315225],[9.85656633,57.01315361]],[[9.85656633,57.01315361],[9.85656611,57.01315498]],[[9.85656611,57.01315498],[9.85656589,57.01315634]],[[9.85656589,57.01315634],[9.85656567,57.01315771]],[[9.85656567,57.01315771],[9.85656545,57.01315907]],[[9.85656545,57.01315907],[9.85656525,57.01316044]],[[9.85656525,57.01316044],[9.85656503,57.0131618]],[[9.85656503,57.0131618],[9.85656481,57.01316317]],[[9.85656481,57.01316317],[9.85656459,57.01316453]],[[9.85656459,57.01316453],[9.85656439,57.01316589]],[[9.85656439,57.01316589],[9.85656417,57.01316725]],[[9.85656417,57.01316725],[9.85656397,57.01316862]],[[9.85656397,57.01316862],[9.85656375,57.01316998]],[[9.85656375,57.01316998],[9.85656355,57.01317135]],[[9.85656355,57.01317135],[9.85656333,57.01317271]],[[9.85656333,57.01317271],[9.85656312,57.01317408]],[[9.85656312,57.01317408],[9.85656292,57.01317544]],[[9.85656292,57.01317544],[9.8565627,57.01317681]],[[9.8565627,57.01317681],[9.8565625,57.01317817]],[[9.8565625,57.01317817],[9.8565623,57.01317954]],[[9.8565623,57.01317954],[9.85656209,57.0131809]],[[9.85656209,57.0131809],[9.85656187,57.01318226]],[[9.85656187,57.01318226],[9.85656167,57.01318363]],[[9.85656167,57.01318363],[9.85656147,57.01318499]],[[9.85656147,57.01318499],[9.85656127,57.01318636]],[[9.85656127,57.01318636],[9.85656106,57.01318771]],[[9.85656106,57.01318771],[9.85656086,57.01318908]],[[9.85656086,57.01318908],[9.85656064,57.01319044]],[[9.85656064,57.01319044],[9.85656044,57.01319181]],[[9.85656044,57.01319181],[9.85656024,57.01319317]],[[9.85656024,57.01319317],[9.85656003,57.01319454]],[[9.85656003,57.01319454],[9.85655983,57.0131959]],[[9.85655983,57.0131959],[9.85655963,57.01319727]],[[9.85655963,57.01319727],[9.85655942,57.01319863]],[[9.85655942,57.01319863],[9.85655942,57.01319863]],[[9.85655942,57.01319863],[9.85653974,57.01332936]],[[9.85842476,57.01075837],[9.85847234,57.01076559]],[[9.85892938,57.00628872],[9.85897875,57.00628909]],[[9.85889994,57.00718646],[9.8589493,57.00718706]],[[9.85885607,57.00808402],[9.85890541,57.00808487]],[[9.85879444,57.00898123],[9.85884376,57.0089824]],[[9.8587032,57.00987721],[9.85875239,57.00987953]],[[9.85782248,57.01158931],[9.85786627,57.01160175]],[[9.85699476,57.01236488],[9.85703787,57.01237803]],[[9.85653088,57.01322362],[9.85658009,57.01322582]],[[9.88969692,57.08227395],[9.89045422,57.08233404]],[[9.89045422,57.08233404],[9.89045975,57.08233449]],[[9.89045975,57.08233449],[9.89046529,57.08233492]],[[9.89046529,57.08233492],[9.89047081,57.08233537]],[[9.89047081,57.08233537],[9.89047633,57.0823358]],[[9.89047633,57.0823358],[9.89048186,57.08233624]],[[9.89048186,57.08233624],[9.8904874,57.08233669]],[[9.8904874,57.08233669],[9.89049292,57.08233713]],[[9.89049292,57.08233713],[9.89049844,57.08233757]],[[9.89049844,57.08233757],[9.89050397,57.08233801]],[[9.89050397,57.08233801],[9.89050951,57.08233846]],[[9.89050951,57.08233846],[9.89051503,57.0823389]],[[9.89051503,57.0823389],[9.89052055,57.08233935]],[[9.89052055,57.08233935],[9.89052608,57.0823398]],[[9.89052608,57.0823398],[9.8905316,57.08234025]],[[9.8905316,57.08234025],[9.89053712,57.08234071]],[[9.89053712,57.08234071],[9.89054265,57.08234116]],[[9.89054265,57.08234116],[9.89054817,57.08234161]],[[9.89054817,57.08234161],[9.89055369,57.08234208]],[[9.89055369,57.08234208],[9.89055922,57.08234254]],[[9.89055922,57.08234254],[9.89056474,57.082343]],[[9.89056474,57.082343],[9.89057026,57.08234347]],[[9.89057026,57.08234347],[9.89057577,57.08234395]],[[9.89057577,57.08234395],[9.89058129,57.08234442]],[[9.89058129,57.08234442],[9.89058682,57.0823449]],[[9.89058682,57.0823449],[9.89059232,57.08234537]],[[9.89059232,57.08234537],[9.89059785,57.08234586]],[[9.89059785,57.08234586],[9.89060335,57.08234635]],[[9.89060335,57.08234635],[9.89060888,57.08234684]],[[9.89060888,57.08234684],[9.89061438,57.08234733]],[[9.89061438,57.08234733],[9.89061989,57.08234783]],[[9.89061989,57.08234783],[9.89062541,57.08234834]],[[9.89062541,57.08234834],[9.89063092,57.08234884]],[[9.89063092,57.08234884],[9.89063643,57.08234935]],[[9.89063643,57.08234935],[9.89064193,57.08234987]],[[9.89064193,57.08234987],[9.89064742,57.08235038]],[[9.89064742,57.08235038],[9.89065293,57.08235091]],[[9.89065293,57.08235091],[9.89065844,57.08235144]],[[9.89065844,57.08235144],[9.89066393,57.08235198]],[[9.89066393,57.08235198],[9.89066943,57.08235252]],[[9.89066943,57.08235252],[9.89067492,57.08235307]],[[9.89067492,57.08235307],[9.89068041,57.08235362]],[[9.89068041,57.08235362],[9.89068592,57.08235417]],[[9.89068592,57.08235417],[9.89069141,57.08235474]],[[9.89069141,57.08235474],[9.89069688,57.0823553]],[[9.89069688,57.0823553],[9.89070237,57.08235588]],[[9.89070237,57.08235588],[9.89070786,57.08235646]],[[9.89070786,57.08235646],[9.89071334,57.08235705]],[[9.89071334,57.08235705],[9.89071883,57.08235765]],[[9.89071883,57.08235765],[9.8907243,57.08235825]],[[9.8907243,57.08235825],[9.89072977,57.08235885]],[[9.89072977,57.08235885],[9.89073525,57.08235947]],[[9.89073525,57.08235947],[9.8907407,57.08236009]],[[9.8907407,57.08236009],[9.89074618,57.08236072]],[[9.89074618,57.08236072],[9.89075163,57.08236135]],[[9.89075163,57.08236135],[9.89075711,57.08236199]],[[9.89075711,57.08236199],[9.89076257,57.08236264]],[[9.89076257,57.08236264],[9.89076802,57.0823633]],[[9.89076802,57.0823633],[9.89077346,57.08236396]],[[9.89077346,57.08236396],[9.89077892,57.08236464]],[[9.89077892,57.08236464],[9.89078436,57.08236532]],[[9.89078436,57.08236532],[9.8907898,57.08236602]],[[9.8907898,57.08236602],[9.89079524,57.08236671]],[[9.89079524,57.08236671],[9.89080066,57.08236742]],[[9.89080066,57.08236742],[9.8908061,57.08236813]],[[9.8908061,57.08236813],[9.89081153,57.08236886]],[[9.89081153,57.08236886],[9.89081695,57.08236959]],[[9.89081695,57.08236959],[9.89082237,57.08237033]],[[9.89082237,57.08237033],[9.89082778,57.08237108]],[[9.89082778,57.08237108],[9.89083319,57.08237184]],[[9.89083319,57.08237184],[9.8908386,57.08237261]],[[9.8908386,57.08237261],[9.890844,57.08237339]],[[9.890844,57.08237339],[9.89084939,57.08237418]],[[9.89084939,57.08237418],[9.89085478,57.08237497]],[[9.89085478,57.08237497],[9.89086017,57.08237579]],[[9.89086017,57.08237579],[9.89086555,57.0823766]],[[9.89086555,57.0823766],[9.89087092,57.08237743]],[[9.89087092,57.08237743],[9.8908763,57.08237826]],[[9.8908763,57.08237826],[9.89088167,57.08237911]],[[9.89088167,57.08237911],[9.89088703,57.08237998]],[[9.89088703,57.08237998],[9.89089238,57.08238084]],[[9.89089238,57.08238084],[9.89089772,57.08238172]],[[9.89089772,57.08238172],[9.89090307,57.08238261]],[[9.89090307,57.08238261],[9.89102288,57.08240583]],[[9.89102288,57.08240583],[9.8911386,57.08243454]],[[9.8911386,57.08243454],[9.89124939,57.08246855]],[[9.89124939,57.08246855],[9.89135442,57.08250759]],[[9.89135442,57.08250759],[9.89145293,57.08255139]],[[9.89145293,57.08255139],[9.89154419,57.08259962]],[[9.89154419,57.08259962],[9.89162754,57.08265192]],[[9.89162754,57.08265192],[9.89170236,57.08270792]],[[9.89170236,57.08270792],[9.89176809,57.0827672]],[[9.89176809,57.0827672],[9.89182428,57.08282932]],[[9.89182428,57.08282932],[9.89187048,57.08289384]],[[9.89187048,57.08289384],[9.89190637,57.08296027]],[[9.89190637,57.08296027],[9.89193169,57.08302814]],[[9.89193169,57.08302814],[9.89193255,57.08303114]],[[9.89193255,57.08303114],[9.8919334,57.08303415]],[[9.8919334,57.08303415],[9.89193423,57.08303716]],[[9.89193423,57.08303716],[9.89193503,57.08304017]],[[9.89193503,57.08304017],[9.89193582,57.08304317]],[[9.89193582,57.08304317],[9.89193658,57.08304619]],[[9.89193658,57.08304619],[9.89193733,57.0830492]],[[9.89193733,57.0830492],[9.89193805,57.08305222]],[[9.89193805,57.08305222],[9.89193877,57.08305524]],[[9.89193877,57.08305524],[9.89193945,57.08305825]],[[9.89193945,57.08305825],[9.89194013,57.08306128]],[[9.89194013,57.08306128],[9.89194079,57.0830643]],[[9.89194079,57.0830643],[9.89194142,57.08306732]],[[9.89194142,57.08306732],[9.89194204,57.08307034]],[[9.89194204,57.08307034],[9.89194264,57.08307337]],[[9.89194264,57.08307337],[9.89194322,57.0830764]],[[9.89194322,57.0830764],[9.89194379,57.08307942]],[[9.89194379,57.08307942],[9.89194434,57.08308245]],[[9.89194434,57.08308245],[9.89194488,57.08308548]],[[9.89194488,57.08308548],[9.8919454,57.0830885]],[[9.8919454,57.0830885],[9.8919459,57.08309153]],[[9.8919459,57.08309153],[9.89194639,57.08309457]],[[9.89194639,57.08309457],[9.89194686,57.08309759]],[[9.89194686,57.08309759],[9.89194731,57.08310063]],[[9.89194731,57.08310063],[9.89194775,57.08310366]],[[9.89194775,57.08310366],[9.89194818,57.08310669]],[[9.89194818,57.08310669],[9.89194859,57.08310973]],[[9.89194859,57.08310973],[9.89194899,57.08311276]],[[9.89194899,57.08311276],[9.89194938,57.0831158]],[[9.89194938,57.0831158],[9.89194975,57.08311883]],[[9.89194975,57.08311883],[9.8919501,57.08312187]],[[9.8919501,57.08312187],[9.89195046,57.0831249]],[[9.89195046,57.0831249],[9.89195078,57.08312794]],[[9.89195078,57.08312794],[9.8919511,57.08313098]],[[9.8919511,57.08313098],[9.8919514,57.08313401]],[[9.8919514,57.08313401],[9.89195171,57.08313706]],[[9.89195171,57.08313706],[9.89195199,57.08314009]],[[9.89195199,57.08314009],[9.89195227,57.08314313]],[[9.89195227,57.08314313],[9.89195252,57.08314616]],[[9.89195252,57.08314616],[9.89195278,57.08314921]],[[9.89195278,57.08314921],[9.89195301,57.08315224]],[[9.89195301,57.08315224],[9.89195324,57.08315529]],[[9.89195324,57.08315529],[9.89195346,57.08315832]],[[9.89195346,57.08315832],[9.89195366,57.08316137]],[[9.89195366,57.08316137],[9.89195385,57.0831644]],[[9.89195385,57.0831644],[9.89195404,57.08316745]],[[9.89195404,57.08316745],[9.89195423,57.08317048]],[[9.89195423,57.08317048],[9.8919544,57.08317353]],[[9.8919544,57.08317353],[9.89195456,57.08317657]],[[9.89195456,57.08317657],[9.89195472,57.08317961]],[[9.89195472,57.08317961],[9.89195486,57.08318265]],[[9.89195486,57.08318265],[9.891955,57.08318569]],[[9.891955,57.08318569],[9.89195513,57.08318873]],[[9.89195513,57.08318873],[9.89195526,57.08319177]],[[9.89195526,57.08319177],[9.89195536,57.08319481]],[[9.89195536,57.08319481],[9.89195547,57.08319785]],[[9.89195547,57.08319785],[9.89195558,57.0832009]],[[9.89195558,57.0832009],[9.89195567,57.08320393]],[[9.89195567,57.08320393],[9.89195576,57.08320698]],[[9.89195576,57.08320698],[9.89195585,57.08321002]],[[9.89195585,57.08321002],[9.89195592,57.08321307]],[[9.89195592,57.08321307],[9.891956,57.0832161]],[[9.891956,57.0832161],[9.89195605,57.08321915]],[[9.89195605,57.08321915],[9.89195613,57.08322219]],[[9.89195613,57.08322219],[9.89195618,57.08322522]],[[9.89195618,57.08322522],[9.89195622,57.08322827]],[[9.89195622,57.08322827],[9.89195628,57.08323131]],[[9.89195628,57.08323131],[9.89195632,57.08323436]],[[9.89195632,57.08323436],[9.89195636,57.08323739]],[[9.89195636,57.08323739],[9.8919564,57.08324044]],[[9.8919564,57.08324044],[9.89195644,57.08324348]],[[9.89195644,57.08324348],[9.89195647,57.08324653]],[[9.89195647,57.08324653],[9.89195651,57.08324956]],[[9.89195651,57.08324956],[9.89195653,57.0832526]],[[9.89195653,57.0832526],[9.89195656,57.08325565]],[[9.89195656,57.08325565],[9.89195658,57.08325869]],[[9.89195658,57.08325869],[9.8919566,57.08326173]],[[9.8919566,57.08326173],[9.89195661,57.08326477]],[[9.89195661,57.08326477],[9.89195664,57.08326782]],[[9.89195664,57.08326782],[9.89195666,57.08327086]],[[9.89195666,57.08327086],[9.89195667,57.0832739]],[[9.89195667,57.0832739],[9.89195669,57.08327694]],[[9.89195669,57.08327694],[9.89195669,57.08327694]],[[9.89195669,57.08327694],[9.89195674,57.083284]],[[9.89195674,57.083284],[9.89195678,57.08329107]],[[9.89195678,57.08329107],[9.89195683,57.08329812]],[[9.89195683,57.08329812],[9.89195686,57.08330518]],[[9.89195686,57.08330518],[9.8919569,57.08331224]],[[9.8919569,57.08331224],[9.89195695,57.08331931]],[[9.89195695,57.08331931],[9.89195701,57.08332637]],[[9.89195701,57.08332637],[9.89195706,57.08333343]],[[9.89195706,57.08333343],[9.8919571,57.08334048]],[[9.8919571,57.08334048],[9.89195716,57.08334755]],[[9.89195716,57.08334755],[9.89195721,57.08335461]],[[9.89195721,57.08335461],[9.89195727,57.08336167]],[[9.89195727,57.08336167],[9.89195733,57.08336873]],[[9.89195733,57.08336873],[9.89195739,57.08337579]],[[9.89195739,57.08337579],[9.89195747,57.08338285]],[[9.89195747,57.08338285],[9.89195755,57.08338991]],[[9.89195755,57.08338991],[9.89195763,57.08339697]],[[9.89195763,57.08339697],[9.89195771,57.08340404]],[[9.89195771,57.08340404],[9.89195779,57.08341109]],[[9.89195779,57.08341109],[9.89195788,57.08341815]],[[9.89195788,57.08341815],[9.89195798,57.08342521]],[[9.89195798,57.08342521],[9.89195809,57.08343228]],[[9.89195809,57.08343228],[9.89195818,57.08343934]],[[9.89195818,57.08343934],[9.89195831,57.08344639]],[[9.89195831,57.08344639],[9.89195842,57.08345345]],[[9.89195842,57.08345345],[9.89195855,57.08346051]],[[9.89195855,57.08346051],[9.89195869,57.08346758]],[[9.89195869,57.08346758],[9.89195882,57.08347464]],[[9.89195882,57.08347464],[9.89195898,57.08348169]],[[9.89195898,57.08348169],[9.89195913,57.08348875]],[[9.89195913,57.08348875],[9.89195929,57.08349581]],[[9.89195929,57.08349581],[9.89195947,57.08350288]],[[9.89195947,57.08350288],[9.89195964,57.08350994]],[[9.89195964,57.08350994],[9.89195984,57.083517]],[[9.89195984,57.083517],[9.89196003,57.08352405]],[[9.89196003,57.08352405],[9.89196024,57.08353111]],[[9.89196024,57.08353111],[9.89196045,57.08353817]],[[9.89196045,57.08353817],[9.89196068,57.08354523]],[[9.89196068,57.08354523],[9.89196092,57.0835523]],[[9.89196092,57.0835523],[9.89196117,57.08355936]],[[9.89196117,57.08355936],[9.89196143,57.08356641]],[[9.89196143,57.08356641],[9.89196169,57.08357347]],[[9.89196169,57.08357347],[9.89196196,57.08358053]],[[9.89196196,57.08358053],[9.89196225,57.08358759]],[[9.89196225,57.08358759],[9.89196256,57.08359465]],[[9.89196256,57.08359465],[9.89196287,57.08360171]],[[9.89196287,57.08360171],[9.8919632,57.08360876]],[[9.8919632,57.08360876],[9.89196354,57.08361582]],[[9.89196354,57.08361582],[9.89196388,57.08362288]],[[9.89196388,57.08362288],[9.89196424,57.08362994]],[[9.89196424,57.08362994],[9.89196462,57.083637]],[[9.89196462,57.083637],[9.89196501,57.08364406]],[[9.89196501,57.08364406],[9.89196542,57.08365111]],[[9.89196542,57.08365111],[9.89196583,57.08365817]],[[9.89196583,57.08365817],[9.89196627,57.08366522]],[[9.89196627,57.08366522],[9.89196671,57.08367228]],[[9.89196671,57.08367228],[9.89196717,57.08367933]],[[9.89196717,57.08367933],[9.89196764,57.08368639]],[[9.89196764,57.08368639],[9.89196813,57.08369345]],[[9.89196813,57.08369345],[9.89196864,57.0837005]],[[9.89196864,57.0837005],[9.89196916,57.08370756]],[[9.89196916,57.08370756],[9.89196969,57.08371462]],[[9.89196969,57.08371462],[9.89197024,57.08372167]],[[9.89197024,57.08372167],[9.89197082,57.08372872]],[[9.89197082,57.08372872],[9.89197141,57.08373578]],[[9.89197141,57.08373578],[9.89197201,57.08374283]],[[9.89197201,57.08374283],[9.89197263,57.08374988]],[[9.89197263,57.08374988],[9.89197326,57.08375693]],[[9.89197326,57.08375693],[9.89197391,57.08376398]],[[9.89197391,57.08376398],[9.8919746,57.08377103]],[[9.8919746,57.08377103],[9.89197529,57.08377808]],[[9.89197529,57.08377808],[9.891976,57.08378513]],[[9.891976,57.08378513],[9.89197673,57.08379218]],[[9.89197673,57.08379218],[9.89197747,57.08379923]],[[9.89197747,57.08379923],[9.89197824,57.08380628]],[[9.89197824,57.08380628],[9.89197903,57.08381333]],[[9.89197903,57.08381333],[9.89197983,57.08382037]],[[9.89197983,57.08382037],[9.89198067,57.08382742]],[[9.89198067,57.08382742],[9.89198151,57.08383447]],[[9.89198151,57.08383447],[9.89198238,57.08384152]],[[9.89198238,57.08384152],[9.89198327,57.08384856]],[[9.89198327,57.08384856],[9.89198419,57.0838556]],[[9.89198419,57.0838556],[9.89205023,57.08418227]],[[9.89205023,57.08418227],[9.89216226,57.08450521]],[[9.89216226,57.08450521],[9.89231964,57.08482248]],[[9.89231964,57.08482248],[9.89252141,57.08513222]],[[9.89252141,57.08513222],[9.89276639,57.08543258]],[[9.89276639,57.08543258],[9.89305313,57.08572179]],[[9.89305313,57.08572179],[9.89337989,57.0859981]],[[9.89337989,57.0859981],[9.8933868,57.08600347]],[[9.8933868,57.08600347],[9.89339371,57.08600882]],[[9.89339371,57.08600882],[9.89340064,57.08601416]],[[9.89340064,57.08601416],[9.89340758,57.08601951]],[[9.89340758,57.08601951],[9.89341455,57.08602484]],[[9.89341455,57.08602484],[9.89342152,57.08603018]],[[9.89342152,57.08603018],[9.8934285,57.08603551]],[[9.8934285,57.08603551],[9.89343551,57.08604083]],[[9.89343551,57.08604083],[9.89344252,57.08604614]],[[9.89344252,57.08604614],[9.89344955,57.08605145]],[[9.89344955,57.08605145],[9.89345659,57.08605676]],[[9.89345659,57.08605676],[9.89346364,57.08606206]],[[9.89346364,57.08606206],[9.89347072,57.08606736]],[[9.89347072,57.08606736],[9.89347779,57.08607264]],[[9.89347779,57.08607264],[9.89348489,57.08607793]],[[9.89348489,57.08607793],[9.893492,57.08608322]],[[9.893492,57.08608322],[9.89349911,57.08608849]],[[9.89349911,57.08608849],[9.89350625,57.08609376]],[[9.89350625,57.08609376],[9.89351338,57.08609902]],[[9.89351338,57.08609902],[9.89352054,57.08610429]],[[9.89352054,57.08610429],[9.89352769,57.08610954]],[[9.89352769,57.08610954],[9.89353487,57.0861148]],[[9.89353487,57.0861148],[9.89354206,57.08612004]],[[9.89354206,57.08612004],[9.89354926,57.08612528]],[[9.89354926,57.08612528],[9.89355647,57.08613052]],[[9.89355647,57.08613052],[9.89356369,57.08613576]],[[9.89356369,57.08613576],[9.89357092,57.08614099]],[[9.89357092,57.08614099],[9.89357816,57.08614621]],[[9.89357816,57.08614621],[9.8935854,57.08615144]],[[9.8935854,57.08615144],[9.89359268,57.08615666]],[[9.89359268,57.08615666],[9.89359993,57.08616187]],[[9.89359993,57.08616187],[9.89360721,57.08616708]],[[9.89360721,57.08616708],[9.8936145,57.08617229]],[[9.8936145,57.08617229],[9.89362181,57.08617749]],[[9.89362181,57.08617749],[9.89362912,57.08618269]],[[9.89362912,57.08618269],[9.89363643,57.08618788]],[[9.89363643,57.08618788],[9.89364375,57.08619307]],[[9.89364375,57.08619307],[9.89365109,57.08619826]],[[9.89365109,57.08619826],[9.89365843,57.08620344]],[[9.89365843,57.08620344],[9.89366577,57.08620863]],[[9.89366577,57.08620863],[9.89367313,57.0862138]],[[9.89367313,57.0862138],[9.89368049,57.08621897]],[[9.89368049,57.08621897],[9.89368786,57.08622414]],[[9.89368786,57.08622414],[9.89369525,57.08622931]],[[9.89369525,57.08622931],[9.89370265,57.08623447]],[[9.89370265,57.08623447],[9.89371004,57.08623964]],[[9.89371004,57.08623964],[9.89371743,57.0862448]],[[9.89371743,57.0862448],[9.89372485,57.08624995]],[[9.89372485,57.08624995],[9.89373226,57.08625511]],[[9.89373226,57.08625511],[9.89373968,57.08626025]],[[9.89373968,57.08626025],[9.89374711,57.0862654]],[[9.89374711,57.0862654],[9.89375455,57.08627055]],[[9.89375455,57.08627055],[9.89376199,57.08627569]],[[9.89376199,57.08627569],[9.89376943,57.08628082]],[[9.89376943,57.08628082],[9.89377688,57.08628597]],[[9.89377688,57.08628597],[9.89378434,57.0862911]],[[9.89378434,57.0862911],[9.8937918,57.08629623]],[[9.8937918,57.08629623],[9.89379927,57.08630136]],[[9.89379927,57.08630136],[9.89380674,57.08630649]],[[9.89380674,57.08630649],[9.89381422,57.08631162]],[[9.89381422,57.08631162],[9.89382169,57.08631674]],[[9.89382169,57.08631674],[9.89382918,57.08632186]],[[9.89382918,57.08632186],[9.89383667,57.08632698]],[[9.89383667,57.08632698],[9.89384418,57.0863321]],[[9.89384418,57.0863321],[9.89385167,57.08633721]],[[9.89385167,57.08633721],[9.89385917,57.08634233]],[[9.89385917,57.08634233],[9.89386668,57.08634745]],[[9.89386668,57.08634745],[9.89387419,57.08635255]],[[9.89387419,57.08635255],[9.89388171,57.08635767]],[[9.89388171,57.08635767],[9.89388922,57.08636278]],[[9.89388922,57.08636278],[9.89389674,57.08636788]],[[9.89389674,57.08636788],[9.89390426,57.08637299]],[[9.89390426,57.08637299],[9.89391178,57.0863781]],[[9.89391178,57.0863781],[9.89391931,57.0863832]],[[9.89391931,57.0863832],[9.89392685,57.0863883]],[[9.89392685,57.0863883],[9.89393437,57.08639341]],[[9.89393437,57.08639341],[9.89394191,57.08639851]],[[9.89394191,57.08639851],[9.89394945,57.08640361]],[[9.89394945,57.08640361],[9.89395699,57.0864087]],[[9.89395699,57.0864087],[9.89396453,57.0864138]],[[9.89396453,57.0864138],[9.89397207,57.08641891]],[[9.89397207,57.08641891],[9.89397961,57.08642401]],[[9.89397961,57.08642401],[9.89521462,57.08724341]],[[9.89521462,57.08724341],[9.89647676,57.08805049]],[[9.89647676,57.08805049],[9.89776559,57.08884498]],[[9.89189649,57.08305226],[9.89197823,57.08304634]],[[9.89229755,57.08482916],[9.89234478,57.08482113]],[[9.89389941,57.08639122],[9.89393799,57.08637436]],[[9.89600611,57.08777371],[9.8960437,57.0877562]],[[9.89093683,57.08240274],[9.89095279,57.08237724]],[[9.8919732,57.08394751],[9.89202247,57.08394503]],[[9.89229755,57.08482916],[9.89234478,57.08482113]],[[9.89295316,57.08565444],[9.89299626,57.08564121]],[[9.89389941,57.08639122],[9.89393799,57.08637436]],[[9.894943,57.08708687],[9.89498108,57.08706967]],[[9.89600611,57.08777371],[9.8960437,57.0877562]],[[9.89708849,57.08845157],[9.89712558,57.08843374]],[[9.8675677,56.98962095],[9.86695689,56.99011753]],[[9.86695689,56.99011753],[9.86633747,56.99061093]],[[9.86633747,56.99061093],[9.86570951,56.99110111]],[[9.86570951,56.99110111],[9.86515335,56.99153611]],[[9.86515335,56.99153611],[9.86460622,56.99197452]],[[9.86460622,56.99197452],[9.86406822,56.99241628]],[[9.86406822,56.99241628],[9.864066,56.99241814]],[[9.864066,56.99241814],[9.86406377,56.99241999]],[[9.86406377,56.99241999],[9.86406154,56.99242184]],[[9.86406154,56.99242184],[9.8640593,56.9924237]],[[9.8640593,56.9924237],[9.86405707,56.99242555]],[[9.86405707,56.99242555],[9.86405484,56.9924274]],[[9.86405484,56.9924274],[9.86405261,56.99242926]],[[9.86405261,56.99242926],[9.86405038,56.99243112]],[[9.86405038,56.99243112],[9.86404816,56.99243297]],[[9.86404816,56.99243297],[9.86404593,56.99243483]],[[9.86404593,56.99243483],[9.8640437,56.99243668]],[[9.8640437,56.99243668],[9.86404147,56.99243853]],[[9.86404147,56.99243853],[9.86403925,56.99244039]],[[9.86403925,56.99244039],[9.864037,56.99244224]],[[9.864037,56.99244224],[9.86403477,56.9924441]],[[9.86403477,56.9924441],[9.86403255,56.99244596]],[[9.86403255,56.99244596],[9.86403032,56.99244781]],[[9.86403032,56.99244781],[9.86402809,56.99244966]],[[9.86402809,56.99244966],[9.86402586,56.99245152]],[[9.86402586,56.99245152],[9.86402364,56.99245337]],[[9.86402364,56.99245337],[9.86402141,56.99245523]],[[9.86402141,56.99245523],[9.86401918,56.99245709]],[[9.86401918,56.99245709],[9.86401695,56.99245894]],[[9.86401695,56.99245894],[9.86401472,56.9924608]],[[9.86401472,56.9924608],[9.8640125,56.99246265]],[[9.8640125,56.99246265],[9.86401027,56.9924645]],[[9.86401027,56.9924645],[9.86400806,56.99246636]],[[9.86400806,56.99246636],[9.86400583,56.99246822]],[[9.86400583,56.99246822],[9.8640036,56.99247007]],[[9.8640036,56.99247007],[9.86400137,56.99247193]],[[9.86400137,56.99247193],[9.86399915,56.99247379]],[[9.86399915,56.99247379],[9.86399692,56.99247564]],[[9.86399692,56.99247564],[9.86399469,56.9924775]],[[9.86399469,56.9924775],[9.86399246,56.99247936]],[[9.86399246,56.99247936],[9.86399023,56.99248121]],[[9.86399023,56.99248121],[9.86398801,56.99248307]],[[9.86398801,56.99248307],[9.86398578,56.99248493]],[[9.86398578,56.99248493],[9.86398355,56.99248677]],[[9.86398355,56.99248677],[9.86398134,56.99248863]],[[9.86398134,56.99248863],[9.86397911,56.99249049]],[[9.86397911,56.99249049],[9.86397688,56.99249234]],[[9.86397688,56.99249234],[9.86397466,56.9924942]],[[9.86397466,56.9924942],[9.86397243,56.99249606]],[[9.86397243,56.99249606],[9.8639702,56.99249791]],[[9.8639702,56.99249791],[9.86396797,56.99249977]],[[9.86396797,56.99249977],[9.86396575,56.99250162]],[[9.86396575,56.99250162],[9.86396353,56.99250348]],[[9.86396353,56.99250348],[9.86396131,56.99250534]],[[9.86396131,56.99250534],[9.86395908,56.99250719]],[[9.86395908,56.99250719],[9.86395685,56.99250905]],[[9.86395685,56.99250905],[9.86395462,56.99251091]],[[9.86395462,56.99251091],[9.8639524,56.99251276]],[[9.8639524,56.99251276],[9.86395018,56.99251462]],[[9.86395018,56.99251462],[9.86394796,56.99251648]],[[9.86394796,56.99251648],[9.86394573,56.99251833]],[[9.86394573,56.99251833],[9.8639435,56.99252019]],[[9.8639435,56.99252019],[9.86394127,56.99252205]],[[9.86394127,56.99252205],[9.86393906,56.9925239]],[[9.86393906,56.9925239],[9.86393683,56.99252576]],[[9.86393683,56.99252576],[9.86393461,56.99252762]],[[9.86393461,56.99252762],[9.86393238,56.99252947]],[[9.86393238,56.99252947],[9.86393015,56.99253133]],[[9.86393015,56.99253133],[9.86392794,56.99253318]],[[9.86392794,56.99253318],[9.86392571,56.99253504]],[[9.86392571,56.99253504],[9.86392348,56.9925369]],[[9.86392348,56.9925369],[9.86392126,56.99253875]],[[9.86392126,56.99253875],[9.86391903,56.99254061]],[[9.86391903,56.99254061],[9.86391682,56.99254247]],[[9.86391682,56.99254247],[9.86391459,56.99254432]],[[9.86391459,56.99254432],[9.86391236,56.99254618]],[[9.86391236,56.99254618],[9.86391013,56.99254804]],[[9.86391013,56.99254804],[9.86390791,56.99254989]],[[9.86390791,56.99254989],[9.86390569,56.99255175]],[[9.86390569,56.99255175],[9.86390347,56.99255361]],[[9.86390347,56.99255361],[9.86390124,56.99255546]],[[9.86390124,56.99255546],[9.86389901,56.99255732]],[[9.86389901,56.99255732],[9.8638968,56.99255917]],[[9.8638968,56.99255917],[9.86389457,56.99256103]],[[9.86389457,56.99256103],[9.86389234,56.99256289]],[[9.86389234,56.99256289],[9.86389012,56.99256474]],[[9.86389012,56.99256474],[9.8638879,56.9925666]],[[9.8638879,56.9925666],[9.86388568,56.99256846]],[[9.86388568,56.99256846],[9.86388568,56.99256846]],[[9.86388568,56.99256846],[9.86388348,56.9925703]],[[9.86388348,56.9925703],[9.86388129,56.99257213]],[[9.86388129,56.99257213],[9.86387909,56.99257395]],[[9.86387909,56.99257395],[9.86387688,56.99257579]],[[9.86387688,56.99257579],[9.86387469,56.99257762]],[[9.86387469,56.99257762],[9.86387249,56.99257945]],[[9.86387249,56.99257945],[9.8638703,56.99258129]],[[9.8638703,56.99258129],[9.8638681,56.99258312]],[[9.8638681,56.99258312],[9.86386589,56.99258495]],[[9.86386589,56.99258495],[9.8638637,56.99258678]],[[9.8638637,56.99258678],[9.86386148,56.99258862]],[[9.86386148,56.99258862],[9.86385929,56.99259045]],[[9.86385929,56.99259045],[9.86385708,56.99259228]],[[9.86385708,56.99259228],[9.86385487,56.99259411]],[[9.86385487,56.99259411],[9.86385266,56.99259593]],[[9.86385266,56.99259593],[9.86385045,56.99259776]],[[9.86385045,56.99259776],[9.86384823,56.99259959]],[[9.86384823,56.99259959],[9.86384602,56.99260142]],[[9.86384602,56.99260142],[9.86384381,56.99260324]],[[9.86384381,56.99260324],[9.86384158,56.99260507]],[[9.86384158,56.99260507],[9.86383937,56.99260689]],[[9.86383937,56.99260689],[9.86383714,56.99260871]],[[9.86383714,56.99260871],[9.86383492,56.99261053]],[[9.86383492,56.99261053],[9.86383269,56.99261235]],[[9.86383269,56.99261235],[9.86383045,56.99261417]],[[9.86383045,56.99261417],[9.86382822,56.99261599]],[[9.86382822,56.99261599],[9.86382597,56.99261781]],[[9.86382597,56.99261781],[9.86382373,56.99261962]],[[9.86382373,56.99261962],[9.86382149,56.99262144]],[[9.86382149,56.99262144],[9.86381924,56.99262325]],[[9.86381924,56.99262325],[9.86381698,56.99262506]],[[9.86381698,56.99262506],[9.86381472,56.99262688]],[[9.86381472,56.99262688],[9.86381246,56.99262869]],[[9.86381246,56.99262869],[9.8638102,56.99263049]],[[9.8638102,56.99263049],[9.86380792,56.9926323]],[[9.86380792,56.9926323],[9.86380565,56.9926341]],[[9.86380565,56.9926341],[9.86380337,56.99263591]],[[9.86380337,56.99263591],[9.86380109,56.99263771]],[[9.86380109,56.99263771],[9.8637988,56.9926395]],[[9.8637988,56.9926395],[9.8637965,56.99264131]],[[9.8637965,56.99264131],[9.86379421,56.9926431]],[[9.86379421,56.9926431],[9.86379192,56.99264489]],[[9.86379192,56.99264489],[9.86378961,56.99264669]],[[9.86378961,56.99264669],[9.8637873,56.99264848]],[[9.8637873,56.99264848],[9.86378497,56.99265026]],[[9.86378497,56.99265026],[9.86378265,56.99265205]],[[9.86378265,56.99265205],[9.86378032,56.99265383]],[[9.86378032,56.99265383],[9.86377799,56.99265562]],[[9.86377799,56.99265562],[9.86377565,56.99265739]],[[9.86377565,56.99265739],[9.86377329,56.99265917]],[[9.86377329,56.99265917],[9.86377095,56.99266094]],[[9.86377095,56.99266094],[9.86376859,56.99266272]],[[9.86376859,56.99266272],[9.86376621,56.99266449]],[[9.86376621,56.99266449],[9.86376386,56.99266625]],[[9.86376386,56.99266625],[9.86376148,56.99266802]],[[9.86376148,56.99266802],[9.86375909,56.99266978]],[[9.86375909,56.99266978],[9.8637567,56.99267153]],[[9.8637567,56.99267153],[9.8637543,56.99267329]],[[9.8637543,56.99267329],[9.8637519,56.99267505]],[[9.8637519,56.99267505],[9.86374949,56.9926768]],[[9.86374949,56.9926768],[9.86374706,56.99267855]],[[9.86374706,56.99267855],[9.86374464,56.99268029]],[[9.86374464,56.99268029],[9.8637422,56.99268203]],[[9.8637422,56.99268203],[9.86373975,56.99268376]],[[9.86373975,56.99268376],[9.86373731,56.9926855]],[[9.86373731,56.9926855],[9.86373486,56.99268723]],[[9.86373486,56.99268723],[9.8637324,56.99268897]],[[9.8637324,56.99268897],[9.86372992,56.99269069]],[[9.86372992,56.99269069],[9.86372743,56.99269241]],[[9.86372743,56.99269241],[9.86372494,56.99269413]],[[9.86372494,56.99269413],[9.86372245,56.99269584]],[[9.86372245,56.99269584],[9.86371995,56.99269755]],[[9.86371995,56.99269755],[9.86371744,56.99269926]],[[9.86371744,56.99269926],[9.86371492,56.99270096]],[[9.86371492,56.99270096],[9.86371238,56.99270266]],[[9.86371238,56.99270266],[9.86370985,56.99270436]],[[9.86370985,56.99270436],[9.8637073,56.99270605]],[[9.8637073,56.99270605],[9.86370474,56.99270774]],[[9.86370474,56.99270774],[9.86370217,56.99270942]],[[9.86370217,56.99270942],[9.86369959,56.99271111]],[[9.86369959,56.99271111],[9.86369702,56.99271278]],[[9.86369702,56.99271278],[9.86369442,56.99271445]],[[9.86369442,56.99271445],[9.86361717,56.99275996]],[[9.86361717,56.99275996],[9.86353303,56.99280166]],[[9.86353303,56.99280166],[9.8634426,56.99283925]],[[9.8634426,56.99283925],[9.86334657,56.99287242]],[[9.86334657,56.99287242],[9.86324564,56.99290097]],[[9.86324564,56.99290097],[9.86314059,56.99292464]],[[9.86314059,56.99292464],[9.8630322,56.99294328]],[[9.8630322,56.99294328],[9.86292125,56.99295675]],[[9.86292125,56.99295675],[9.86280859,56.99296495]],[[9.86280859,56.99296495],[9.86269506,56.9929678]],[[9.86269506,56.9929678],[9.8625815,56.9929653]],[[9.8625815,56.9929653],[9.86246875,56.99295746]],[[9.86246875,56.99295746],[9.86235766,56.99294435]],[[9.86235766,56.99294435],[9.86224906,56.99292605]],[[9.86224906,56.99292605],[9.86214376,56.9929027]],[[9.86214376,56.9929027],[9.86204253,56.99287448]],[[9.86204253,56.99287448],[9.86194616,56.9928416]],[[9.86194616,56.9928416],[9.86185534,56.9928043]],[[9.86185534,56.9928043],[9.86177075,56.99276288]],[[9.86177075,56.99276288],[9.86169301,56.99271761]],[[9.86169301,56.99271761],[9.86162273,56.99266885]],[[9.86162273,56.99266885],[9.86156042,56.99261698]],[[9.86156042,56.99261698],[9.86150655,56.99256235]],[[9.86150655,56.99256235],[9.8614615,56.9925054]],[[9.8614615,56.9925054],[9.86142562,56.99244653]],[[9.86142562,56.99244653],[9.86139918,56.99238619]],[[9.86139918,56.99238619],[9.86138238,56.99232484]],[[9.86138238,56.99232484],[9.86137534,56.99226292]],[[9.86137534,56.99226292],[9.86137812,56.9922009]],[[9.86137812,56.9922009],[9.86139067,56.99213925]],[[9.86139067,56.99213925],[9.86141294,56.9920784]],[[9.86141294,56.9920784],[9.86144473,56.99201885]],[[9.86144473,56.99201885],[9.86148581,56.99196101]],[[9.86148581,56.99196101],[9.8615359,56.99190531]],[[9.8615359,56.99190531],[9.86159459,56.99185219]],[[9.86159459,56.99185219],[9.86166147,56.99180203]],[[9.86166147,56.99180203],[9.86166785,56.99179768]],[[9.86166785,56.99179768],[9.86167431,56.99179335]],[[9.86167431,56.99179335],[9.86168083,56.99178906]],[[9.86168083,56.99178906],[9.86168739,56.99178479]],[[9.86168739,56.99178479],[9.86169402,56.99178054]],[[9.86169402,56.99178054],[9.86170072,56.99177633]],[[9.86170072,56.99177633],[9.86170746,56.99177213]],[[9.86170746,56.99177213],[9.86171425,56.99176797]],[[9.86171425,56.99176797],[9.86172111,56.99176383]],[[9.86172111,56.99176383],[9.86172801,56.99175972]],[[9.86172801,56.99175972],[9.86173496,56.99175563]],[[9.86173496,56.99175563],[9.86174197,56.99175157]],[[9.86174197,56.99175157],[9.86174903,56.99174753]],[[9.86174903,56.99174753],[9.86175613,56.99174352]],[[9.86175613,56.99174352],[9.86176327,56.99173954]],[[9.86176327,56.99173954],[9.86177047,56.99173558]],[[9.86177047,56.99173558],[9.86177771,56.99173164]],[[9.86177771,56.99173164],[9.861785,56.99172773]],[[9.861785,56.99172773],[9.86179232,56.99172384]],[[9.86179232,56.99172384],[9.86179969,56.99171998]],[[9.86179969,56.99171998],[9.8618071,56.99171614]],[[9.8618071,56.99171614],[9.86181455,56.99171232]],[[9.86181455,56.99171232],[9.86182205,56.99170853]],[[9.86182205,56.99170853],[9.86182958,56.99170476]],[[9.86182958,56.99170476],[9.86183715,56.99170102]],[[9.86183715,56.99170102],[9.86184475,56.99169729]],[[9.86184475,56.99169729],[9.8618524,56.99169358]],[[9.8618524,56.99169358],[9.86186008,56.99168991]],[[9.86186008,56.99168991],[9.86186777,56.99168624]],[[9.86186777,56.99168624],[9.86187552,56.9916826]],[[9.86187552,56.9916826],[9.8618833,56.99167899]],[[9.8618833,56.99167899],[9.86189111,56.99167538]],[[9.86189111,56.99167538],[9.86189895,56.99167181]],[[9.86189895,56.99167181],[9.86190683,56.99166825]],[[9.86190683,56.99166825],[9.86191472,56.99166471]],[[9.86191472,56.99166471],[9.86192265,56.99166119]],[[9.86192265,56.99166119],[9.86193061,56.9916577]],[[9.86193061,56.9916577],[9.86193858,56.99165422]],[[9.86193858,56.99165422],[9.86194661,56.99165075]],[[9.86194661,56.99165075],[9.86195463,56.99164731]],[[9.86195463,56.99164731],[9.86196271,56.99164388]],[[9.86196271,56.99164388],[9.86197078,56.99164047]],[[9.86197078,56.99164047],[9.86197889,56.99163707]],[[9.86197889,56.99163707],[9.86198703,56.9916337]],[[9.86198703,56.9916337],[9.86199518,56.99163034]],[[9.86199518,56.99163034],[9.86200335,56.99162699]],[[9.86200335,56.99162699],[9.86201156,56.99162367]],[[9.86201156,56.99162367],[9.86201976,56.99162034]],[[9.86201976,56.99162034],[9.862028,56.99161705]],[[9.862028,56.99161705],[9.86203626,56.99161376]],[[9.86203626,56.99161376],[9.86204453,56.99161048]],[[9.86204453,56.99161048],[9.86205283,56.99160722]],[[9.86205283,56.99160722],[9.86206114,56.99160397]],[[9.86206114,56.99160397],[9.86206946,56.99160074]],[[9.86206946,56.99160074],[9.86207779,56.99159752]],[[9.86207779,56.99159752],[9.86208614,56.9915943]],[[9.86208614,56.9915943],[9.86209451,56.99159111]],[[9.86209451,56.99159111],[9.8621029,56.99158792]],[[9.8621029,56.99158792],[9.8621113,56.99158474]],[[9.8621113,56.99158474],[9.8621197,56.99158157]],[[9.8621197,56.99158157],[9.86212814,56.99157841]],[[9.86212814,56.99157841],[9.86213656,56.99157526]],[[9.86213656,56.99157526],[9.86214501,56.99157212]],[[9.86214501,56.99157212],[9.86215346,56.99156899]],[[9.86215346,56.99156899],[9.86216193,56.99156586]],[[9.86216193,56.99156586],[9.86217039,56.99156274]],[[9.86217039,56.99156274],[9.86217888,56.99155963]],[[9.86217888,56.99155963],[9.86218736,56.99155653]],[[9.86218736,56.99155653],[9.86219586,56.99155343]],[[9.86219586,56.99155343],[9.86220438,56.99155034]],[[9.86220438,56.99155034],[9.86221288,56.99154725]],[[9.86221288,56.99154725],[9.8622214,56.99154417]],[[9.8622214,56.99154417],[9.86222991,56.99154109]],[[9.86222991,56.99154109],[9.86223845,56.99153802]],[[9.86223845,56.99153802],[9.86224698,56.99153495]],[[9.86224698,56.99153495],[9.86225551,56.99153188]],[[9.86225551,56.99153188],[9.86226405,56.99152882]],[[9.86226405,56.99152882],[9.8622726,56.99152576]],[[9.8622726,56.99152576],[9.86228113,56.99152269]],[[9.86228113,56.99152269],[9.86228968,56.99151963]],[[9.86228968,56.99151963],[9.86229823,56.99151657]],[[9.86229823,56.99151657],[9.86230676,56.99151352]],[[9.86230676,56.99151352],[9.86230676,56.99151352]],[[9.86230676,56.99151352],[9.86353346,56.99107458]],[[9.86753346,56.98960852],[9.86760195,56.98963337]],[[9.863556,56.99109335],[9.86351091,56.9910558]],[[9.86287767,56.99293788],[9.8628897,56.9929823]],[[9.86685993,56.99017148],[9.86690074,56.99018663]],[[9.86498394,56.99164688],[9.86502465,56.9916621]],[[9.86177522,56.99175213],[9.86173988,56.99173332]],[[9.86685993,56.99017148],[9.86690074,56.99018663]],[[9.86592536,56.99091027],[9.86596578,56.99092574]],[[9.86498394,56.99164688],[9.86502465,56.9916621]],[[9.86406699,56.99239276],[9.86410825,56.99240756]],[[9.86153838,56.9925671],[9.86149431,56.99257924]],[[9.86177522,56.99175213],[9.86173988,56.99173332]],[[9.86311675,56.99123979],[9.86308971,56.99121726]],[[9.88613803,57.08144405],[9.89092899,57.08480418]],[[9.89092899,57.08480418],[9.89092899,57.08480418]],[[9.89092899,57.08480418],[9.89093311,57.08480706]],[[9.89093311,57.08480706],[9.89093722,57.08480994]],[[9.89093722,57.08480994],[9.89094134,57.08481283]],[[9.89094134,57.08481283],[9.89094543,57.08481572]],[[9.89094543,57.08481572],[9.89094955,57.0848186]],[[9.89094955,57.0848186],[9.89095366,57.08482149]],[[9.89095366,57.08482149],[9.89095776,57.08482437]],[[9.89095776,57.08482437],[9.89096186,57.08482726]],[[9.89096186,57.08482726],[9.89096596,57.08483015]],[[9.89096596,57.08483015],[9.89097006,57.08483303]],[[9.89097006,57.08483303],[9.89097415,57.08483593]],[[9.89097415,57.08483593],[9.89097824,57.08483882]],[[9.89097824,57.08483882],[9.89098232,57.08484172]],[[9.89098232,57.08484172],[9.8909864,57.08484461]],[[9.8909864,57.08484461],[9.89099048,57.08484751]],[[9.89099048,57.08484751],[9.89099455,57.08485041]],[[9.89099455,57.08485041],[9.89099861,57.08485332]],[[9.89099861,57.08485332],[9.89100266,57.08485622]],[[9.89100266,57.08485622],[9.89100673,57.08485913]],[[9.89100673,57.08485913],[9.89101076,57.08486204]],[[9.89101076,57.08486204],[9.89101481,57.08486496]],[[9.89101481,57.08486496],[9.89101884,57.08486787]],[[9.89101884,57.08486787],[9.89102285,57.08487079]],[[9.89102285,57.08487079],[9.89102687,57.08487372]],[[9.89102687,57.08487372],[9.89103087,57.08487665]],[[9.89103087,57.08487665],[9.89103487,57.08487958]],[[9.89103487,57.08487958],[9.89103885,57.08488251]],[[9.89103885,57.08488251],[9.89104283,57.08488545]],[[9.89104283,57.08488545],[9.8910468,57.08488839]],[[9.8910468,57.08488839],[9.89105077,57.08489134]],[[9.89105077,57.08489134],[9.89105472,57.08489429]],[[9.89105472,57.08489429],[9.89105865,57.08489724]],[[9.89105865,57.08489724],[9.89106257,57.0849002]],[[9.89106257,57.0849002],[9.89106648,57.08490317]],[[9.89106648,57.08490317],[9.89107038,57.08490614]],[[9.89107038,57.08490614],[9.89107427,57.08490911]],[[9.89107427,57.08490911],[9.89107815,57.08491209]],[[9.89107815,57.08491209],[9.891082,57.08491507]],[[9.891082,57.08491507],[9.89108585,57.08491807]],[[9.89108585,57.08491807],[9.89108968,57.08492106]],[[9.89108968,57.08492106],[9.8910935,57.08492405]],[[9.8910935,57.08492405],[9.8910973,57.08492706]],[[9.8910973,57.08492706],[9.8911011,57.08493008]],[[9.8911011,57.08493008],[9.89110487,57.0849331]],[[9.89110487,57.0849331],[9.89110862,57.08493612]],[[9.89110862,57.08493612],[9.89111236,57.08493915]],[[9.89111236,57.08493915],[9.89111609,57.08494218]],[[9.89111609,57.08494218],[9.8911198,57.08494522]],[[9.8911198,57.08494522],[9.89112348,57.08494827]],[[9.89112348,57.08494827],[9.89112715,57.08495133]],[[9.89112715,57.08495133],[9.8911308,57.08495439]],[[9.8911308,57.08495439],[9.89113444,57.08495746]],[[9.89113444,57.08495746],[9.89113804,57.08496053]],[[9.89113804,57.08496053],[9.89114164,57.08496362]],[[9.89114164,57.08496362],[9.89114521,57.0849667]],[[9.89114521,57.0849667],[9.89114877,57.0849698]],[[9.89114877,57.0849698],[9.8911523,57.0849729]],[[9.8911523,57.0849729],[9.89115581,57.08497601]],[[9.89115581,57.08497601],[9.8911593,57.08497913]],[[9.8911593,57.08497913],[9.89116277,57.08498226]],[[9.89116277,57.08498226],[9.8911662,57.08498539]],[[9.8911662,57.08498539],[9.89116963,57.08498852]],[[9.89116963,57.08498852],[9.89117301,57.08499168]],[[9.89117301,57.08499168],[9.89117639,57.08499483]],[[9.89117639,57.08499483],[9.89117974,57.084998]],[[9.89117974,57.084998],[9.89118306,57.08500116]],[[9.89118306,57.08500116],[9.89118635,57.08500434]],[[9.89118635,57.08500434],[9.89118962,57.08500752]],[[9.89118962,57.08500752],[9.89119286,57.08501072]],[[9.89119286,57.08501072],[9.89119609,57.08501392]],[[9.89119609,57.08501392],[9.89119928,57.08501713]],[[9.89119928,57.08501713],[9.89120244,57.08502036]],[[9.89120244,57.08502036],[9.89120558,57.08502358]],[[9.89120558,57.08502358],[9.89120868,57.08502682]],[[9.89120868,57.08502682],[9.89121176,57.08503006]],[[9.89121176,57.08503006],[9.8912148,57.08503331]],[[9.8912148,57.08503331],[9.89121782,57.08503657]],[[9.89121782,57.08503657],[9.8912208,57.08503984]],[[9.8912208,57.08503984],[9.89122376,57.08504311]],[[9.89122376,57.08504311],[9.89122669,57.0850464]],[[9.89122669,57.0850464],[9.89122958,57.08504969]],[[9.89122958,57.08504969],[9.89123244,57.085053]],[[9.89123244,57.085053],[9.8912725,57.08510515]],[[9.8912725,57.08510515],[9.89130437,57.08515896]],[[9.89130437,57.08515896],[9.89132784,57.08521403]],[[9.89132784,57.08521403],[9.89134275,57.08526998]],[[9.89134275,57.08526998],[9.891349,57.08532641]],[[9.891349,57.08532641],[9.89134653,57.08538293]],[[9.89134653,57.08538293],[9.89133535,57.08543915]],[[9.89133535,57.08543915],[9.89131556,57.08549464]],[[9.89131556,57.08549464],[9.89128728,57.08554905]],[[9.89128728,57.08554905],[9.89125074,57.08560196]],[[9.89125074,57.08560196],[9.89120616,57.08565303]],[[9.89120616,57.08565303],[9.89115388,57.08570187]],[[9.89115388,57.08570187],[9.89109425,57.08574815]],[[9.89109425,57.08574815],[9.89102771,57.08579156]],[[9.89102771,57.08579156],[9.89095472,57.08583177]],[[9.89095472,57.08583177],[9.89087578,57.0858685]],[[9.89087578,57.0858685],[9.89079147,57.0859015]],[[9.89079147,57.0859015],[9.89070237,57.08593054]],[[9.89070237,57.08593054],[9.89060912,57.0859554]],[[9.89060912,57.0859554],[9.89051236,57.08597592]],[[9.89051236,57.08597592],[9.89041278,57.08599194]],[[9.89041278,57.08599194],[9.89031108,57.08600336]],[[9.89031108,57.08600336],[9.89020799,57.08601011]],[[9.89020799,57.08601011],[9.8902013,57.08601038]],[[9.8902013,57.08601038],[9.89019462,57.08601063]],[[9.89019462,57.08601063],[9.89018792,57.08601086]],[[9.89018792,57.08601086],[9.89018122,57.08601108]],[[9.89018122,57.08601108],[9.89017452,57.08601127]],[[9.89017452,57.08601127],[9.89016784,57.08601145]],[[9.89016784,57.08601145],[9.89016113,57.08601161]],[[9.89016113,57.08601161],[9.89015443,57.08601176]],[[9.89015443,57.08601176],[9.89014774,57.08601188]],[[9.89014774,57.08601188],[9.89014104,57.08601198]],[[9.89014104,57.08601198],[9.89013433,57.08601207]],[[9.89013433,57.08601207],[9.89012763,57.08601215]],[[9.89012763,57.08601215],[9.89012092,57.08601219]],[[9.89012092,57.08601219],[9.89011422,57.08601223]],[[9.89011422,57.08601223],[9.89010751,57.08601225]],[[9.89010751,57.08601225],[9.89010081,57.08601226]],[[9.89010081,57.08601226],[9.8900941,57.08601225]],[[9.8900941,57.08601225],[9.8900874,57.08601223]],[[9.8900874,57.08601223],[9.89008071,57.08601219]],[[9.89008071,57.08601219],[9.890074,57.08601213]],[[9.890074,57.08601213],[9.8900673,57.08601206]],[[9.8900673,57.08601206],[9.89006059,57.08601197]],[[9.89006059,57.08601197],[9.89005389,57.08601187]],[[9.89005389,57.08601187],[9.89004719,57.08601175]],[[9.89004719,57.08601175],[9.89004048,57.08601162]],[[9.89004048,57.08601162],[9.89003379,57.08601148]],[[9.89003379,57.08601148],[9.89002709,57.08601132]],[[9.89002709,57.08601132],[9.89002039,57.08601115]],[[9.89002039,57.08601115],[9.8900137,57.08601097]],[[9.8900137,57.08601097],[9.890007,57.08601077]],[[9.890007,57.08601077],[9.89000031,57.08601056]],[[9.89000031,57.08601056],[9.88999361,57.08601034]],[[9.88999361,57.08601034],[9.88998692,57.08601011]],[[9.88998692,57.08601011],[9.88998024,57.08600987]],[[9.88998024,57.08600987],[9.88997354,57.08600961]],[[9.88997354,57.08600961],[9.88996686,57.08600935]],[[9.88996686,57.08600935],[9.88996017,57.08600906]],[[9.88996017,57.08600906],[9.88995349,57.08600878]],[[9.88995349,57.08600878],[9.88994681,57.08600848]],[[9.88994681,57.08600848],[9.88994013,57.08600817]],[[9.88994013,57.08600817],[9.88993345,57.08600785]],[[9.88993345,57.08600785],[9.88992677,57.08600752]],[[9.88992677,57.08600752],[9.88992009,57.08600718]],[[9.88992009,57.08600718],[9.88991342,57.08600683]],[[9.88991342,57.08600683],[9.88990675,57.08600647]],[[9.88990675,57.08600647],[9.88990007,57.0860061]],[[9.88990007,57.0860061],[9.88989341,57.08600573]],[[9.88989341,57.08600573],[9.88988675,57.08600534]],[[9.88988675,57.08600534],[9.88988007,57.08600495]],[[9.88988007,57.08600495],[9.88987341,57.08600455]],[[9.88987341,57.08600455],[9.88986675,57.08600414]],[[9.88986675,57.08600414],[9.88986009,57.08600373]],[[9.88986009,57.08600373],[9.88985342,57.0860033]],[[9.88985342,57.0860033],[9.88984678,57.08600287]],[[9.88984678,57.08600287],[9.88984012,57.08600244]],[[9.88984012,57.08600244],[9.88983345,57.086002]],[[9.88983345,57.086002],[9.88982681,57.08600155]],[[9.88982681,57.08600155],[9.88982015,57.08600109]],[[9.88982015,57.08600109],[9.8898135,57.08600064]],[[9.8898135,57.08600064],[9.88980686,57.08600016]],[[9.88980686,57.08600016],[9.88980021,57.0859997]],[[9.88980021,57.0859997],[9.88979356,57.08599922]],[[9.88979356,57.08599922],[9.88978692,57.08599874]],[[9.88978692,57.08599874],[9.88978027,57.08599825]],[[9.88978027,57.08599825],[9.88977363,57.08599776]],[[9.88977363,57.08599776],[9.88976698,57.08599727]],[[9.88976698,57.08599727],[9.88976034,57.08599677]],[[9.88976034,57.08599677],[9.88975369,57.08599627]],[[9.88975369,57.08599627],[9.88974706,57.08599576]],[[9.88974706,57.08599576],[9.88974042,57.08599526]],[[9.88974042,57.08599526],[9.88973377,57.08599475]],[[9.88973377,57.08599475],[9.88972714,57.08599423]],[[9.88972714,57.08599423],[9.8897205,57.08599372]],[[9.8897205,57.08599372],[9.88971387,57.0859932]],[[9.88971387,57.0859932],[9.88970723,57.08599268]],[[9.88970723,57.08599268],[9.8897006,57.08599216]],[[9.8897006,57.08599216],[9.88969395,57.08599163]],[[9.88969395,57.08599163],[9.88968732,57.08599111]],[[9.88968732,57.08599111],[9.88968069,57.08599059]],[[9.88968069,57.08599059],[9.88967405,57.08599006]],[[9.88967405,57.08599006],[9.88966742,57.08598953]],[[9.88966742,57.08598953],[9.88966079,57.08598901]],[[9.88966079,57.08598901],[9.88966079,57.08598901]],[[9.88966079,57.08598901],[9.88872231,57.08591452]],[[9.88940534,57.08375762],[9.88944442,57.0837411]],[[9.88637131,57.08162965],[9.88641039,57.08161313]],[[9.88738262,57.08233898],[9.88742169,57.08232246]],[[9.88839395,57.08304831],[9.88843304,57.08303178]],[[9.89041676,57.08446692],[9.89045583,57.08445041]],[[9.89130063,57.08520842],[9.89134915,57.08520311]],[[9.89062422,57.0859369],[9.89064511,57.08596131]],[[9.88901517,57.08592416],[9.88900803,57.08595081]],[[9.9153761,57.09600983],[9.91557508,57.09604505]],[[9.91557508,57.09604505],[9.91576789,57.0960893]],[[9.91576789,57.0960893],[9.91595314,57.09614226]],[[9.91595314,57.09614226],[9.91612953,57.09620354]],[[9.91612953,57.09620354],[9.91629575,57.09627271]],[[9.91629575,57.09627271],[9.91645066,57.09634928]],[[9.91645066,57.09634928],[9.91659311,57.09643271]],[[9.91659311,57.09643271],[9.91672212,57.09652238]],[[9.91672212,57.09652238],[9.91672711,57.09652618]],[[9.91672711,57.09652618],[9.91673209,57.09652999]],[[9.91673209,57.09652999],[9.91673703,57.09653381]],[[9.91673703,57.09653381],[9.91674194,57.09653764]],[[9.91674194,57.09653764],[9.91674685,57.09654148]],[[9.91674685,57.09654148],[9.91675172,57.09654533]],[[9.91675172,57.09654533],[9.91675656,57.09654918]],[[9.91675656,57.09654918],[9.91676139,57.09655305]],[[9.91676139,57.09655305],[9.9167662,57.09655692]],[[9.9167662,57.09655692],[9.91677097,57.0965608]],[[9.91677097,57.0965608],[9.91677575,57.09656468]],[[9.91677575,57.09656468],[9.91678047,57.09656858]],[[9.91678047,57.09656858],[9.9167852,57.09657249]],[[9.9167852,57.09657249],[9.91678989,57.09657639]],[[9.91678989,57.09657639],[9.91679457,57.09658031]],[[9.91679457,57.09658031],[9.91679923,57.09658424]],[[9.91679923,57.09658424],[9.91680387,57.09658817]],[[9.91680387,57.09658817],[9.91680848,57.09659211]],[[9.91680848,57.09659211],[9.91681308,57.09659606]],[[9.91681308,57.09659606],[9.91681766,57.09660001]],[[9.91681766,57.09660001],[9.91682222,57.09660397]],[[9.91682222,57.09660397],[9.91682676,57.09660793]],[[9.91682676,57.09660793],[9.91683127,57.0966119]],[[9.91683127,57.0966119],[9.91683578,57.09661588]],[[9.91683578,57.09661588],[9.91684026,57.09661986]],[[9.91684026,57.09661986],[9.91684472,57.09662385]],[[9.91684472,57.09662385],[9.91684919,57.09662785]],[[9.91684919,57.09662785],[9.91685362,57.09663185]],[[9.91685362,57.09663185],[9.91685803,57.09663586]],[[9.91685803,57.09663586],[9.91686242,57.09663988]],[[9.91686242,57.09663988],[9.91686682,57.09664389]],[[9.91686682,57.09664389],[9.91687118,57.09664791]],[[9.91687118,57.09664791],[9.91687553,57.09665194]],[[9.91687553,57.09665194],[9.91687988,57.09665597]],[[9.91687988,57.09665597],[9.91688419,57.09666001]],[[9.91688419,57.09666001],[9.9168885,57.09666405]],[[9.9168885,57.09666405],[9.91689278,57.0966681]],[[9.91689278,57.0966681],[9.91689706,57.09667215]],[[9.91689706,57.09667215],[9.91690133,57.09667621]],[[9.91690133,57.09667621],[9.91690559,57.09668026]],[[9.91690559,57.09668026],[9.91690982,57.09668433]],[[9.91690982,57.09668433],[9.91691405,57.09668839]],[[9.91691405,57.09668839],[9.91691825,57.09669246]],[[9.91691825,57.09669246],[9.91692245,57.09669654]],[[9.91692245,57.09669654],[9.91692665,57.09670062]],[[9.91692665,57.09670062],[9.91693081,57.0967047]],[[9.91693081,57.0967047],[9.91693498,57.09670879]],[[9.91693498,57.09670879],[9.91693914,57.09671288]],[[9.91693914,57.09671288],[9.91694327,57.09671697]],[[9.91694327,57.09671697],[9.91694741,57.09672107]],[[9.91694741,57.09672107],[9.91695154,57.09672516]],[[9.91695154,57.09672516],[9.91695565,57.09672927]],[[9.91695565,57.09672927],[9.91695975,57.09673337]],[[9.91695975,57.09673337],[9.91696383,57.09673748]],[[9.91696383,57.09673748],[9.91696793,57.09674159]],[[9.91696793,57.09674159],[9.916972,57.0967457]],[[9.916972,57.0967457],[9.91697606,57.09674981]],[[9.91697606,57.09674981],[9.91698013,57.09675394]],[[9.91698013,57.09675394],[9.91698418,57.09675805]],[[9.91698418,57.09675805],[9.91698823,57.09676218]],[[9.91698823,57.09676218],[9.91699226,57.0967663]],[[9.91699226,57.0967663],[9.91699629,57.09677043]],[[9.91699629,57.09677043],[9.91700031,57.09677455]],[[9.91700031,57.09677455],[9.91700433,57.09677868]],[[9.91700433,57.09677868],[9.91700834,57.09678281]],[[9.91700834,57.09678281],[9.91701234,57.09678694]],[[9.91701234,57.09678694],[9.91701634,57.09679108]],[[9.91701634,57.09679108],[9.91702034,57.09679521]],[[9.91702034,57.09679521],[9.91702434,57.09679935]],[[9.91702434,57.09679935],[9.91702833,57.09680348]],[[9.91702833,57.09680348],[9.91703231,57.09680763]],[[9.91703231,57.09680763],[9.91703629,57.09681176]],[[9.91703629,57.09681176],[9.91704028,57.0968159]],[[9.91704028,57.0968159],[9.91704424,57.09682005]],[[9.91704424,57.09682005],[9.91704821,57.09682419]],[[9.91704821,57.09682419],[9.91705219,57.09682833]],[[9.91705219,57.09682833],[9.91705616,57.09683247]],[[9.91705616,57.09683247],[9.91706013,57.09683661]],[[9.91706013,57.09683661],[9.91706408,57.09684077]],[[9.91706408,57.09684077],[9.91706804,57.09684491]],[[9.91706804,57.09684491],[9.91707201,57.09684905]],[[9.91707201,57.09684905],[9.91707598,57.09685319]],[[9.91707598,57.09685319],[9.91707598,57.09685319]],[[9.91707598,57.09685319],[9.91707978,57.09685717]],[[9.91707978,57.09685717],[9.91708356,57.09686115]],[[9.91708356,57.09686115],[9.91708737,57.09686512]],[[9.91708737,57.09686512],[9.91709117,57.0968691]],[[9.91709117,57.0968691],[9.91709497,57.09687307]],[[9.91709497,57.09687307],[9.91709877,57.09687704]],[[9.91709877,57.09687704],[9.91710258,57.09688101]],[[9.91710258,57.09688101],[9.91710638,57.09688499]],[[9.91710638,57.09688499],[9.91711018,57.09688896]],[[9.91711018,57.09688896],[9.91711398,57.09689294]],[[9.91711398,57.09689294],[9.91711778,57.09689691]],[[9.91711778,57.09689691],[9.91712159,57.09690088]],[[9.91712159,57.09690088],[9.91712539,57.09690485]],[[9.91712539,57.09690485],[9.91712919,57.09690883]],[[9.91712919,57.09690883],[9.91713299,57.0969128]],[[9.91713299,57.0969128],[9.91713681,57.09691678]],[[9.91713681,57.09691678],[9.91714061,57.09692075]],[[9.91714061,57.09692075],[9.91714443,57.09692471]],[[9.91714443,57.09692471],[9.91714824,57.09692868]],[[9.91714824,57.09692868],[9.91715205,57.09693265]],[[9.91715205,57.09693265],[9.91715587,57.09693662]],[[9.91715587,57.09693662],[9.91715969,57.09694059]],[[9.91715969,57.09694059],[9.91716351,57.09694456]],[[9.91716351,57.09694456],[9.91716733,57.09694853]],[[9.91716733,57.09694853],[9.91717116,57.09695249]],[[9.91717116,57.09695249],[9.91717498,57.09695647]],[[9.91717498,57.09695647],[9.91717882,57.09696043]],[[9.91717882,57.09696043],[9.91718264,57.09696439]],[[9.91718264,57.09696439],[9.91718647,57.09696835]],[[9.91718647,57.09696835],[9.91719031,57.09697232]],[[9.91719031,57.09697232],[9.91719416,57.09697629]],[[9.91719416,57.09697629],[9.91719799,57.09698024]],[[9.91719799,57.09698024],[9.91720183,57.0969842]],[[9.91720183,57.0969842],[9.91720568,57.09698817]],[[9.91720568,57.09698817],[9.91720953,57.09699213]],[[9.91720953,57.09699213],[9.91721338,57.09699609]],[[9.91721338,57.09699609],[9.91721724,57.09700005]],[[9.91721724,57.09700005],[9.91722109,57.097004]],[[9.91722109,57.097004],[9.91722496,57.09700796]],[[9.91722496,57.09700796],[9.91722881,57.09701192]],[[9.91722881,57.09701192],[9.91723268,57.09701587]],[[9.91723268,57.09701587],[9.91723654,57.09701982]],[[9.91723654,57.09701982],[9.91724041,57.09702378]],[[9.91724041,57.09702378],[9.9172443,57.09702773]],[[9.9172443,57.09702773],[9.91724818,57.09703168]],[[9.91724818,57.09703168],[9.91725205,57.09703563]],[[9.91725205,57.09703563],[9.91725594,57.09703958]],[[9.91725594,57.09703958],[9.91725984,57.09704353]],[[9.91725984,57.09704353],[9.91726372,57.09704748]],[[9.91726372,57.09704748],[9.91726762,57.09705143]],[[9.91726762,57.09705143],[9.91727152,57.09705537]],[[9.91727152,57.09705537],[9.91727543,57.09705932]],[[9.91727543,57.09705932],[9.91727934,57.09706325]],[[9.91727934,57.09706325],[9.91728324,57.0970672]],[[9.91728324,57.0970672],[9.91728716,57.09707113]],[[9.91728716,57.09707113],[9.9172911,57.09707508]],[[9.9172911,57.09707508],[9.91729501,57.09707901]],[[9.91729501,57.09707901],[9.91729895,57.09708295]],[[9.91729895,57.09708295],[9.91730288,57.09708688]],[[9.91730288,57.09708688],[9.91730683,57.09709081]],[[9.91730683,57.09709081],[9.91731077,57.09709475]],[[9.91731077,57.09709475],[9.91731472,57.09709867]],[[9.91731472,57.09709867],[9.91731869,57.0971026]],[[9.91731869,57.0971026],[9.91732264,57.09710653]],[[9.91732264,57.09710653],[9.9173266,57.09711045]],[[9.9173266,57.09711045],[9.91733059,57.09711438]],[[9.91733059,57.09711438],[9.91733456,57.0971183]],[[9.91733456,57.0971183],[9.91733854,57.09712223]],[[9.91733854,57.09712223],[9.91734254,57.09712614]],[[9.91734254,57.09712614],[9.91734652,57.09713006]],[[9.91734652,57.09713006],[9.91735052,57.09713397]],[[9.91735052,57.09713397],[9.91735454,57.09713789]],[[9.91735454,57.09713789],[9.91735854,57.0971418]],[[9.91735854,57.0971418],[9.91736256,57.09714572]],[[9.91736256,57.09714572],[9.91736659,57.09714962]],[[9.91736659,57.09714962],[9.91737061,57.09715352]],[[9.91737061,57.09715352],[9.91737464,57.09715743]],[[9.91737464,57.09715743],[9.91737869,57.09716133]],[[9.91737869,57.09716133],[9.91738274,57.09716523]],[[9.91738274,57.09716523],[9.91738679,57.09716913]],[[9.91738679,57.09716913],[9.91739084,57.09717303]],[[9.91739084,57.09717303],[9.91739491,57.09717692]],[[9.91739491,57.09717692],[9.91779424,57.09752473]],[[9.91779424,57.09752473],[9.91824522,57.09785329]],[[9.91824522,57.09785329],[9.91874474,57.09816035]],[[9.91874474,57.09816035],[9.91928934,57.0984438]],[[9.91928934,57.0984438],[9.91929926,57.09844855]],[[9.91929926,57.09844855],[9.9193092,57.09845328]],[[9.9193092,57.09845328],[9.91931914,57.09845801]],[[9.91931914,57.09845801],[9.91932909,57.09846273]],[[9.91932909,57.09846273],[9.91933906,57.09846744]],[[9.91933906,57.09846744],[9.91934905,57.09847215]],[[9.91934905,57.09847215],[9.91935904,57.09847685]],[[9.91935904,57.09847685],[9.91936906,57.09848154]],[[9.91936906,57.09848154],[9.91937907,57.09848622]],[[9.91937907,57.09848622],[9.9193891,57.0984909]],[[9.9193891,57.0984909],[9.91939914,57.09849557]],[[9.91939914,57.09849557],[9.9194092,57.09850023]],[[9.9194092,57.09850023],[9.91941925,57.09850489]],[[9.91941925,57.09850489],[9.91942932,57.09850954]],[[9.91942932,57.09850954],[9.91943941,57.09851418]],[[9.91943941,57.09851418],[9.9194495,57.09851882]],[[9.9194495,57.09851882],[9.9194596,57.09852344]],[[9.9194596,57.09852344],[9.9194697,57.09852808]],[[9.9194697,57.09852808],[9.91947982,57.09853269]],[[9.91947982,57.09853269],[9.91948996,57.0985373]],[[9.91948996,57.0985373],[9.9195001,57.09854191]],[[9.9195001,57.09854191],[9.91951025,57.0985465]],[[9.91951025,57.0985465],[9.9195204,57.0985511]],[[9.9195204,57.0985511],[9.91953057,57.09855568]],[[9.91953057,57.09855568],[9.91954074,57.09856027]],[[9.91954074,57.09856027],[9.91955093,57.09856485]],[[9.91955093,57.09856485],[9.91956113,57.09856941]],[[9.91956113,57.09856941],[9.91957132,57.09857398]],[[9.91957132,57.09857398],[9.91958154,57.09857854]],[[9.91958154,57.09857854],[9.91959176,57.09858309]],[[9.91959176,57.09858309],[9.91960198,57.09858764]],[[9.91960198,57.09858764],[9.91961221,57.09859218]],[[9.91961221,57.09859218],[9.91962245,57.09859673]],[[9.91962245,57.09859673],[9.91963269,57.09860126]],[[9.91963269,57.09860126],[9.91964295,57.09860579]],[[9.91964295,57.09860579],[9.91965321,57.09861031]],[[9.91965321,57.09861031],[9.91966348,57.09861484]],[[9.91966348,57.09861484],[9.91967375,57.09861935]],[[9.91967375,57.09861935],[9.91968403,57.09862387]],[[9.91968403,57.09862387],[9.91969432,57.09862837]],[[9.91969432,57.09862837],[9.9197046,57.09863288]],[[9.9197046,57.09863288],[9.9197149,57.09863737]],[[9.9197149,57.09863737],[9.91972521,57.09864187]],[[9.91972521,57.09864187],[9.91973552,57.09864637]],[[9.91973552,57.09864637],[9.91974584,57.09865086]],[[9.91974584,57.09865086],[9.91975616,57.09865533]],[[9.91975616,57.09865533],[9.91976648,57.09865982]],[[9.91976648,57.09865982],[9.91977682,57.09866429]],[[9.91977682,57.09866429],[9.91978715,57.09866877]],[[9.91978715,57.09866877],[9.9197975,57.09867324]],[[9.9197975,57.09867324],[9.91980784,57.09867771]],[[9.91980784,57.09867771],[9.91981819,57.09868217]],[[9.91981819,57.09868217],[9.91982856,57.09868663]],[[9.91982856,57.09868663],[9.91983891,57.09869109]],[[9.91983891,57.09869109],[9.91984928,57.09869554]],[[9.91984928,57.09869554],[9.91985965,57.09869999]],[[9.91985965,57.09869999],[9.91987001,57.09870445]],[[9.91987001,57.09870445],[9.91988038,57.0987089]],[[9.91988038,57.0987089],[9.91989077,57.09871334]],[[9.91989077,57.09871334],[9.91990115,57.09871778]],[[9.91990115,57.09871778],[9.91991154,57.09872223]],[[9.91991154,57.09872223],[9.91992192,57.09872666]],[[9.91992192,57.09872666],[9.91993231,57.09873109]],[[9.91993231,57.09873109],[9.91994271,57.09873554]],[[9.91994271,57.09873554],[9.91995311,57.09873996]],[[9.91995311,57.09873996],[9.91996349,57.09874439]],[[9.91996349,57.09874439],[9.91997389,57.09874883]],[[9.91997389,57.09874883],[9.9199843,57.09875325]],[[9.9199843,57.09875325],[9.91999471,57.09875768]],[[9.91999471,57.09875768],[9.92000512,57.0987621]],[[9.92000512,57.0987621],[9.92001553,57.09876653]],[[9.92001553,57.09876653],[9.92002593,57.09877095]],[[9.92002593,57.09877095],[9.92003635,57.09877538]],[[9.92003635,57.09877538],[9.92004675,57.09877979]],[[9.92004675,57.09877979],[9.92005717,57.09878422]],[[9.92005717,57.09878422],[9.92006759,57.09878863]],[[9.92006759,57.09878863],[9.92007801,57.09879305]],[[9.92007801,57.09879305],[9.92008842,57.09879747]],[[9.92008842,57.09879747],[9.92009884,57.09880189]],[[9.92009884,57.09880189],[9.92010926,57.09880631]],[[9.92010926,57.09880631],[9.92011968,57.09881072]],[[9.92011968,57.09881072],[9.9201301,57.09881515]],[[9.9201301,57.09881515],[9.9201301,57.09881515]],[[9.9201301,57.09881515],[9.92013867,57.09881877]],[[9.92013867,57.09881877],[9.92014722,57.0988224]],[[9.92014722,57.0988224],[9.92015579,57.09882604]],[[9.92015579,57.09882604],[9.92016437,57.09882967]],[[9.92016437,57.09882967],[9.92017292,57.0988333]],[[9.92017292,57.0988333],[9.92018149,57.09883694]],[[9.92018149,57.09883694],[9.92019006,57.09884057]],[[9.92019006,57.09884057],[9.92019864,57.0988442]],[[9.92019864,57.0988442],[9.92020719,57.09884784]],[[9.92020719,57.09884784],[9.92021576,57.09885146]],[[9.92021576,57.09885146],[9.92022434,57.09885509]],[[9.92022434,57.09885509],[9.92023289,57.09885873]],[[9.92023289,57.09885873],[9.92024146,57.09886236]],[[9.92024146,57.09886236],[9.92025003,57.09886599]],[[9.92025003,57.09886599],[9.92025859,57.09886963]],[[9.92025859,57.09886963],[9.92026716,57.09887326]],[[9.92026716,57.09887326],[9.92027573,57.0988769]],[[9.92027573,57.0988769],[9.92028429,57.09888053]],[[9.92028429,57.09888053],[9.92029286,57.09888416]],[[9.92029286,57.09888416],[9.92030141,57.0988878]],[[9.92030141,57.0988878],[9.92030999,57.09889143]],[[9.92030999,57.09889143],[9.92031854,57.09889506]],[[9.92031854,57.09889506],[9.92032711,57.0988987]],[[9.92032711,57.0988987],[9.92033568,57.09890234]],[[9.92033568,57.09890234],[9.92034424,57.09890597]],[[9.92034424,57.09890597],[9.92035281,57.0989096]],[[9.92035281,57.0989096],[9.92036137,57.09891324]],[[9.92036137,57.09891324],[9.92036992,57.09891687]],[[9.92036992,57.09891687],[9.92037849,57.09892051]],[[9.92037849,57.09892051],[9.92038705,57.09892415]],[[9.92038705,57.09892415],[9.92039562,57.09892778]],[[9.92039562,57.09892778],[9.92040418,57.09893141]],[[9.92040418,57.09893141],[9.92041273,57.09893506]],[[9.92041273,57.09893506],[9.9204213,57.09893869]],[[9.9204213,57.09893869],[9.92042986,57.09894232]],[[9.92042986,57.09894232],[9.92043841,57.09894596]],[[9.92043841,57.09894596],[9.92044698,57.0989496]],[[9.92044698,57.0989496],[9.92045554,57.09895324]],[[9.92045554,57.09895324],[9.9204641,57.09895687]],[[9.9204641,57.09895687],[9.92047265,57.09896052]],[[9.92047265,57.09896052],[9.92048122,57.09896415]],[[9.92048122,57.09896415],[9.92048978,57.09896779]],[[9.92048978,57.09896779],[9.92049833,57.09897143]],[[9.92049833,57.09897143],[9.92050689,57.09897507]],[[9.92050689,57.09897507],[9.92051544,57.09897871]],[[9.92051544,57.09897871],[9.920524,57.09898235]],[[9.920524,57.09898235],[9.92053255,57.09898599]],[[9.92053255,57.09898599],[9.92054111,57.09898963]],[[9.92054111,57.09898963],[9.92054966,57.09899327]],[[9.92054966,57.09899327],[9.92055822,57.09899691]],[[9.92055822,57.09899691],[9.92056677,57.09900055]],[[9.92056677,57.09900055],[9.92057533,57.0990042]],[[9.92057533,57.0990042],[9.92058388,57.09900784]],[[9.92058388,57.09900784],[9.92059242,57.09901148]],[[9.92059242,57.09901148],[9.92060098,57.09901512]],[[9.92060098,57.09901512],[9.92060953,57.09901877]],[[9.92060953,57.09901877],[9.92061807,57.09902242]],[[9.92061807,57.09902242],[9.92062663,57.09902606]],[[9.92062663,57.09902606],[9.92063518,57.0990297]],[[9.92063518,57.0990297],[9.92064372,57.09903334]],[[9.92064372,57.09903334],[9.92065228,57.09903699]],[[9.92065228,57.09903699],[9.92066082,57.09904064]],[[9.92066082,57.09904064],[9.92066937,57.09904429]],[[9.92066937,57.09904429],[9.92067791,57.09904793]],[[9.92067791,57.09904793],[9.92068645,57.09905158]],[[9.92068645,57.09905158],[9.920695,57.09905523]],[[9.920695,57.09905523],[9.92070354,57.09905888]],[[9.92070354,57.09905888],[9.92071208,57.09906253]],[[9.92071208,57.09906253],[9.92072062,57.09906618]],[[9.92072062,57.09906618],[9.92072918,57.09906983]],[[9.92072918,57.09906983],[9.92073771,57.09907348]],[[9.92073771,57.09907348],[9.92074625,57.09907713]],[[9.92074625,57.09907713],[9.92075479,57.09908078]],[[9.92075479,57.09908078],[9.92076333,57.09908443]],[[9.92076333,57.09908443],[9.92077187,57.09908809]],[[9.92077187,57.09908809],[9.92078039,57.09909175]],[[9.92078039,57.09909175],[9.92078893,57.0990954]],[[9.92078893,57.0990954],[9.92079747,57.09909905]],[[9.92079747,57.09909905],[9.92080601,57.09910271]],[[9.92080601,57.09910271],[9.92081453,57.09910636]],[[9.92081453,57.09910636],[9.92082307,57.09911002]],[[9.92082307,57.09911002],[9.92083159,57.09911368]],[[9.92083159,57.09911368],[9.92234711,57.09977927]],[[9.92234711,57.09977927],[9.92383344,57.10046409]],[[9.92383344,57.10046409],[9.92528978,57.10116776]],[[9.91536944,57.0960228],[9.91538275,57.09599686]],[[9.91562473,57.09606996],[9.91564319,57.09604497]],[[9.91683619,57.09664223],[9.91687865,57.09662838]],[[9.91764328,57.09742556],[9.91768484,57.09741093]],[[9.91866285,57.0981331],[9.91869887,57.09811462]],[[9.91989464,57.09873213],[9.91992521,57.09871094]],[[9.92119241,57.09928647],[9.92122325,57.0992654]],[[9.92247186,57.09985301],[9.92250348,57.09983228]],[[9.92373032,57.10043332],[9.9237627,57.10041294]],[[9.9249673,57.10102717],[9.92500041,57.10100715]],[[9.86687187,56.99374487],[9.8657442,56.99416596]],[[9.8657442,56.99416596],[9.8657442,56.99416596]],[[9.8657442,56.99416596],[9.86574021,56.99416745]],[[9.86574021,56.99416745],[9.86573621,56.99416894]],[[9.86573621,56.99416894],[9.86573222,56.99417043]],[[9.86573222,56.99417043],[9.86572823,56.99417192]],[[9.86572823,56.99417192],[9.86572425,56.99417341]],[[9.86572425,56.99417341],[9.86572026,56.99417489]],[[9.86572026,56.99417489],[9.86571627,56.99417638]],[[9.86571627,56.99417638],[9.86571229,56.99417788]],[[9.86571229,56.99417788],[9.8657083,56.99417936]],[[9.8657083,56.99417936],[9.86570431,56.99418085]],[[9.86570431,56.99418085],[9.86570031,56.99418234]],[[9.86570031,56.99418234],[9.86569632,56.99418382]],[[9.86569632,56.99418382],[9.86569233,56.99418531]],[[9.86569233,56.99418531],[9.86568835,56.99418679]],[[9.86568835,56.99418679],[9.86568434,56.99418828]],[[9.86568434,56.99418828],[9.86568036,56.99418977]],[[9.86568036,56.99418977],[9.86567637,56.99419125]],[[9.86567637,56.99419125],[9.86567237,56.99419274]],[[9.86567237,56.99419274],[9.86566838,56.99419423]],[[9.86566838,56.99419423],[9.86566438,56.99419571]],[[9.86566438,56.99419571],[9.86566039,56.99419719]],[[9.86566039,56.99419719],[9.86565639,56.99419868]],[[9.86565639,56.99419868],[9.8656524,56.99420016]],[[9.8656524,56.99420016],[9.8656484,56.99420164]],[[9.8656484,56.99420164],[9.86564441,56.99420313]],[[9.86564441,56.99420313],[9.86564041,56.9942046]],[[9.86564041,56.9942046],[9.8656364,56.99420608]],[[9.8656364,56.99420608],[9.8656324,56.99420757]],[[9.8656324,56.99420757],[9.8656284,56.99420905]],[[9.8656284,56.99420905],[9.86562439,56.99421052]],[[9.86562439,56.99421052],[9.86562039,56.994212]],[[9.86562039,56.994212],[9.86561639,56.99421348]],[[9.86561639,56.99421348],[9.86561238,56.99421495]],[[9.86561238,56.99421495],[9.86560838,56.99421642]],[[9.86560838,56.99421642],[9.86560438,56.9942179]],[[9.86560438,56.9942179],[9.86560037,56.99421937]],[[9.86560037,56.99421937],[9.86559635,56.99422084]],[[9.86559635,56.99422084],[9.86559235,56.99422232]],[[9.86559235,56.99422232],[9.86558833,56.99422378]],[[9.86558833,56.99422378],[9.86558433,56.99422525]],[[9.86558433,56.99422525],[9.86558031,56.99422672]],[[9.86558031,56.99422672],[9.86557629,56.99422819]],[[9.86557629,56.99422819],[9.86557227,56.99422965]],[[9.86557227,56.99422965],[9.86556825,56.99423112]],[[9.86556825,56.99423112],[9.86556423,56.99423258]],[[9.86556423,56.99423258],[9.86556021,56.99423404]],[[9.86556021,56.99423404],[9.86555619,56.9942355]],[[9.86555619,56.9942355],[9.86555217,56.99423696]],[[9.86555217,56.99423696],[9.86554813,56.99423842]],[[9.86554813,56.99423842],[9.86554411,56.99423988]],[[9.86554411,56.99423988],[9.86554008,56.99424133]],[[9.86554008,56.99424133],[9.86553606,56.99424279]],[[9.86553606,56.99424279],[9.86553202,56.99424424]],[[9.86553202,56.99424424],[9.86552798,56.99424569]],[[9.86552798,56.99424569],[9.86552395,56.99424714]],[[9.86552395,56.99424714],[9.86551991,56.99424859]],[[9.86551991,56.99424859],[9.86551588,56.99425004]],[[9.86551588,56.99425004],[9.86551182,56.99425149]],[[9.86551182,56.99425149],[9.86550779,56.99425293]],[[9.86550779,56.99425293],[9.86550373,56.99425437]],[[9.86550373,56.99425437],[9.8654997,56.99425581]],[[9.8654997,56.99425581],[9.86549565,56.99425725]],[[9.86549565,56.99425725],[9.86549159,56.99425869]],[[9.86549159,56.99425869],[9.86548754,56.99426013]],[[9.86548754,56.99426013],[9.86548349,56.99426157]],[[9.86548349,56.99426157],[9.86547944,56.994263]],[[9.86547944,56.994263],[9.86547537,56.99426442]],[[9.86547537,56.99426442],[9.86547131,56.99426586]],[[9.86547131,56.99426586],[9.86546725,56.99426729]],[[9.86546725,56.99426729],[9.86546318,56.99426871]],[[9.86546318,56.99426871],[9.86545911,56.99427014]],[[9.86545911,56.99427014],[9.86545504,56.99427156]],[[9.86545504,56.99427156],[9.86545097,56.99427297]],[[9.86545097,56.99427297],[9.8654469,56.9942744]],[[9.8654469,56.9942744],[9.86544282,56.99427581]],[[9.86544282,56.99427581],[9.86543875,56.99427723]],[[9.86543875,56.99427723],[9.86543466,56.99427864]],[[9.86543466,56.99427864],[9.86543058,56.99428005]],[[9.86543058,56.99428005],[9.86542649,56.99428146]],[[9.86542649,56.99428146],[9.86542241,56.99428287]],[[9.86542241,56.99428287],[9.86541832,56.99428426]],[[9.86541832,56.99428426],[9.86541422,56.99428567]],[[9.86541422,56.99428567],[9.86519471,56.99435652]],[[9.86519471,56.99435652],[9.86496878,56.99442108]],[[9.86496878,56.99442108],[9.86473705,56.99447919]],[[9.86473705,56.99447919],[9.8647326,56.99448022]],[[9.8647326,56.99448022],[9.86472815,56.99448126]],[[9.86472815,56.99448126],[9.86472371,56.9944823]],[[9.86472371,56.9944823],[9.86471926,56.99448332]],[[9.86471926,56.99448332],[9.86471482,56.99448435]],[[9.86471482,56.99448435],[9.86471035,56.99448538]],[[9.86471035,56.99448538],[9.86470591,56.99448641]],[[9.86470591,56.99448641],[9.86470144,56.99448743]],[[9.86470144,56.99448743],[9.864697,56.99448845]],[[9.864697,56.99448845],[9.86469254,56.99448946]],[[9.86469254,56.99448946],[9.86468807,56.99449047]],[[9.86468807,56.99449047],[9.86468361,56.99449149]],[[9.86468361,56.99449149],[9.86467915,56.9944925]],[[9.86467915,56.9944925],[9.86467469,56.99449351]],[[9.86467469,56.99449351],[9.86467022,56.99449452]],[[9.86467022,56.99449452],[9.86466575,56.99449552]],[[9.86466575,56.99449552],[9.86466128,56.99449653]],[[9.86466128,56.99449653],[9.86465682,56.99449753]],[[9.86465682,56.99449753],[9.86465234,56.99449853]],[[9.86465234,56.99449853],[9.86464786,56.99449953]],[[9.86464786,56.99449953],[9.8646434,56.99450052]],[[9.8646434,56.99450052],[9.86463892,56.99450152]],[[9.86463892,56.99450152],[9.86463444,56.99450251]],[[9.86463444,56.99450251],[9.86462996,56.9945035]],[[9.86462996,56.9945035],[9.86462549,56.99450449]],[[9.86462549,56.99450449],[9.86462101,56.99450548]],[[9.86462101,56.99450548],[9.86461653,56.99450646]],[[9.86461653,56.99450646],[9.86461203,56.99450745]],[[9.86461203,56.99450745],[9.86460755,56.99450843]],[[9.86460755,56.99450843],[9.86460308,56.99450941]],[[9.86460308,56.99450941],[9.86459858,56.99451039]],[[9.86459858,56.99451039],[9.8645941,56.99451137]],[[9.8645941,56.99451137],[9.86458961,56.99451234]],[[9.86458961,56.99451234],[9.86458511,56.99451332]],[[9.86458511,56.99451332],[9.86458063,56.99451429]],[[9.86458063,56.99451429],[9.86457614,56.99451526]],[[9.86457614,56.99451526],[9.86457164,56.99451624]],[[9.86457164,56.99451624],[9.86456715,56.9945172]],[[9.86456715,56.9945172],[9.86456265,56.99451818]],[[9.86456265,56.99451818],[9.86455816,56.99451914]],[[9.86455816,56.99451914],[9.86455366,56.99452011]],[[9.86455366,56.99452011],[9.86454917,56.99452107]],[[9.86454917,56.99452107],[9.86454467,56.99452204]],[[9.86454467,56.99452204],[9.86454016,56.994523]],[[9.86454016,56.994523],[9.86453567,56.99452396]],[[9.86453567,56.99452396],[9.86453117,56.99452492]],[[9.86453117,56.99452492],[9.86452666,56.99452588]],[[9.86452666,56.99452588],[9.86452216,56.99452684]],[[9.86452216,56.99452684],[9.86451765,56.99452779]],[[9.86451765,56.99452779],[9.86451316,56.99452875]],[[9.86451316,56.99452875],[9.86450865,56.9945297]],[[9.86450865,56.9945297],[9.86450415,56.99453066]],[[9.86450415,56.99453066],[9.86449964,56.99453162]],[[9.86449964,56.99453162],[9.86449513,56.99453256]],[[9.86449513,56.99453256],[9.86449063,56.99453352]],[[9.86449063,56.99453352],[9.86448612,56.99453447]],[[9.86448612,56.99453447],[9.86448161,56.99453542]],[[9.86448161,56.99453542],[9.8644771,56.99453637]],[[9.8644771,56.99453637],[9.8644726,56.99453732]],[[9.8644726,56.99453732],[9.86446809,56.99453826]],[[9.86446809,56.99453826],[9.86446358,56.99453921]],[[9.86446358,56.99453921],[9.86445907,56.99454016]],[[9.86445907,56.99454016],[9.86445456,56.9945411]],[[9.86445456,56.9945411],[9.86445004,56.99454205]],[[9.86445004,56.99454205],[9.86444553,56.994543]],[[9.86444553,56.994543],[9.86444102,56.99454394]],[[9.86444102,56.99454394],[9.86443651,56.99454488]],[[9.86443651,56.99454488],[9.864432,56.99454583]],[[9.864432,56.99454583],[9.86442749,56.99454678]],[[9.86442749,56.99454678],[9.86442298,56.99454771]],[[9.86442298,56.99454771],[9.86441846,56.99454866]],[[9.86441846,56.99454866],[9.86441395,56.9945496]],[[9.86441395,56.9945496],[9.86440944,56.99455055]],[[9.86440944,56.99455055],[9.86440491,56.99455148]],[[9.86440491,56.99455148],[9.8644004,56.99455242]],[[9.8644004,56.99455242],[9.86439589,56.99455337]],[[9.86439589,56.99455337],[9.86439138,56.99455431]],[[9.86439138,56.99455431],[9.86438687,56.99455525]],[[9.86438687,56.99455525],[9.86438236,56.99455619]],[[9.86438236,56.99455619],[9.86437783,56.99455713]],[[9.86437783,56.99455713],[9.86437332,56.99455807]],[[9.86437332,56.99455807],[9.8643688,56.99455902]],[[9.8643688,56.99455902],[9.8643688,56.99455902]],[[9.8643688,56.99455902],[9.86436256,56.99456031]],[[9.86436256,56.99456031],[9.86435631,56.99456162]],[[9.86435631,56.99456162],[9.86435007,56.99456292]],[[9.86435007,56.99456292],[9.86434381,56.99456422]],[[9.86434381,56.99456422],[9.86433757,56.99456552]],[[9.86433757,56.99456552],[9.86433131,56.99456682]],[[9.86433131,56.99456682],[9.86432507,56.99456813]],[[9.86432507,56.99456813],[9.86431882,56.99456943]],[[9.86431882,56.99456943],[9.86431258,56.99457074]],[[9.86431258,56.99457074],[9.86430634,56.99457204]],[[9.86430634,56.99457204],[9.86430008,56.99457335]],[[9.86430008,56.99457335],[9.86429384,56.99457465]],[[9.86429384,56.99457465],[9.8642876,56.99457595]],[[9.8642876,56.99457595],[9.86428134,56.99457727]],[[9.86428134,56.99457727],[9.8642751,56.99457857]],[[9.8642751,56.99457857],[9.86426886,56.99457988]],[[9.86426886,56.99457988],[9.86426262,56.99458119]],[[9.86426262,56.99458119],[9.86425638,56.9945825]],[[9.86425638,56.9945825],[9.86425014,56.99458382]],[[9.86425014,56.99458382],[9.8642439,56.99458512]],[[9.8642439,56.99458512],[9.86423766,56.99458644]],[[9.86423766,56.99458644],[9.86423142,56.99458776]],[[9.86423142,56.99458776],[9.86422518,56.99458907]],[[9.86422518,56.99458907],[9.86421894,56.99459038]],[[9.86421894,56.99459038],[9.8642127,56.9945917]],[[9.8642127,56.9945917],[9.86420647,56.99459303]],[[9.86420647,56.99459303],[9.86420023,56.99459435]],[[9.86420023,56.99459435],[9.86419399,56.99459567]],[[9.86419399,56.99459567],[9.86418777,56.99459699]],[[9.86418777,56.99459699],[9.86418154,56.99459832]],[[9.86418154,56.99459832],[9.8641753,56.99459965]],[[9.8641753,56.99459965],[9.86416908,56.99460098]],[[9.86416908,56.99460098],[9.86416286,56.99460231]],[[9.86416286,56.99460231],[9.86415663,56.99460364]],[[9.86415663,56.99460364],[9.86415041,56.99460498]],[[9.86415041,56.99460498],[9.86414418,56.99460632]],[[9.86414418,56.99460632],[9.86413796,56.99460765]],[[9.86413796,56.99460765],[9.86413173,56.994609]],[[9.86413173,56.994609],[9.86412551,56.99461034]],[[9.86412551,56.99461034],[9.8641193,56.99461169]],[[9.8641193,56.99461169],[9.86411308,56.99461303]],[[9.86411308,56.99461303],[9.86410687,56.99461439]],[[9.86410687,56.99461439],[9.86410066,56.99461574]],[[9.86410066,56.99461574],[9.86409444,56.9946171]],[[9.86409444,56.9946171],[9.86408823,56.99461845]],[[9.86408823,56.99461845],[9.86408202,56.99461981]],[[9.86408202,56.99461981],[9.86407583,56.99462117]],[[9.86407583,56.99462117],[9.86406963,56.99462254]],[[9.86406963,56.99462254],[9.86406342,56.99462391]],[[9.86406342,56.99462391],[9.86405723,56.99462527]],[[9.86405723,56.99462527],[9.86405103,56.99462665]],[[9.86405103,56.99462665],[9.86404483,56.99462803]],[[9.86404483,56.99462803],[9.86403864,56.9946294]],[[9.86403864,56.9946294],[9.86403244,56.99463079]],[[9.86403244,56.99463079],[9.86402627,56.99463217]],[[9.86402627,56.99463217],[9.86402008,56.99463356]],[[9.86402008,56.99463356],[9.86401389,56.99463495]],[[9.86401389,56.99463495],[9.86400771,56.99463635]],[[9.86400771,56.99463635],[9.86400154,56.99463775]],[[9.86400154,56.99463775],[9.86399536,56.99463914]],[[9.86399536,56.99463914],[9.86398919,56.99464055]],[[9.86398919,56.99464055],[9.86398301,56.99464196]],[[9.86398301,56.99464196],[9.86397685,56.99464337]],[[9.86397685,56.99464337],[9.86397068,56.99464478]],[[9.86397068,56.99464478],[9.86396452,56.9946462]],[[9.86396452,56.9946462],[9.86395836,56.99464763]],[[9.86395836,56.99464763],[9.8639522,56.99464905]],[[9.8639522,56.99464905],[9.86394604,56.99465048]],[[9.86394604,56.99465048],[9.8639399,56.99465192]],[[9.8639399,56.99465192],[9.86393374,56.99465335]],[[9.86393374,56.99465335],[9.8639276,56.99465479]],[[9.8639276,56.99465479],[9.86392146,56.99465623]],[[9.86392146,56.99465623],[9.86391532,56.99465768]],[[9.86391532,56.99465768],[9.86390919,56.99465914]],[[9.86390919,56.99465914],[9.86390305,56.9946606]],[[9.86390305,56.9946606],[9.86389692,56.99466205]],[[9.86389692,56.99466205],[9.8638908,56.99466352]],[[9.8638908,56.99466352],[9.86388467,56.99466499]],[[9.86388467,56.99466499],[9.86387856,56.99466646]],[[9.86387856,56.99466646],[9.86387244,56.99466794]],[[9.86387244,56.99466794],[9.86386633,56.99466943]],[[9.86386633,56.99466943],[9.86386022,56.99467091]],[[9.86386022,56.99467091],[9.86349794,56.99476918]],[[9.86349794,56.99476918],[9.86315162,56.99488331]],[[9.86315162,56.99488331],[9.86282358,56.99501253]],[[9.86282358,56.99501253],[9.86251602,56.99515598]],[[9.86251602,56.99515598],[9.86223102,56.9953127]],[[9.86223102,56.9953127],[9.8619705,56.99548163]],[[9.8619705,56.99548163],[9.86173619,56.99566163]],[[9.86173619,56.99566163],[9.86152967,56.99585151]],[[9.86152967,56.99585151],[9.86135234,56.99604997]],[[9.86135234,56.99604997],[9.86134966,56.99605332]],[[9.86134966,56.99605332],[9.86134699,56.99605666]],[[9.86134699,56.99605666],[9.86134432,56.99606001]],[[9.86134432,56.99606001],[9.86134168,56.99606336]],[[9.86134168,56.99606336],[9.86133903,56.99606671]],[[9.86133903,56.99606671],[9.86133639,56.99607007]],[[9.86133639,56.99607007],[9.86133376,56.99607342]],[[9.86133376,56.99607342],[9.86133113,56.99607678]],[[9.86133113,56.99607678],[9.86132852,56.99608014]],[[9.86132852,56.99608014],[9.86132591,56.9960835]],[[9.86132591,56.9960835],[9.86132331,56.99608687]],[[9.86132331,56.99608687],[9.86132072,56.99609023]],[[9.86132072,56.99609023],[9.86131812,56.99609359]],[[9.86131812,56.99609359],[9.86131554,56.99609697]],[[9.86131554,56.99609697],[9.86131298,56.99610033]],[[9.86131298,56.99610033],[9.86131042,56.99610371]],[[9.86131042,56.99610371],[9.86130785,56.99610708]],[[9.86130785,56.99610708],[9.86130529,56.99611045]],[[9.86130529,56.99611045],[9.86130274,56.99611383]],[[9.86130274,56.99611383],[9.86130021,56.99611721]],[[9.86130021,56.99611721],[9.86129768,56.99612058]],[[9.86129768,56.99612058],[9.86129515,56.99612397]],[[9.86129515,56.99612397],[9.86129262,56.99612735]],[[9.86129262,56.99612735],[9.86129011,56.99613073]],[[9.86129011,56.99613073],[9.86128761,56.99613411]],[[9.86128761,56.99613411],[9.8612851,56.9961375]],[[9.8612851,56.9961375],[9.8612826,56.99614088]],[[9.8612826,56.99614088],[9.86128012,56.99614427]],[[9.86128012,56.99614427],[9.86127762,56.99614766]],[[9.86127762,56.99614766],[9.86127514,56.99615105]],[[9.86127514,56.99615105],[9.86127268,56.99615444]],[[9.86127268,56.99615444],[9.8612702,56.99615783]],[[9.8612702,56.99615783],[9.86126774,56.99616123]],[[9.86126774,56.99616123],[9.86126527,56.99616462]],[[9.86126527,56.99616462],[9.86126282,56.99616801]],[[9.86126282,56.99616801],[9.86126038,56.99617141]],[[9.86126038,56.99617141],[9.86125793,56.99617482]],[[9.86125793,56.99617482],[9.86125548,56.99617821]],[[9.86125548,56.99617821],[9.86125305,56.99618161]],[[9.86125305,56.99618161],[9.86125062,56.99618501]],[[9.86125062,56.99618501],[9.86124819,56.99618841]],[[9.86124819,56.99618841],[9.86124577,56.99619182]],[[9.86124577,56.99619182],[9.86124336,56.99619522]],[[9.86124336,56.99619522],[9.86124094,56.99619862]],[[9.86124094,56.99619862],[9.86123853,56.99620203]],[[9.86123853,56.99620203],[9.86123611,56.99620543]],[[9.86123611,56.99620543],[9.86123371,56.99620884]],[[9.86123371,56.99620884],[9.86123131,56.99621225]],[[9.86123131,56.99621225],[9.86122892,56.99621565]],[[9.86122892,56.99621565],[9.86122652,56.99621906]],[[9.86122652,56.99621906],[9.86122414,56.99622247]],[[9.86122414,56.99622247],[9.86122174,56.99622588]],[[9.86122174,56.99622588],[9.86121936,56.99622929]],[[9.86121936,56.99622929],[9.86121697,56.99623271]],[[9.86121697,56.99623271],[9.86121461,56.99623612]],[[9.86121461,56.99623612],[9.86121223,56.99623953]],[[9.86121223,56.99623953],[9.86120986,56.99624294]],[[9.86120986,56.99624294],[9.86120749,56.99624636]],[[9.86120749,56.99624636],[9.86120511,56.99624977]],[[9.86120511,56.99624977],[9.86120275,56.99625319]],[[9.86120275,56.99625319],[9.8612004,56.99625661]],[[9.8612004,56.99625661],[9.86119803,56.99626002]],[[9.86119803,56.99626002],[9.86119567,56.99626343]],[[9.86119567,56.99626343],[9.86119332,56.99626685]],[[9.86119332,56.99626685],[9.86119097,56.99627026]],[[9.86119097,56.99627026],[9.8611886,56.99627368]],[[9.8611886,56.99627368],[9.86118625,56.9962771]],[[9.86118625,56.9962771],[9.8611839,56.99628052]],[[9.8611839,56.99628052],[9.86118156,56.99628394]],[[9.86118156,56.99628394],[9.86117922,56.99628736]],[[9.86117922,56.99628736],[9.86117687,56.99629078]],[[9.86117687,56.99629078],[9.86117452,56.99629419]],[[9.86117452,56.99629419],[9.86117218,56.99629761]],[[9.86117218,56.99629761],[9.86116984,56.99630103]],[[9.86116984,56.99630103],[9.86116749,56.99630445]],[[9.86116749,56.99630445],[9.86116516,56.99630787]],[[9.86116516,56.99630787],[9.86116281,56.99631129]],[[9.86116281,56.99631129],[9.86116048,56.99631471]],[[9.86116048,56.99631471],[9.86115815,56.99631813]],[[9.86115815,56.99631813],[9.8611558,56.99632154]],[[9.8611558,56.99632154],[9.86115346,56.99632497]],[[9.86115346,56.99632497],[9.86115112,56.99632839]],[[9.86115112,56.99632839],[9.86082397,56.99682714]],[[9.86082397,56.99682714],[9.86052142,56.9973305]],[[9.86052142,56.9973305],[9.8602437,56.99783809]],[[9.8602437,56.99783809],[9.85996104,56.9984144]],[[9.85996104,56.9984144],[9.85971065,56.99899513]],[[9.85971065,56.99899513],[9.85949276,56.99957976]],[[9.86684865,56.99372634],[9.8668951,56.9937634]],[[9.85945233,56.99957562],[9.85953319,56.9995839]],[[9.86558648,56.99419741],[9.86563247,56.99423463]],[[9.86270398,56.99504796],[9.86273551,56.99506869]],[[9.86097398,56.99655325],[9.86102042,56.99656237]],[[9.86000316,56.99826997],[9.86005094,56.99827673]],[[9.86412594,56.99459577],[9.86414408,56.99462082]],[[9.86270398,56.99504796],[9.86273551,56.99506869]],[[9.86162997,56.99572867],[9.86167219,56.99574262]],[[9.86097398,56.99655325],[9.86102042,56.99656237]],[[9.86045279,56.99740558],[9.86049995,56.99741353]],[[9.86000316,56.99826997],[9.86005094,56.99827673]],[[9.85962645,56.99914468],[9.85967476,56.99915025]],[[9.85066578,57.03773427],[9.85002305,57.03824134]],[[9.85002305,57.03824134],[9.85002305,57.03824134]],[[9.85002305,57.03824134],[9.85001545,57.03824733]],[[9.85001545,57.03824733],[9.85000783,57.03825334]],[[9.85000783,57.03825334],[9.85000021,57.03825935]],[[9.85000021,57.03825935],[9.84999261,57.03826536]],[[9.84999261,57.03826536],[9.84998499,57.03827136]],[[9.84998499,57.03827136],[9.84997739,57.03827737]],[[9.84997739,57.03827737],[9.84996977,57.03828338]],[[9.84996977,57.03828338],[9.84996217,57.03828939]],[[9.84996217,57.03828939],[9.84995455,57.03829539]],[[9.84995455,57.03829539],[9.84994695,57.0383014]],[[9.84994695,57.0383014],[9.84993935,57.03830742]],[[9.84993935,57.03830742],[9.84993175,57.03831343]],[[9.84993175,57.03831343],[9.84992415,57.03831944]],[[9.84992415,57.03831944],[9.84991655,57.03832545]],[[9.84991655,57.03832545],[9.84990896,57.03833147]],[[9.84990896,57.03833147],[9.84990136,57.03833748]],[[9.84990136,57.03833748],[9.84989377,57.03834349]],[[9.84989377,57.03834349],[9.84988619,57.03834951]],[[9.84988619,57.03834951],[9.8498786,57.03835553]],[[9.8498786,57.03835553],[9.84987104,57.03836155]],[[9.84987104,57.03836155],[9.84986345,57.03836757]],[[9.84986345,57.03836757],[9.84985588,57.03837359]],[[9.84985588,57.03837359],[9.84984831,57.03837962]],[[9.84984831,57.03837962],[9.84984076,57.03838564]],[[9.84984076,57.03838564],[9.84983319,57.03839167]],[[9.84983319,57.03839167],[9.84982564,57.03839769]],[[9.84982564,57.03839769],[9.84981809,57.03840373]],[[9.84981809,57.03840373],[9.84981055,57.03840975]],[[9.84981055,57.03840975],[9.849803,57.03841579]],[[9.849803,57.03841579],[9.84979548,57.03842183]],[[9.84979548,57.03842183],[9.84978795,57.03842787]],[[9.84978795,57.03842787],[9.84978043,57.03843391]],[[9.84978043,57.03843391],[9.84977291,57.03843994]],[[9.84977291,57.03843994],[9.84976539,57.03844599]],[[9.84976539,57.03844599],[9.84975788,57.03845204]],[[9.84975788,57.03845204],[9.8497504,57.03845808]],[[9.8497504,57.03845808],[9.8497429,57.03846414]],[[9.8497429,57.03846414],[9.84973541,57.0384702]],[[9.84973541,57.0384702],[9.84972794,57.03847625]],[[9.84972794,57.03847625],[9.84972047,57.03848231]],[[9.84972047,57.03848231],[9.849713,57.03848837]],[[9.849713,57.03848837],[9.84970555,57.03849443]],[[9.84970555,57.03849443],[9.84969809,57.03850051]],[[9.84969809,57.03850051],[9.84969066,57.03850658]],[[9.84969066,57.03850658],[9.84968322,57.03851265]],[[9.84968322,57.03851265],[9.8496758,57.03851873]],[[9.8496758,57.03851873],[9.84966839,57.03852481]],[[9.84966839,57.03852481],[9.84966097,57.03853088]],[[9.84966097,57.03853088],[9.84965359,57.03853697]],[[9.84965359,57.03853697],[9.8496462,57.03854306]],[[9.8496462,57.03854306],[9.84963881,57.03854915]],[[9.84963881,57.03854915],[9.84963144,57.03855525]],[[9.84963144,57.03855525],[9.84962408,57.03856135]],[[9.84962408,57.03856135],[9.84961673,57.03856745]],[[9.84961673,57.03856745],[9.84960939,57.03857356]],[[9.84960939,57.03857356],[9.84960205,57.03857967]],[[9.84960205,57.03857967],[9.84959473,57.03858578]],[[9.84959473,57.03858578],[9.84958742,57.0385919]],[[9.84958742,57.0385919],[9.84958014,57.03859802]],[[9.84958014,57.03859802],[9.84957285,57.03860415]],[[9.84957285,57.03860415],[9.84956556,57.03861027]],[[9.84956556,57.03861027],[9.8495583,57.0386164]],[[9.8495583,57.0386164],[9.84955105,57.03862254]],[[9.84955105,57.03862254],[9.84954381,57.03862868]],[[9.84954381,57.03862868],[9.84953657,57.03863483]],[[9.84953657,57.03863483],[9.84952936,57.03864097]],[[9.84952936,57.03864097],[9.84952215,57.03864714]],[[9.84952215,57.03864714],[9.84951496,57.03865329]],[[9.84951496,57.03865329],[9.84950777,57.03865946]],[[9.84950777,57.03865946],[9.84950061,57.03866562]],[[9.84950061,57.03866562],[9.84949346,57.03867179]],[[9.84949346,57.03867179],[9.84948632,57.03867797]],[[9.84948632,57.03867797],[9.84947917,57.03868414]],[[9.84947917,57.03868414],[9.84947207,57.03869033]],[[9.84947207,57.03869033],[9.84946498,57.03869652]],[[9.84946498,57.03869652],[9.84945788,57.03870272]],[[9.84945788,57.03870272],[9.84945081,57.03870892]],[[9.84945081,57.03870892],[9.84944375,57.03871512]],[[9.84944375,57.03871512],[9.84943671,57.03872133]],[[9.84943671,57.03872133],[9.84942968,57.03872755]],[[9.84942968,57.03872755],[9.84942267,57.03873376]],[[9.84942267,57.03873376],[9.84941566,57.03874]],[[9.84941566,57.03874],[9.84901008,57.03913822]],[[9.84901008,57.03913822],[9.84866762,57.0395537]],[[9.84866762,57.0395537],[9.84839074,57.03998345]],[[9.84839074,57.03998345],[9.84818145,57.04042443]],[[9.84818145,57.04042443],[9.84817519,57.04044049]],[[9.84817519,57.04044049],[9.84816902,57.04045658]],[[9.84816902,57.04045658],[9.84816292,57.04047266]],[[9.84816292,57.04047266],[9.84815693,57.04048876]],[[9.84815693,57.04048876],[9.84815101,57.04050487]],[[9.84815101,57.04050487],[9.84814518,57.04052099]],[[9.84814518,57.04052099],[9.84813943,57.04053711]],[[9.84813943,57.04053711],[9.84813376,57.04055324]],[[9.84813376,57.04055324],[9.8481282,57.04056939]],[[9.8481282,57.04056939],[9.8481227,57.04058554]],[[9.8481227,57.04058554],[9.84811726,57.04060169]],[[9.84811726,57.04060169],[9.84811192,57.04061786]],[[9.84811192,57.04061786],[9.84810665,57.04063404]],[[9.84810665,57.04063404],[9.84810146,57.04065022]],[[9.84810146,57.04065022],[9.84809635,57.04066641]],[[9.84809635,57.04066641],[9.8480913,57.0406826]],[[9.8480913,57.0406826],[9.84808634,57.0406988]],[[9.84808634,57.0406988],[9.84808144,57.04071501]],[[9.84808144,57.04071501],[9.84807662,57.04073123]],[[9.84807662,57.04073123],[9.84807186,57.04074745]],[[9.84807186,57.04074745],[9.84806716,57.04076367]],[[9.84806716,57.04076367],[9.84806255,57.04077991]],[[9.84806255,57.04077991],[9.84805799,57.04079615]],[[9.84805799,57.04079615],[9.8480535,57.04081239]],[[9.8480535,57.04081239],[9.84804907,57.04082864]],[[9.84804907,57.04082864],[9.84804471,57.04084489]],[[9.84804471,57.04084489],[9.84804042,57.04086115]],[[9.84804042,57.04086115],[9.84803617,57.04087741]],[[9.84803617,57.04087741],[9.848032,57.04089368]],[[9.848032,57.04089368],[9.84802789,57.04090995]],[[9.84802789,57.04090995],[9.84802382,57.04092623]],[[9.84802382,57.04092623],[9.84801981,57.04094251]],[[9.84801981,57.04094251],[9.84801586,57.0409588]],[[9.84801586,57.0409588],[9.84801197,57.04097508]],[[9.84801197,57.04097508],[9.84800813,57.04099138]],[[9.84800813,57.04099138],[9.84800434,57.04100767]],[[9.84800434,57.04100767],[9.8480006,57.04102397]],[[9.8480006,57.04102397],[9.84799691,57.04104028]],[[9.84799691,57.04104028],[9.84799327,57.04105659]],[[9.84799327,57.04105659],[9.84798968,57.04107289]],[[9.84798968,57.04107289],[9.84798613,57.0410892]],[[9.84798613,57.0410892],[9.84798263,57.04110553]],[[9.84798263,57.04110553],[9.84797918,57.04112184]],[[9.84797918,57.04112184],[9.84797575,57.04113816]],[[9.84797575,57.04113816],[9.84797239,57.04115448]],[[9.84797239,57.04115448],[9.84796906,57.04117081]],[[9.84796906,57.04117081],[9.84796577,57.04118714]],[[9.84796577,57.04118714],[9.84796252,57.04120347]],[[9.84796252,57.04120347],[9.84795931,57.0412198]],[[9.84795931,57.0412198],[9.84795615,57.04123614]],[[9.84795615,57.04123614],[9.847953,57.04125248]],[[9.847953,57.04125248],[9.8479499,57.04126882]],[[9.8479499,57.04126882],[9.84794682,57.04128516]],[[9.84794682,57.04128516],[9.84794379,57.0413015]],[[9.84794379,57.0413015],[9.84794079,57.04131784]],[[9.84794079,57.04131784],[9.84793781,57.04133419]],[[9.84793781,57.04133419],[9.84793486,57.04135054]],[[9.84793486,57.04135054],[9.84793194,57.04136689]],[[9.84793194,57.04136689],[9.84792904,57.04138324]],[[9.84792904,57.04138324],[9.84792617,57.0413996]],[[9.84792617,57.0413996],[9.84792332,57.04141595]],[[9.84792332,57.04141595],[9.8479205,57.04143231]],[[9.8479205,57.04143231],[9.84791772,57.04144866]],[[9.84791772,57.04144866],[9.84791493,57.04146501]],[[9.84791493,57.04146501],[9.84791218,57.04148137]],[[9.84791218,57.04148137],[9.84790945,57.04149773]],[[9.84790945,57.04149773],[9.84790673,57.04151409]],[[9.84790673,57.04151409],[9.84790402,57.04153046]],[[9.84790402,57.04153046],[9.84790134,57.04154681]],[[9.84790134,57.04154681],[9.84789865,57.04156317]],[[9.84789865,57.04156317],[9.847896,57.04157954]],[[9.847896,57.04157954],[9.84789335,57.04159591]],[[9.84789335,57.04159591],[9.84789071,57.04161227]],[[9.84789071,57.04161227],[9.84788809,57.04162863]],[[9.84788809,57.04162863],[9.84788547,57.04164499]],[[9.84788547,57.04164499],[9.84788286,57.04166136]],[[9.84788286,57.04166136],[9.84788026,57.04167773]],[[9.84788026,57.04167773],[9.84787766,57.04169409]],[[9.84787766,57.04169409],[9.84787507,57.04171046]],[[9.84787507,57.04171046],[9.84787248,57.04172683]],[[9.84787248,57.04172683],[9.84786989,57.04174319]],[[9.84786989,57.04174319],[9.84786731,57.04175955]],[[9.84786731,57.04175955],[9.84781363,57.04212332]],[[9.84781363,57.04212332],[9.8477675,57.04248739]],[[9.8477675,57.04248739],[9.84772889,57.04285173]],[[9.84772889,57.04285173],[9.84767343,57.04359782]],[[9.84767343,57.04359782],[9.8476496,57.04434441]],[[9.8476496,57.04434441],[9.84765742,57.0450911]],[[9.8634795,56.99102945],[9.86218755,56.99148783]],[[9.86218755,56.99148783],[9.86218755,56.99148783]],[[9.86218755,56.99148783],[9.86217893,56.99149089]],[[9.86217893,56.99149089],[9.86217032,56.99149394]],[[9.86217032,56.99149394],[9.86216172,56.991497]],[[9.86216172,56.991497],[9.8621531,56.99150006]],[[9.8621531,56.99150006],[9.86214449,56.99150312]],[[9.86214449,56.99150312],[9.86213589,56.99150618]],[[9.86213589,56.99150618],[9.86212729,56.99150924]],[[9.86212729,56.99150924],[9.86211869,56.99151231]],[[9.86211869,56.99151231],[9.86211009,56.99151538]],[[9.86211009,56.99151538],[9.86210151,56.99151846]],[[9.86210151,56.99151846],[9.86209293,56.99152154]],[[9.86209293,56.99152154],[9.86208435,56.99152462]],[[9.86208435,56.99152462],[9.86207578,56.99152772]],[[9.86207578,56.99152772],[9.86206721,56.99153082]],[[9.86206721,56.99153082],[9.86205866,56.99153392]],[[9.86205866,56.99153392],[9.86205011,56.99153702]],[[9.86205011,56.99153702],[9.86204156,56.99154014]],[[9.86204156,56.99154014],[9.86203305,56.99154326]],[[9.86203305,56.99154326],[9.86202451,56.9915464]],[[9.86202451,56.9915464],[9.86201601,56.99154954]],[[9.86201601,56.99154954],[9.86200751,56.99155269]],[[9.86200751,56.99155269],[9.86199903,56.99155584]],[[9.86199903,56.99155584],[9.86199054,56.99155901]],[[9.86199054,56.99155901],[9.86198209,56.99156219]],[[9.86198209,56.99156219],[9.86197364,56.99156538]],[[9.86197364,56.99156538],[9.86196521,56.99156858]],[[9.86196521,56.99156858],[9.86195679,56.99157179]],[[9.86195679,56.99157179],[9.86194837,56.99157501]],[[9.86194837,56.99157501],[9.86193998,56.99157825]],[[9.86193998,56.99157825],[9.86193161,56.9915815]],[[9.86193161,56.9915815],[9.86192326,56.99158476]],[[9.86192326,56.99158476],[9.86191492,56.99158803]],[[9.86191492,56.99158803],[9.86190659,56.99159132]],[[9.86190659,56.99159132],[9.8618983,56.99159462]],[[9.8618983,56.99159462],[9.86189001,56.99159794]],[[9.86189001,56.99159794],[9.86188176,56.99160127]],[[9.86188176,56.99160127],[9.8618735,56.99160462]],[[9.8618735,56.99160462],[9.8618653,56.99160799]],[[9.8618653,56.99160799],[9.86185709,56.99161136]],[[9.86185709,56.99161136],[9.86184892,56.99161476]],[[9.86184892,56.99161476],[9.86184076,56.99161817]],[[9.86184076,56.99161817],[9.86183264,56.9916216]],[[9.86183264,56.9916216],[9.86182455,56.99162505]],[[9.86182455,56.99162505],[9.86181648,56.99162852]],[[9.86181648,56.99162852],[9.86180842,56.991632]],[[9.86180842,56.991632],[9.86180039,56.9916355]],[[9.86180039,56.9916355],[9.8617924,56.99163902]],[[9.8617924,56.99163902],[9.86178444,56.99164257]],[[9.86178444,56.99164257],[9.86177652,56.99164613]],[[9.86177652,56.99164613],[9.86176861,56.99164971]],[[9.86176861,56.99164971],[9.86176074,56.99165331]],[[9.86176074,56.99165331],[9.8617529,56.99165694]],[[9.8617529,56.99165694],[9.86174509,56.99166058]],[[9.86174509,56.99166058],[9.86173731,56.99166425]],[[9.86173731,56.99166425],[9.86172958,56.99166793]],[[9.86172958,56.99166793],[9.86172188,56.99167164]],[[9.86172188,56.99167164],[9.8617142,56.99167538]],[[9.8617142,56.99167538],[9.86170659,56.99167913]],[[9.86170659,56.99167913],[9.86169899,56.9916829]],[[9.86169899,56.9916829],[9.86169144,56.99168671]],[[9.86169144,56.99168671],[9.86168393,56.99169053]],[[9.86168393,56.99169053],[9.86167646,56.99169438]],[[9.86167646,56.99169438],[9.86166902,56.99169825]],[[9.86166902,56.99169825],[9.86166164,56.99170215]],[[9.86166164,56.99170215],[9.86165429,56.99170607]],[[9.86165429,56.99170607],[9.861647,56.99171001]],[[9.861647,56.99171001],[9.86163975,56.99171398]],[[9.86163975,56.99171398],[9.86163253,56.99171798]],[[9.86163253,56.99171798],[9.86162537,56.991722]],[[9.86162537,56.991722],[9.86161827,56.99172604]],[[9.86161827,56.99172604],[9.86161121,56.99173012]],[[9.86161121,56.99173012],[9.86160419,56.99173422]],[[9.86160419,56.99173422],[9.86159723,56.99173834]],[[9.86159723,56.99173834],[9.86159032,56.99174249]],[[9.86159032,56.99174249],[9.86158348,56.99174667]],[[9.86158348,56.99174667],[9.86157668,56.99175087]],[[9.86157668,56.99175087],[9.86156994,56.9917551]],[[9.86156994,56.9917551],[9.86156324,56.99175936]],[[9.86156324,56.99175936],[9.86155663,56.99176365]],[[9.86155663,56.99176365],[9.86155005,56.99176796]],[[9.86155005,56.99176796],[9.86154355,56.9917723]],[[9.86154355,56.9917723],[9.8615371,56.99177667]],[[9.8615371,56.99177667],[9.86147019,56.99182661]],[[9.86147019,56.99182661],[9.86141139,56.99187953]],[[9.86141139,56.99187953],[9.86136116,56.99193501]],[[9.86136116,56.99193501],[9.86131986,56.99199263]],[[9.86131986,56.99199263],[9.86128779,56.99205199]],[[9.86128779,56.99205199],[9.86126521,56.99211263]],[[9.86126521,56.99211263],[9.86125228,56.99217411]],[[9.86125228,56.99217411],[9.86124907,56.99223597]],[[9.86124907,56.99223597],[9.86125564,56.99229776]],[[9.86125564,56.99229776],[9.86127193,56.99235899]],[[9.86127193,56.99235899],[9.8612978,56.99241924]],[[9.8612978,56.99241924],[9.86129889,56.99242135]],[[9.86129889,56.99242135],[9.86129998,56.99242345]],[[9.86129998,56.99242345],[9.86130111,56.99242557]],[[9.86130111,56.99242557],[9.86130222,56.99242767]],[[9.86130222,56.99242767],[9.86130337,56.99242976]],[[9.86130337,56.99242976],[9.86130451,56.99243187]],[[9.86130451,56.99243187],[9.86130567,56.99243396]],[[9.86130567,56.99243396],[9.86130683,56.99243606]],[[9.86130683,56.99243606],[9.86130801,56.99243816]],[[9.86130801,56.99243816],[9.8613092,56.99244024]],[[9.8613092,56.99244024],[9.86131039,56.99244233]],[[9.86131039,56.99244233],[9.8613116,56.99244442]],[[9.8613116,56.99244442],[9.86131283,56.99244651]],[[9.86131283,56.99244651],[9.86131406,56.9924486]],[[9.86131406,56.9924486],[9.8613153,56.99245068]],[[9.8613153,56.99245068],[9.86131654,56.99245276]],[[9.86131654,56.99245276],[9.8613178,56.99245484]],[[9.8613178,56.99245484],[9.86131906,56.99245692]],[[9.86131906,56.99245692],[9.86132033,56.99245899]],[[9.86132033,56.99245899],[9.86132163,56.99246107]],[[9.86132163,56.99246107],[9.86132292,56.99246315]],[[9.86132292,56.99246315],[9.86132421,56.99246521]],[[9.86132421,56.99246521],[9.86132552,56.99246729]],[[9.86132552,56.99246729],[9.86132684,56.99246935]],[[9.86132684,56.99246935],[9.86132817,56.99247142]],[[9.86132817,56.99247142],[9.86132951,56.99247349]],[[9.86132951,56.99247349],[9.86133085,56.99247555]],[[9.86133085,56.99247555],[9.86133219,56.99247761]],[[9.86133219,56.99247761],[9.86133355,56.99247967]],[[9.86133355,56.99247967],[9.86133492,56.99248173]],[[9.86133492,56.99248173],[9.8613363,56.99248379]],[[9.8613363,56.99248379],[9.86133767,56.99248585]],[[9.86133767,56.99248585],[9.86133906,56.9924879]],[[9.86133906,56.9924879],[9.86134046,56.99248996]],[[9.86134046,56.99248996],[9.86134185,56.99249201]],[[9.86134185,56.99249201],[9.86134325,56.99249406]],[[9.86134325,56.99249406],[9.86134468,56.99249611]],[[9.86134468,56.99249611],[9.86134608,56.99249816]],[[9.86134608,56.99249816],[9.86134752,56.99250021]],[[9.86134752,56.99250021],[9.86134895,56.99250226]],[[9.86134895,56.99250226],[9.86135039,56.9925043]],[[9.86135039,56.9925043],[9.86135183,56.99250634]],[[9.86135183,56.99250634],[9.86135328,56.99250838]],[[9.86135328,56.99250838],[9.86135473,56.99251042]],[[9.86135473,56.99251042],[9.8613562,56.99251247]],[[9.8613562,56.99251247],[9.86135765,56.99251451]],[[9.86135765,56.99251451],[9.86135913,56.99251655]],[[9.86135913,56.99251655],[9.8613606,56.99251859]],[[9.8613606,56.99251859],[9.86136207,56.99252062]],[[9.86136207,56.99252062],[9.86136356,56.99252266]],[[9.86136356,56.99252266],[9.86136505,56.99252469]],[[9.86136505,56.99252469],[9.86136654,56.99252672]],[[9.86136654,56.99252672],[9.86136803,56.99252875]],[[9.86136803,56.99252875],[9.86136954,56.99253078]],[[9.86136954,56.99253078],[9.86137104,56.99253281]],[[9.86137104,56.99253281],[9.86137255,56.99253484]],[[9.86137255,56.99253484],[9.86137406,56.99253687]],[[9.86137406,56.99253687],[9.86137558,56.9925389]],[[9.86137558,56.9925389],[9.8613771,56.99254093]],[[9.8613771,56.99254093],[9.86137862,56.99254295]],[[9.86137862,56.99254295],[9.86138015,56.99254498]],[[9.86138015,56.99254498],[9.86138167,56.992547]],[[9.86138167,56.992547],[9.86138321,56.99254903]],[[9.86138321,56.99254903],[9.86138473,56.99255106]],[[9.86138473,56.99255106],[9.86138627,56.99255308]],[[9.86138627,56.99255308],[9.86138781,56.9925551]],[[9.86138781,56.9925551],[9.86138935,56.99255712]],[[9.86138935,56.99255712],[9.86139089,56.99255915]],[[9.86139089,56.99255915],[9.86139244,56.99256117]],[[9.86139244,56.99256117],[9.86139398,56.99256319]],[[9.86139398,56.99256319],[9.86139552,56.99256521]],[[9.86139552,56.99256521],[9.86139708,56.99256723]],[[9.86139708,56.99256723],[9.86139863,56.99256925]],[[9.86139863,56.99256925],[9.86140019,56.99257127]],[[9.86140019,56.99257127],[9.86140172,56.99257329]],[[9.86140172,56.99257329],[9.86140328,56.99257531]],[[9.86140328,56.99257531],[9.86140484,56.99257733]],[[9.86140484,56.99257733],[9.86140639,56.99257935]],[[9.86140639,56.99257935],[9.86140795,56.99258136]],[[9.86140795,56.99258136],[9.8614095,56.99258339]],[[9.8614095,56.99258339],[9.86141106,56.9925854]],[[9.86141106,56.9925854],[9.86141261,56.99258742]],[[9.86141261,56.99258742],[9.86141261,56.99258742]],[[9.86141261,56.99258742],[9.86141667,56.99259268]],[[9.86141667,56.99259268],[9.86142073,56.99259794]],[[9.86142073,56.99259794],[9.86142478,56.9926032]],[[9.86142478,56.9926032],[9.86142884,56.99260845]],[[9.86142884,56.99260845],[9.86143288,56.99261371]],[[9.86143288,56.99261371],[9.86143693,56.99261897]],[[9.86143693,56.99261897],[9.86144099,56.99262423]],[[9.86144099,56.99262423],[9.86144503,56.99262948]],[[9.86144503,56.99262948],[9.86144908,56.99263474]],[[9.86144908,56.99263474],[9.86145312,56.99264]],[[9.86145312,56.99264],[9.86145715,56.99264527]],[[9.86145715,56.99264527],[9.86146119,56.99265052]],[[9.86146119,56.99265052],[9.86146522,56.99265578]],[[9.86146522,56.99265578],[9.86146926,56.99266105]],[[9.86146926,56.99266105],[9.86147329,56.99266632]],[[9.86147329,56.99266632],[9.8614773,56.99267157]],[[9.8614773,56.99267157],[9.86148133,56.99267684]],[[9.86148133,56.99267684],[9.86148534,56.99268211]],[[9.86148534,56.99268211],[9.86148935,56.99268737]],[[9.86148935,56.99268737],[9.86149336,56.99269264]],[[9.86149336,56.99269264],[9.86149736,56.99269791]],[[9.86149736,56.99269791],[9.86150135,56.99270318]],[[9.86150135,56.99270318],[9.86150535,56.99270845]],[[9.86150535,56.99270845],[9.86150933,56.99271373]],[[9.86150933,56.99271373],[9.8615133,56.992719]],[[9.8615133,56.992719],[9.86151728,56.99272428]],[[9.86151728,56.99272428],[9.86152124,56.99272955]],[[9.86152124,56.99272955],[9.86152521,56.99273483]],[[9.86152521,56.99273483],[9.86152917,56.99274011]],[[9.86152917,56.99274011],[9.86153311,56.99274539]],[[9.86153311,56.99274539],[9.86153704,56.99275067]],[[9.86153704,56.99275067],[9.86154097,56.99275596]],[[9.86154097,56.99275596],[9.8615449,56.99276125]],[[9.8615449,56.99276125],[9.86154881,56.99276654]],[[9.86154881,56.99276654],[9.86155271,56.99277183]],[[9.86155271,56.99277183],[9.86155662,56.99277711]],[[9.86155662,56.99277711],[9.8615605,56.99278242]],[[9.8615605,56.99278242],[9.86156438,56.99278771]],[[9.86156438,56.99278771],[9.86156824,56.992793]],[[9.86156824,56.992793],[9.86157211,56.99279831]],[[9.86157211,56.99279831],[9.86157595,56.99280361]],[[9.86157595,56.99280361],[9.8615798,56.99280892]],[[9.8615798,56.99280892],[9.86158363,56.99281422]],[[9.86158363,56.99281422],[9.86158744,56.99281953]],[[9.86158744,56.99281953],[9.86159124,56.99282485]],[[9.86159124,56.99282485],[9.86159504,56.99283016]],[[9.86159504,56.99283016],[9.86159882,56.99283548]],[[9.86159882,56.99283548],[9.8616026,56.9928408]],[[9.8616026,56.9928408],[9.86160635,56.99284612]],[[9.86160635,56.99284612],[9.86161009,56.99285144]],[[9.86161009,56.99285144],[9.86161384,56.99285677]],[[9.86161384,56.99285677],[9.86161756,56.9928621]],[[9.86161756,56.9928621],[9.86162127,56.99286744]],[[9.86162127,56.99286744],[9.86162495,56.99287277]],[[9.86162495,56.99287277],[9.86162863,56.9928781]],[[9.86162863,56.9928781],[9.86163232,56.99288345]],[[9.86163232,56.99288345],[9.86163597,56.99288879]],[[9.86163597,56.99288879],[9.8616396,56.99289414]],[[9.8616396,56.99289414],[9.86164323,56.99289948]],[[9.86164323,56.99289948],[9.86164683,56.99290484]],[[9.86164683,56.99290484],[9.86165043,56.9929102]],[[9.86165043,56.9929102],[9.86165401,56.99291555]],[[9.86165401,56.99291555],[9.86165756,56.99292092]],[[9.86165756,56.99292092],[9.86166111,56.99292628]],[[9.86166111,56.99292628],[9.86166465,56.99293165]],[[9.86166465,56.99293165],[9.86166816,56.99293702]],[[9.86166816,56.99293702],[9.86167167,56.99294239]],[[9.86167167,56.99294239],[9.86167513,56.99294778]],[[9.86167513,56.99294778],[9.8616786,56.99295316]],[[9.8616786,56.99295316],[9.86168205,56.99295854]],[[9.86168205,56.99295854],[9.86168547,56.99296393]],[[9.86168547,56.99296393],[9.86168889,56.99296932]],[[9.86168889,56.99296932],[9.86169228,56.99297472]],[[9.86169228,56.99297472],[9.86169564,56.99298011]],[[9.86169564,56.99298011],[9.861699,56.99298552]],[[9.861699,56.99298552],[9.86170233,56.99299092]],[[9.86170233,56.99299092],[9.86170565,56.99299633]],[[9.86170565,56.99299633],[9.86170896,56.99300174]],[[9.86170896,56.99300174],[9.86171223,56.99300716]],[[9.86171223,56.99300716],[9.86171548,56.99301258]],[[9.86171548,56.99301258],[9.86171872,56.99301801]],[[9.86171872,56.99301801],[9.86172192,56.99302343]],[[9.86172192,56.99302343],[9.8618293,56.99323442]],[[9.8618293,56.99323442],[9.8619049,56.99344947]],[[9.8619049,56.99344947],[9.86194827,56.99366717]],[[9.86194827,56.99366717],[9.86195911,56.99388606]],[[9.86195911,56.99388606],[9.86193734,56.99410472]],[[9.86193734,56.99410472],[9.86189617,56.9942897]],[[9.86189617,56.9942897],[9.86183747,56.99447328]],[[9.86183747,56.99447328],[9.86176141,56.99465494]],[[9.86176141,56.99465494],[9.86175914,56.99465977]],[[9.86175914,56.99465977],[9.86175685,56.9946646]],[[9.86175685,56.9946646],[9.86175455,56.99466943]],[[9.86175455,56.99466943],[9.86175224,56.99467426]],[[9.86175224,56.99467426],[9.86174992,56.99467909]],[[9.86174992,56.99467909],[9.86174758,56.99468391]],[[9.86174758,56.99468391],[9.86174525,56.99468874]],[[9.86174525,56.99468874],[9.86174289,56.99469356]],[[9.86174289,56.99469356],[9.86174052,56.99469838]],[[9.86174052,56.99469838],[9.86173815,56.9947032]],[[9.86173815,56.9947032],[9.86173576,56.99470801]],[[9.86173576,56.99470801],[9.86173336,56.99471283]],[[9.86173336,56.99471283],[9.86173096,56.99471764]],[[9.86173096,56.99471764],[9.86172854,56.99472245]],[[9.86172854,56.99472245],[9.8617261,56.99472726]],[[9.8617261,56.99472726],[9.86172366,56.99473207]],[[9.86172366,56.99473207],[9.86172121,56.99473688]],[[9.86172121,56.99473688],[9.86171876,56.99474168]],[[9.86171876,56.99474168],[9.86171629,56.99474648]],[[9.86171629,56.99474648],[9.86171382,56.99475129]],[[9.86171382,56.99475129],[9.86171133,56.99475609]],[[9.86171133,56.99475609],[9.86170883,56.99476089]],[[9.86170883,56.99476089],[9.86170633,56.99476569]],[[9.86170633,56.99476569],[9.86170381,56.99477049]],[[9.86170381,56.99477049],[9.86170129,56.99477528]],[[9.86170129,56.99477528],[9.86169876,56.99478008]],[[9.86169876,56.99478008],[9.86169622,56.99478487]],[[9.86169622,56.99478487],[9.86169367,56.99478966]],[[9.86169367,56.99478966],[9.86169112,56.99479445]],[[9.86169112,56.99479445],[9.86168855,56.99479925]],[[9.86168855,56.99479925],[9.86168598,56.99480403]],[[9.86168598,56.99480403],[9.8616834,56.99480882]],[[9.8616834,56.99480882],[9.86168082,56.99481361]],[[9.86168082,56.99481361],[9.86167823,56.99481839]],[[9.86167823,56.99481839],[9.86167563,56.99482317]],[[9.86167563,56.99482317],[9.86167301,56.99482796]],[[9.86167301,56.99482796],[9.8616704,56.99483274]],[[9.8616704,56.99483274],[9.86166778,56.99483751]],[[9.86166778,56.99483751],[9.86166516,56.9948423]],[[9.86166516,56.9948423],[9.86166251,56.99484707]],[[9.86166251,56.99484707],[9.86165988,56.99485186]],[[9.86165988,56.99485186],[9.86165723,56.99485663]],[[9.86165723,56.99485663],[9.86165458,56.9948614]],[[9.86165458,56.9948614],[9.86165193,56.99486618]],[[9.86165193,56.99486618],[9.86164926,56.99487095]],[[9.86164926,56.99487095],[9.86164659,56.99487572]],[[9.86164659,56.99487572],[9.86164391,56.99488049]],[[9.86164391,56.99488049],[9.86164124,56.99488527]],[[9.86164124,56.99488527],[9.86163854,56.99489003]],[[9.86163854,56.99489003],[9.86163586,56.9948948]],[[9.86163586,56.9948948],[9.86163316,56.99489957]],[[9.86163316,56.99489957],[9.86163046,56.99490434]],[[9.86163046,56.99490434],[9.86162776,56.9949091]],[[9.86162776,56.9949091],[9.86162506,56.99491387]],[[9.86162506,56.99491387],[9.86162235,56.99491863]],[[9.86162235,56.99491863],[9.86161963,56.9949234]],[[9.86161963,56.9949234],[9.86161691,56.99492817]],[[9.86161691,56.99492817],[9.86161418,56.99493293]],[[9.86161418,56.99493293],[9.86161147,56.99493769]],[[9.86161147,56.99493769],[9.86160873,56.99494245]],[[9.86160873,56.99494245],[9.861606,56.99494721]],[[9.861606,56.99494721],[9.86160327,56.99495197]],[[9.86160327,56.99495197],[9.86160052,56.99495673]],[[9.86160052,56.99495673],[9.86159777,56.9949615]],[[9.86159777,56.9949615],[9.86159504,56.99496625]],[[9.86159504,56.99496625],[9.86159229,56.99497101]],[[9.86159229,56.99497101],[9.86158954,56.99497577]],[[9.86158954,56.99497577],[9.86158679,56.99498053]],[[9.86158679,56.99498053],[9.86158403,56.99498529]],[[9.86158403,56.99498529],[9.86158128,56.99499004]],[[9.86158128,56.99499004],[9.86157851,56.9949948]],[[9.86157851,56.9949948],[9.86157576,56.99499956]],[[9.86157576,56.99499956],[9.861573,56.99500431]],[[9.861573,56.99500431],[9.86157023,56.99500907]],[[9.86157023,56.99500907],[9.86156747,56.99501383]],[[9.86156747,56.99501383],[9.8615647,56.99501858]],[[9.8615647,56.99501858],[9.86156194,56.99502334]],[[9.86156194,56.99502334],[9.86155917,56.99502809]],[[9.86155917,56.99502809],[9.86155641,56.99503285]],[[9.86155641,56.99503285],[9.86155364,56.99503761]],[[9.86155364,56.99503761],[9.86155088,56.99504236]],[[9.86155088,56.99504236],[9.86154811,56.99504712]],[[9.86154811,56.99504712],[9.86069799,56.99650784]],[[9.86345708,56.99101064],[9.86350191,56.99104828]],[[9.86065877,56.99650104],[9.86073719,56.99651464]],[[9.86168233,56.99302957],[9.86176063,56.99301579]],[[9.86218759,56.99147175],[9.86221449,56.99149433]],[[9.86166935,56.99478707],[9.86171674,56.9947946]],[[9.86067714,56.99649914],[9.86072418,56.99650729]],[[9.86218759,56.99147175],[9.86221449,56.99149433]],[[9.8612282,56.99216921],[9.8612774,56.99217128]],[[9.86193376,56.99390684],[9.8619831,56.99390742]],[[9.86166935,56.99478707],[9.86171674,56.9947946]],[[9.86117525,56.99564327],[9.86122231,56.99565143]],[[9.86067714,56.99649914],[9.86072418,56.99650729]],[[9.88706973,57.08189992],[9.88903995,57.08312276]],[[9.88903995,57.08312276],[9.88904359,57.08312501]],[[9.88904359,57.08312501],[9.88904722,57.08312727]],[[9.88904722,57.08312727],[9.88905085,57.08312953]],[[9.88905085,57.08312953],[9.88905448,57.08313179]],[[9.88905448,57.08313179],[9.88905812,57.08313404]],[[9.88905812,57.08313404],[9.88906176,57.08313629]],[[9.88906176,57.08313629],[9.8890654,57.08313855]],[[9.8890654,57.08313855],[9.88906904,57.08314081]],[[9.88906904,57.08314081],[9.88907267,57.08314306]],[[9.88907267,57.08314306],[9.88907631,57.08314532]],[[9.88907631,57.08314532],[9.88907995,57.08314758]],[[9.88907995,57.08314758],[9.88908359,57.08314983]],[[9.88908359,57.08314983],[9.88908723,57.08315209]],[[9.88908723,57.08315209],[9.88909086,57.08315434]],[[9.88909086,57.08315434],[9.8890945,57.0831566]],[[9.8890945,57.0831566],[9.88909814,57.08315885]],[[9.88909814,57.08315885],[9.88910178,57.08316111]],[[9.88910178,57.08316111],[9.88910542,57.08316336]],[[9.88910542,57.08316336],[9.88910905,57.08316562]],[[9.88910905,57.08316562],[9.88911269,57.08316787]],[[9.88911269,57.08316787],[9.88911635,57.08317012]],[[9.88911635,57.08317012],[9.88911999,57.08317238]],[[9.88911999,57.08317238],[9.88912362,57.08317463]],[[9.88912362,57.08317463],[9.88912728,57.08317688]],[[9.88912728,57.08317688],[9.88913092,57.08317913]],[[9.88913092,57.08317913],[9.88913457,57.08318139]],[[9.88913457,57.08318139],[9.88913821,57.08318364]],[[9.88913821,57.08318364],[9.88914186,57.08318589]],[[9.88914186,57.08318589],[9.8891455,57.08318814]],[[9.8891455,57.08318814],[9.88914916,57.08319039]],[[9.88914916,57.08319039],[9.88915281,57.08319264]],[[9.88915281,57.08319264],[9.88915645,57.08319489]],[[9.88915645,57.08319489],[9.8891601,57.08319714]],[[9.8891601,57.08319714],[9.88916376,57.08319939]],[[9.88916376,57.08319939],[9.88916741,57.08320163]],[[9.88916741,57.08320163],[9.88917107,57.08320388]],[[9.88917107,57.08320388],[9.88917472,57.08320613]],[[9.88917472,57.08320613],[9.88917837,57.08320838]],[[9.88917837,57.08320838],[9.88918205,57.08321063]],[[9.88918205,57.08321063],[9.8891857,57.08321287]],[[9.8891857,57.08321287],[9.88918936,57.08321511]],[[9.88918936,57.08321511],[9.88919303,57.08321736]],[[9.88919303,57.08321736],[9.88919668,57.0832196]],[[9.88919668,57.0832196],[9.88920035,57.08322184]],[[9.88920035,57.08322184],[9.88920401,57.08322409]],[[9.88920401,57.08322409],[9.88920768,57.08322633]],[[9.88920768,57.08322633],[9.88921135,57.08322857]],[[9.88921135,57.08322857],[9.88921502,57.08323082]],[[9.88921502,57.08323082],[9.88921869,57.08323305]],[[9.88921869,57.08323305],[9.88922236,57.08323529]],[[9.88922236,57.08323529],[9.88922603,57.08323753]],[[9.88922603,57.08323753],[9.8892297,57.08323976]],[[9.8892297,57.08323976],[9.88923337,57.083242]],[[9.88923337,57.083242],[9.88923706,57.08324424]],[[9.88923706,57.08324424],[9.88924073,57.08324647]],[[9.88924073,57.08324647],[9.88924442,57.08324871]],[[9.88924442,57.08324871],[9.88924811,57.08325094]],[[9.88924811,57.08325094],[9.88925178,57.08325318]],[[9.88925178,57.08325318],[9.88925547,57.08325541]],[[9.88925547,57.08325541],[9.88925915,57.08325764]],[[9.88925915,57.08325764],[9.88926286,57.08325987]],[[9.88926286,57.08325987],[9.88926655,57.0832621]],[[9.88926655,57.0832621],[9.88927023,57.08326433]],[[9.88927023,57.08326433],[9.88927394,57.08326656]],[[9.88927394,57.08326656],[9.88927763,57.08326878]],[[9.88927763,57.08326878],[9.88928133,57.08327101]],[[9.88928133,57.08327101],[9.88928503,57.08327324]],[[9.88928503,57.08327324],[9.88928874,57.08327546]],[[9.88928874,57.08327546],[9.88929244,57.08327768]],[[9.88929244,57.08327768],[9.88929615,57.08327991]],[[9.88929615,57.08327991],[9.88929985,57.08328212]],[[9.88929985,57.08328212],[9.88930357,57.08328434]],[[9.88930357,57.08328434],[9.88930727,57.08328656]],[[9.88930727,57.08328656],[9.889311,57.08328878]],[[9.889311,57.08328878],[9.88931472,57.083291]],[[9.88931472,57.083291],[9.88931844,57.08329321]],[[9.88931844,57.08329321],[9.88932216,57.08329543]],[[9.88932216,57.08329543],[9.88932588,57.08329764]],[[9.88932588,57.08329764],[9.88932962,57.08329986]],[[9.88932962,57.08329986],[9.88933334,57.08330207]],[[9.88933334,57.08330207],[9.88933707,57.08330427]],[[9.88933707,57.08330427],[9.88934079,57.08330648]],[[9.88934079,57.08330648],[9.88934079,57.08330648]],[[9.88934079,57.08330648],[9.889346,57.08330955]],[[9.889346,57.08330955],[9.88935118,57.08331262]],[[9.88935118,57.08331262],[9.88935638,57.08331568]],[[9.88935638,57.08331568],[9.88936159,57.08331873]],[[9.88936159,57.08331873],[9.88936679,57.08332179]],[[9.88936679,57.08332179],[9.88937201,57.08332484]],[[9.88937201,57.08332484],[9.88937723,57.08332789]],[[9.88937723,57.08332789],[9.88938246,57.08333094]],[[9.88938246,57.08333094],[9.8893877,57.08333398]],[[9.8893877,57.08333398],[9.88939293,57.08333702]],[[9.88939293,57.08333702],[9.88939819,57.08334006]],[[9.88939819,57.08334006],[9.88940344,57.08334309]],[[9.88940344,57.08334309],[9.88940871,57.08334611]],[[9.88940871,57.08334611],[9.88941397,57.08334914]],[[9.88941397,57.08334914],[9.88941926,57.08335216]],[[9.88941926,57.08335216],[9.88942454,57.08335518]],[[9.88942454,57.08335518],[9.88942983,57.08335819]],[[9.88942983,57.08335819],[9.88943513,57.08336119]],[[9.88943513,57.08336119],[9.88944045,57.0833642]],[[9.88944045,57.0833642],[9.88944577,57.08336719]],[[9.88944577,57.08336719],[9.8894511,57.08337019]],[[9.8894511,57.08337019],[9.88945644,57.08337317]],[[9.88945644,57.08337317],[9.88946179,57.08337616]],[[9.88946179,57.08337616],[9.88946715,57.08337914]],[[9.88946715,57.08337914],[9.88947252,57.0833821]],[[9.88947252,57.0833821],[9.88947791,57.08338507]],[[9.88947791,57.08338507],[9.88948329,57.08338803]],[[9.88948329,57.08338803],[9.88948871,57.08339098]],[[9.88948871,57.08339098],[9.88949411,57.08339393]],[[9.88949411,57.08339393],[9.88949954,57.08339687]],[[9.88949954,57.08339687],[9.88950498,57.08339981]],[[9.88950498,57.08339981],[9.88951043,57.08340274]],[[9.88951043,57.08340274],[9.88951588,57.08340566]],[[9.88951588,57.08340566],[9.88952136,57.08340857]],[[9.88952136,57.08340857],[9.88952684,57.08341149]],[[9.88952684,57.08341149],[9.88953234,57.08341439]],[[9.88953234,57.08341439],[9.88953784,57.08341728]],[[9.88953784,57.08341728],[9.88954337,57.08342017]],[[9.88954337,57.08342017],[9.88954891,57.08342306]],[[9.88954891,57.08342306],[9.88955446,57.08342593]],[[9.88955446,57.08342593],[9.88956002,57.08342879]],[[9.88956002,57.08342879],[9.88956559,57.08343165]],[[9.88956559,57.08343165],[9.88957119,57.0834345]],[[9.88957119,57.0834345],[9.88957679,57.08343733]],[[9.88957679,57.08343733],[9.8895824,57.08344017]],[[9.8895824,57.08344017],[9.88958805,57.08344299]],[[9.88958805,57.08344299],[9.8895937,57.08344581]],[[9.8895937,57.08344581],[9.88959935,57.08344861]],[[9.88959935,57.08344861],[9.88960503,57.08345141]],[[9.88960503,57.08345141],[9.88961073,57.0834542]],[[9.88961073,57.0834542],[9.88961644,57.08345697]],[[9.88961644,57.08345697],[9.88962216,57.08345974]],[[9.88962216,57.08345974],[9.8896279,57.0834625]],[[9.8896279,57.0834625],[9.88963365,57.08346526]],[[9.88963365,57.08346526],[9.88963943,57.08346799]],[[9.88963943,57.08346799],[9.88964521,57.08347072]],[[9.88964521,57.08347072],[9.88965103,57.08347344]],[[9.88965103,57.08347344],[9.88965684,57.08347615]],[[9.88965684,57.08347615],[9.88966269,57.08347884]],[[9.88966269,57.08347884],[9.88966853,57.08348153]],[[9.88966853,57.08348153],[9.88967441,57.0834842]],[[9.88967441,57.0834842],[9.88968029,57.08348687]],[[9.88968029,57.08348687],[9.88968621,57.08348952]],[[9.88968621,57.08348952],[9.88969213,57.08349217]],[[9.88969213,57.08349217],[9.88969806,57.08349479]],[[9.88969806,57.08349479],[9.88970403,57.08349741]],[[9.88970403,57.08349741],[9.88971001,57.08350002]],[[9.88971001,57.08350002],[9.889716,57.08350261]],[[9.889716,57.08350261],[9.88972201,57.0835052]],[[9.88972201,57.0835052],[9.88972804,57.08350776]],[[9.88972804,57.08350776],[9.88973409,57.08351032]],[[9.88973409,57.08351032],[9.88974016,57.08351286]],[[9.88974016,57.08351286],[9.88974624,57.08351539]],[[9.88974624,57.08351539],[9.88975235,57.0835179]],[[9.88975235,57.0835179],[9.88975848,57.08352041]],[[9.88975848,57.08352041],[9.88976463,57.0835229]],[[9.88976463,57.0835229],[9.88977079,57.08352537]],[[9.88977079,57.08352537],[9.88977696,57.08352784]],[[9.88977696,57.08352784],[9.88978316,57.08353028]],[[9.88978316,57.08353028],[9.88978938,57.08353272]],[[9.88978938,57.08353272],[9.88979563,57.08353513]],[[9.88979563,57.08353513],[9.88980187,57.08353753]],[[9.88980187,57.08353753],[9.88980187,57.08353753]],[[9.88980187,57.08353753],[9.88980347,57.08353813]],[[9.88980347,57.08353813],[9.88980505,57.08353875]],[[9.88980505,57.08353875],[9.88980665,57.08353935]],[[9.88980665,57.08353935],[9.88980823,57.08353995]],[[9.88980823,57.08353995],[9.88980983,57.08354056]],[[9.88980983,57.08354056],[9.88981143,57.08354115]],[[9.88981143,57.08354115],[9.88981302,57.08354175]],[[9.88981302,57.08354175],[9.88981462,57.08354236]],[[9.88981462,57.08354236],[9.88981622,57.08354295]],[[9.88981622,57.08354295],[9.88981782,57.08354354]],[[9.88981782,57.08354354],[9.88981942,57.08354415]],[[9.88981942,57.08354415],[9.88982101,57.08354474]],[[9.88982101,57.08354474],[9.88982263,57.08354534]],[[9.88982263,57.08354534],[9.88982423,57.08354593]],[[9.88982423,57.08354593],[9.88982584,57.08354651]],[[9.88982584,57.08354651],[9.88982744,57.08354711]],[[9.88982744,57.08354711],[9.88982905,57.0835477]],[[9.88982905,57.0835477],[9.88983067,57.08354829]],[[9.88983067,57.08354829],[9.88983227,57.08354887]],[[9.88983227,57.08354887],[9.88983388,57.08354946]],[[9.88983388,57.08354946],[9.88983549,57.08355004]],[[9.88983549,57.08355004],[9.88983711,57.08355063]],[[9.88983711,57.08355063],[9.88983872,57.08355121]],[[9.88983872,57.08355121],[9.88984035,57.0835518]],[[9.88984035,57.0835518],[9.88984197,57.08355237]],[[9.88984197,57.08355237],[9.88984358,57.08355296]],[[9.88984358,57.08355296],[9.88984521,57.08355354]],[[9.88984521,57.08355354],[9.88984683,57.08355411]],[[9.88984683,57.08355411],[9.88984846,57.08355469]],[[9.88984846,57.08355469],[9.88985009,57.08355526]],[[9.88985009,57.08355526],[9.88985172,57.08355584]],[[9.88985172,57.08355584],[9.88985335,57.08355641]],[[9.88985335,57.08355641],[9.88985498,57.08355698]],[[9.88985498,57.08355698],[9.88985662,57.08355755]],[[9.88985662,57.08355755],[9.88985825,57.08355812]],[[9.88985825,57.08355812],[9.88985988,57.08355869]],[[9.88985988,57.08355869],[9.88986151,57.08355925]],[[9.88986151,57.08355925],[9.88986316,57.08355982]],[[9.88986316,57.08355982],[9.88986479,57.08356039]],[[9.88986479,57.08356039],[9.88986643,57.08356094]],[[9.88986643,57.08356094],[9.88986807,57.08356151]],[[9.88986807,57.08356151],[9.88986971,57.08356207]],[[9.88986971,57.08356207],[9.88987136,57.08356263]],[[9.88987136,57.08356263],[9.88987301,57.08356319]],[[9.88987301,57.08356319],[9.88987466,57.08356374]],[[9.88987466,57.08356374],[9.8898763,57.0835643]],[[9.8898763,57.0835643],[9.88987795,57.08356485]],[[9.88987795,57.08356485],[9.88987962,57.08356541]],[[9.88987962,57.08356541],[9.88988126,57.08356596]],[[9.88988126,57.08356596],[9.88988293,57.08356651]],[[9.88988293,57.08356651],[9.88988457,57.08356706]],[[9.88988457,57.08356706],[9.88988624,57.08356761]],[[9.88988624,57.08356761],[9.88988789,57.08356815]],[[9.88988789,57.08356815],[9.88988955,57.0835687]],[[9.88988955,57.0835687],[9.88989121,57.08356924]],[[9.88989121,57.08356924],[9.88989288,57.08356979]],[[9.88989288,57.08356979],[9.88989454,57.08357033]],[[9.88989454,57.08357033],[9.88989622,57.08357087]],[[9.88989622,57.08357087],[9.88989789,57.0835714]],[[9.88989789,57.0835714],[9.88989955,57.08357194]],[[9.88989955,57.08357194],[9.88990123,57.08357247]],[[9.88990123,57.08357247],[9.8899029,57.08357301]],[[9.8899029,57.08357301],[9.88990458,57.08357354]],[[9.88990458,57.08357354],[9.88990626,57.08357407]],[[9.88990626,57.08357407],[9.88990792,57.0835746]],[[9.88990792,57.0835746],[9.8899096,57.08357513]],[[9.8899096,57.08357513],[9.88991128,57.08357566]],[[9.88991128,57.08357566],[9.88991296,57.08357618]],[[9.88991296,57.08357618],[9.88991466,57.0835767]],[[9.88991466,57.0835767],[9.88991634,57.08357722]],[[9.88991634,57.08357722],[9.88991802,57.08357775]],[[9.88991802,57.08357775],[9.88991972,57.08357827]],[[9.88991972,57.08357827],[9.8899214,57.08357878]],[[9.8899214,57.08357878],[9.8899231,57.0835793]],[[9.8899231,57.0835793],[9.88992479,57.08357982]],[[9.88992479,57.08357982],[9.88992649,57.08358033]],[[9.88992649,57.08358033],[9.88992817,57.08358084]],[[9.88992817,57.08358084],[9.88992989,57.08358136]],[[9.88992989,57.08358136],[9.88993158,57.08358186]],[[9.88993158,57.08358186],[9.88993328,57.08358237]],[[9.88993328,57.08358237],[9.88993498,57.08358288]],[[9.88993498,57.08358288],[9.88993669,57.08358338]],[[9.88993669,57.08358338],[9.89002642,57.08360722]],[[9.89002642,57.08360722],[9.89011959,57.08362674]],[[9.89011959,57.08362674],[9.89021552,57.0836418]],[[9.89021552,57.0836418],[9.89031348,57.0836523]],[[9.89031348,57.0836523],[9.89041275,57.08365816]],[[9.89041275,57.08365816],[9.89051256,57.08365931]],[[9.89051256,57.08365931],[9.89061218,57.08365577]],[[9.89061218,57.08365577],[9.89071088,57.08364755]],[[9.89071088,57.08364755],[9.89080791,57.08363472]],[[9.89080791,57.08363472],[9.89090252,57.08361738]],[[9.89090252,57.08361738],[9.89099404,57.08359565]],[[9.89099404,57.08359565],[9.89108177,57.08356969]],[[9.89108177,57.08356969],[9.89116504,57.08353971]],[[9.89116504,57.08353971],[9.89124325,57.08350591]],[[9.89124325,57.08350591],[9.89131579,57.08346857]],[[9.89131579,57.08346857],[9.89138216,57.08342795]],[[9.89138216,57.08342795],[9.89144183,57.08338436]],[[9.89144183,57.08338436],[9.89149434,57.08333814]],[[9.89149434,57.08333814],[9.89153934,57.0832896]],[[9.89153934,57.0832896],[9.89157645,57.08323914]],[[9.89157645,57.08323914],[9.89160543,57.08318712]],[[9.89160543,57.08318712],[9.89162603,57.08313393]],[[9.89162603,57.08313393],[9.89163813,57.08307996]],[[9.89163813,57.08307996],[9.89164162,57.08302563]],[[9.89164162,57.08302563],[9.89163647,57.08297135]],[[9.89163647,57.08297135],[9.89162272,57.0829175]],[[9.89162272,57.0829175],[9.8916005,57.08286451]],[[9.8916005,57.08286451],[9.89156992,57.08281275]],[[9.89156992,57.08281275],[9.89153126,57.08276263]],[[9.89153126,57.08276263],[9.8914848,57.08271451]],[[9.8914848,57.08271451],[9.89143087,57.08266877]],[[9.89143087,57.08266877],[9.89136989,57.08262573]],[[9.89136989,57.08262573],[9.8913023,57.08258572]],[[9.8913023,57.08258572],[9.89122862,57.08254903]],[[9.89122862,57.08254903],[9.89114939,57.08251595]],[[9.89114939,57.08251595],[9.8910652,57.08248673]],[[9.8910652,57.08248673],[9.8909767,57.08246157]],[[9.8909767,57.08246157],[9.89088454,57.08244067]],[[9.89088454,57.08244067],[9.89087907,57.08243959]],[[9.89087907,57.08243959],[9.8908736,57.08243852]],[[9.8908736,57.08243852],[9.89086811,57.08243747]],[[9.89086811,57.08243747],[9.89086262,57.08243643]],[[9.89086262,57.08243643],[9.89085711,57.0824354]],[[9.89085711,57.0824354],[9.89085159,57.08243439]],[[9.89085159,57.08243439],[9.89084607,57.0824334]],[[9.89084607,57.0824334],[9.89084053,57.08243241]],[[9.89084053,57.08243241],[9.89083499,57.08243145]],[[9.89083499,57.08243145],[9.89082945,57.08243049]],[[9.89082945,57.08243049],[9.8908239,57.08242955]],[[9.8908239,57.08242955],[9.89081833,57.08242862]],[[9.89081833,57.08242862],[9.89081276,57.0824277]],[[9.89081276,57.0824277],[9.89080718,57.0824268]],[[9.89080718,57.0824268],[9.8908016,57.08242591]],[[9.8908016,57.08242591],[9.89079601,57.08242504]],[[9.89079601,57.08242504],[9.89079042,57.08242417]],[[9.89079042,57.08242417],[9.89078482,57.08242331]],[[9.89078482,57.08242331],[9.89077919,57.08242247]],[[9.89077919,57.08242247],[9.89077359,57.08242165]],[[9.89077359,57.08242165],[9.89076797,57.08242083]],[[9.89076797,57.08242083],[9.89076235,57.08242003]],[[9.89076235,57.08242003],[9.89075671,57.08241923]],[[9.89075671,57.08241923],[9.89075107,57.08241844]],[[9.89075107,57.08241844],[9.89074543,57.08241768]],[[9.89074543,57.08241768],[9.89073978,57.08241692]],[[9.89073978,57.08241692],[9.89073412,57.08241616]],[[9.89073412,57.08241616],[9.89072847,57.08241543]],[[9.89072847,57.08241543],[9.89072282,57.08241469]],[[9.89072282,57.08241469],[9.89071714,57.08241397]],[[9.89071714,57.08241397],[9.89071147,57.08241326]],[[9.89071147,57.08241326],[9.8907058,57.08241256]],[[9.8907058,57.08241256],[9.89070011,57.08241187]],[[9.89070011,57.08241187],[9.89069444,57.08241118]],[[9.89069444,57.08241118],[9.89068876,57.08241051]],[[9.89068876,57.08241051],[9.89068307,57.08240984]],[[9.89068307,57.08240984],[9.89067738,57.08240919]],[[9.89067738,57.08240919],[9.89067168,57.08240854]],[[9.89067168,57.08240854],[9.89066599,57.08240791]],[[9.89066599,57.08240791],[9.89066028,57.08240727]],[[9.89066028,57.08240727],[9.89065458,57.08240666]],[[9.89065458,57.08240666],[9.89064886,57.08240604]],[[9.89064886,57.08240604],[9.89064315,57.08240544]],[[9.89064315,57.08240544],[9.89063745,57.08240484]],[[9.89063745,57.08240484],[9.89063173,57.08240424]],[[9.89063173,57.08240424],[9.89062601,57.08240366]],[[9.89062601,57.08240366],[9.89062029,57.08240308]],[[9.89062029,57.08240308],[9.89061457,57.08240251]],[[9.89061457,57.08240251],[9.89060885,57.08240194]],[[9.89060885,57.08240194],[9.89060311,57.08240139]],[[9.89060311,57.08240139],[9.89059739,57.08240084]],[[9.89059739,57.08240084],[9.89059165,57.08240029]],[[9.89059165,57.08240029],[9.89058593,57.08239975]],[[9.89058593,57.08239975],[9.89058019,57.08239921]],[[9.89058019,57.08239921],[9.89057445,57.08239869]],[[9.89057445,57.08239869],[9.89056872,57.08239816]],[[9.89056872,57.08239816],[9.89056298,57.08239764]],[[9.89056298,57.08239764],[9.89055724,57.08239713]],[[9.89055724,57.08239713],[9.89055149,57.08239661]],[[9.89055149,57.08239661],[9.89054575,57.08239611]],[[9.89054575,57.08239611],[9.89054,57.0823956]],[[9.89054,57.0823956],[9.89053426,57.08239511]],[[9.89053426,57.08239511],[9.8905285,57.08239461]],[[9.8905285,57.08239461],[9.89052277,57.08239412]],[[9.89052277,57.08239412],[9.89051701,57.08239364]],[[9.89051701,57.08239364],[9.89051126,57.08239315]],[[9.89051126,57.08239315],[9.89050552,57.08239267]],[[9.89050552,57.08239267],[9.89049977,57.0823922]],[[9.89049977,57.0823922],[9.89049401,57.08239173]],[[9.89049401,57.08239173],[9.89048826,57.08239126]],[[9.89048826,57.08239126],[9.8904825,57.08239079]],[[9.8904825,57.08239079],[9.89047675,57.08239031]],[[9.89047675,57.08239031],[9.89047099,57.08238985]],[[9.89047099,57.08238985],[9.89046524,57.08238939]],[[9.89046524,57.08238939],[9.89045949,57.08238892]],[[9.89045949,57.08238892],[9.89045373,57.08238846]],[[9.89045373,57.08238846],[9.89044796,57.08238801]],[[9.89044796,57.08238801],[9.89044221,57.08238754]],[[9.89044221,57.08238754],[9.89043645,57.08238709]],[[9.89043645,57.08238709],[9.8904307,57.08238663]],[[9.8904307,57.08238663],[9.89042494,57.08238617]],[[9.89042494,57.08238617],[9.89041919,57.08238572]],[[9.89041919,57.08238572],[9.88968266,57.08232726]],[[9.88983578,57.08356626],[9.88986273,57.08354367]],[[9.88759602,57.082247],[9.88763321,57.08222924]],[[9.88868363,57.08292204],[9.88872082,57.08290427]],[[9.89136784,57.08345786],[9.89133089,57.08343995]],[[9.89138833,57.08261674],[9.89135051,57.08263411]],[[9.88985513,57.08232734],[9.88984799,57.08235399]],[[9.88870649,57.08597362],[9.88974237,57.08605583]],[[9.88974237,57.08605583],[9.8897552,57.08605684]],[[9.8897552,57.08605684],[9.88976802,57.08605787]],[[9.88976802,57.08605787],[9.88978087,57.08605889]],[[9.88978087,57.08605889],[9.8897937,57.0860599]],[[9.8897937,57.0860599],[9.88980653,57.08606092]],[[9.88980653,57.08606092],[9.88981936,57.08606195]],[[9.88981936,57.08606195],[9.88983218,57.08606296]],[[9.88983218,57.08606296],[9.88984503,57.08606399]],[[9.88984503,57.08606399],[9.88985786,57.08606501]],[[9.88985786,57.08606501],[9.88987069,57.08606603]],[[9.88987069,57.08606603],[9.88988352,57.08606706]],[[9.88988352,57.08606706],[9.88989634,57.08606809]],[[9.88989634,57.08606809],[9.88990917,57.08606912]],[[9.88990917,57.08606912],[9.889922,57.08607015]],[[9.889922,57.08607015],[9.88993483,57.08607118]],[[9.88993483,57.08607118],[9.88994766,57.08607222]],[[9.88994766,57.08607222],[9.88996049,57.08607326]],[[9.88996049,57.08607326],[9.88997332,57.0860743]],[[9.88997332,57.0860743],[9.88998615,57.08607534]],[[9.88998615,57.08607534],[9.88999896,57.08607638]],[[9.88999896,57.08607638],[9.89001179,57.08607744]],[[9.89001179,57.08607744],[9.89002462,57.08607848]],[[9.89002462,57.08607848],[9.89003744,57.08607953]],[[9.89003744,57.08607953],[9.89005026,57.0860806]],[[9.89005026,57.0860806],[9.89006309,57.08608166]],[[9.89006309,57.08608166],[9.8900759,57.08608272]],[[9.8900759,57.08608272],[9.89008873,57.08608379]],[[9.89008873,57.08608379],[9.89010154,57.08608486]],[[9.89010154,57.08608486],[9.89011435,57.08608593]],[[9.89011435,57.08608593],[9.89012716,57.08608701]],[[9.89012716,57.08608701],[9.89013999,57.0860881]],[[9.89013999,57.0860881],[9.8901528,57.08608919]],[[9.8901528,57.08608919],[9.89016562,57.08609028]],[[9.89016562,57.08609028],[9.89017841,57.08609138]],[[9.89017841,57.08609138],[9.89019122,57.08609248]],[[9.89019122,57.08609248],[9.89020404,57.08609359]],[[9.89020404,57.08609359],[9.89021685,57.0860947]],[[9.89021685,57.0860947],[9.89022964,57.08609581]],[[9.89022964,57.08609581],[9.89024245,57.08609694]],[[9.89024245,57.08609694],[9.89025525,57.08609807]],[[9.89025525,57.08609807],[9.89026805,57.0860992]],[[9.89026805,57.0860992],[9.89028084,57.08610034]],[[9.89028084,57.08610034],[9.89029365,57.08610149]],[[9.89029365,57.08610149],[9.89030643,57.08610264]],[[9.89030643,57.08610264],[9.89031923,57.08610379]],[[9.89031923,57.08610379],[9.89033202,57.08610496]],[[9.89033202,57.08610496],[9.89034482,57.08610613]],[[9.89034482,57.08610613],[9.8903576,57.08610731]],[[9.8903576,57.08610731],[9.89037038,57.08610849]],[[9.89037038,57.08610849],[9.89038317,57.08610969]],[[9.89038317,57.08610969],[9.89039595,57.08611088]],[[9.89039595,57.08611088],[9.89040873,57.08611209]],[[9.89040873,57.08611209],[9.89042151,57.08611329]],[[9.89042151,57.08611329],[9.89043427,57.08611452]],[[9.89043427,57.08611452],[9.89044705,57.08611574]],[[9.89044705,57.08611574],[9.89045981,57.08611698]],[[9.89045981,57.08611698],[9.89047257,57.08611822]],[[9.89047257,57.08611822],[9.89048534,57.08611947]],[[9.89048534,57.08611947],[9.8904981,57.08612073]],[[9.8904981,57.08612073],[9.89051086,57.086122]],[[9.89051086,57.086122],[9.89052361,57.08612328]],[[9.89052361,57.08612328],[9.89053637,57.08612456]],[[9.89053637,57.08612456],[9.89054911,57.08612585]],[[9.89054911,57.08612585],[9.89056186,57.08612716]],[[9.89056186,57.08612716],[9.8905746,57.08612846]],[[9.8905746,57.08612846],[9.89058733,57.08612978]],[[9.89058733,57.08612978],[9.89060008,57.08613111]],[[9.89060008,57.08613111],[9.89061281,57.08613245]],[[9.89061281,57.08613245],[9.89062554,57.0861338]],[[9.89062554,57.0861338],[9.89063826,57.08613516]],[[9.89063826,57.08613516],[9.89065099,57.08613653]],[[9.89065099,57.08613653],[9.89066371,57.0861379]],[[9.89066371,57.0861379],[9.89067642,57.08613929]],[[9.89067642,57.08613929],[9.89068913,57.08614068]],[[9.89068913,57.08614068],[9.89070184,57.08614209]],[[9.89070184,57.08614209],[9.89071454,57.08614352]],[[9.89071454,57.08614352],[9.89072725,57.08614495]],[[9.89072725,57.08614495],[9.89073995,57.08614638]],[[9.89073995,57.08614638],[9.89075263,57.08614783]],[[9.89075263,57.08614783],[9.89076532,57.08614929]],[[9.89076532,57.08614929],[9.890778,57.08615076]],[[9.890778,57.08615076],[9.89079068,57.08615225]],[[9.89079068,57.08615225],[9.89143225,57.08624327]],[[9.89143225,57.08624327],[9.8920574,57.0863635]],[[9.8920574,57.0863635],[9.89266164,57.08651207]],[[9.89266164,57.08651207],[9.89324065,57.08668793]],[[9.89324065,57.08668793],[9.89379028,57.08688981]],[[9.89379028,57.08688981],[9.8943066,57.08711626]],[[9.8943066,57.08711626],[9.89431635,57.08712092]],[[9.89431635,57.08712092],[9.89432607,57.08712559]],[[9.89432607,57.08712559],[9.89433579,57.08713028]],[[9.89433579,57.08713028],[9.89434547,57.08713496]],[[9.89434547,57.08713496],[9.89435516,57.08713966]],[[9.89435516,57.08713966],[9.89436483,57.08714436]],[[9.89436483,57.08714436],[9.89437449,57.08714908]],[[9.89437449,57.08714908],[9.89438413,57.0871538]],[[9.89438413,57.0871538],[9.89439376,57.08715852]],[[9.89439376,57.08715852],[9.89440338,57.08716326]],[[9.89440338,57.08716326],[9.89441299,57.087168]],[[9.89441299,57.087168],[9.89442259,57.08717275]],[[9.89442259,57.08717275],[9.89443216,57.08717751]],[[9.89443216,57.08717751],[9.89444173,57.08718228]],[[9.89444173,57.08718228],[9.89445128,57.08718705]],[[9.89445128,57.08718705],[9.89446083,57.08719183]],[[9.89446083,57.08719183],[9.89447037,57.08719662]],[[9.89447037,57.08719662],[9.89447989,57.08720141]],[[9.89447989,57.08720141],[9.89448939,57.08720621]],[[9.89448939,57.08720621],[9.8944989,57.08721102]],[[9.8944989,57.08721102],[9.89450838,57.08721583]],[[9.89450838,57.08721583],[9.89451785,57.08722065]],[[9.89451785,57.08722065],[9.89452732,57.08722548]],[[9.89452732,57.08722548],[9.89453678,57.08723031]],[[9.89453678,57.08723031],[9.89454623,57.08723515]],[[9.89454623,57.08723515],[9.89455567,57.08724]],[[9.89455567,57.08724],[9.89456509,57.08724485]],[[9.89456509,57.08724485],[9.89457449,57.0872497]],[[9.89457449,57.0872497],[9.8945839,57.08725456]],[[9.8945839,57.08725456],[9.8945933,57.08725943]],[[9.8945933,57.08725943],[9.89460269,57.0872643]],[[9.89460269,57.0872643],[9.89461206,57.08726918]],[[9.89461206,57.08726918],[9.89462143,57.08727406]],[[9.89462143,57.08727406],[9.89463079,57.08727894]],[[9.89463079,57.08727894],[9.89464014,57.08728384]],[[9.89464014,57.08728384],[9.89464948,57.08728874]],[[9.89464948,57.08728874],[9.89465882,57.08729364]],[[9.89465882,57.08729364],[9.89466814,57.08729854]],[[9.89466814,57.08729854],[9.89467746,57.08730345]],[[9.89467746,57.08730345],[9.89468676,57.08730837]],[[9.89468676,57.08730837],[9.89469607,57.08731329]],[[9.89469607,57.08731329],[9.89470536,57.08731821]],[[9.89470536,57.08731821],[9.89471465,57.08732314]],[[9.89471465,57.08732314],[9.89472394,57.08732808]],[[9.89472394,57.08732808],[9.89473321,57.08733301]],[[9.89473321,57.08733301],[9.89474246,57.08733796]],[[9.89474246,57.08733796],[9.89475174,57.08734289]],[[9.89475174,57.08734289],[9.89476099,57.08734784]],[[9.89476099,57.08734784],[9.89477023,57.0873528]],[[9.89477023,57.0873528],[9.89477947,57.08735774]],[[9.89477947,57.08735774],[9.89478871,57.08736271]],[[9.89478871,57.08736271],[9.89479793,57.08736766]],[[9.89479793,57.08736766],[9.89480715,57.08737263]],[[9.89480715,57.08737263],[9.89481638,57.08737759]],[[9.89481638,57.08737759],[9.8948256,57.08738257]],[[9.8948256,57.08738257],[9.8948348,57.08738753]],[[9.8948348,57.08738753],[9.89484401,57.0873925]],[[9.89484401,57.0873925],[9.8948532,57.08739749]],[[9.8948532,57.08739749],[9.89486239,57.08740246]],[[9.89486239,57.08740246],[9.8948716,57.08740744]],[[9.8948716,57.08740744],[9.89488077,57.08741243]],[[9.89488077,57.08741243],[9.89488996,57.08741742]],[[9.89488996,57.08741742],[9.89489913,57.0874224]],[[9.89489913,57.0874224],[9.8949083,57.08742739]],[[9.8949083,57.08742739],[9.89491748,57.08743238]],[[9.89491748,57.08743238],[9.89492665,57.08743738]],[[9.89492665,57.08743738],[9.89493582,57.08744238]],[[9.89493582,57.08744238],[9.89494498,57.08744737]],[[9.89494498,57.08744737],[9.89495414,57.08745237]],[[9.89495414,57.08745237],[9.89496329,57.08745737]],[[9.89496329,57.08745737],[9.89497245,57.08746237]],[[9.89497245,57.08746237],[9.89498161,57.08746737]],[[9.89498161,57.08746737],[9.89499076,57.08747237]],[[9.89499076,57.08747237],[9.8949999,57.08747738]],[[9.8949999,57.08747738],[9.89500906,57.08748238]],[[9.89500906,57.08748238],[9.8950182,57.08748739]],[[9.8950182,57.08748739],[9.89502736,57.08749239]],[[9.89502736,57.08749239],[9.8950365,57.0874974]],[[9.8950365,57.0874974],[9.89504564,57.0875024]],[[9.89504564,57.0875024],[9.89505479,57.08750741]],[[9.89505479,57.08750741],[9.89506393,57.08751242]],[[9.89506393,57.08751242],[9.89507307,57.08751743]],[[9.89507307,57.08751743],[9.89507307,57.08751743]],[[9.89507307,57.08751743],[9.89745205,57.08882012]],[[9.88870292,57.08598695],[9.88871005,57.08596029]],[[9.89030544,57.0861162],[9.89031355,57.08608963]],[[9.89189328,57.08634316],[9.89191074,57.08631796]],[[9.89335952,57.08674451],[9.89338626,57.08672184]],[[9.89464114,57.08730306],[9.8946755,57.08728369]],[[9.89580648,57.08793816],[9.89584159,57.08791916]],[[9.89696944,57.08857496],[9.89700452,57.08855597]],[[9.90715723,57.09368241],[9.9079212,57.09400037]],[[9.9079212,57.09400037],[9.90869038,57.09431457]],[[9.90869038,57.09431457],[9.90946474,57.094625]],[[9.90946474,57.094625],[9.90948519,57.09463311]],[[9.90948519,57.09463311],[9.90950565,57.09464124]],[[9.90950565,57.09464124],[9.90952612,57.09464935]],[[9.90952612,57.09464935],[9.90954657,57.09465746]],[[9.90954657,57.09465746],[9.90956705,57.09466556]],[[9.90956705,57.09466556],[9.90958752,57.09467367]],[[9.90958752,57.09467367],[9.90960801,57.09468176]],[[9.90960801,57.09468176],[9.90962851,57.09468985]],[[9.90962851,57.09468985],[9.909649,57.09469794]],[[9.909649,57.09469794],[9.90966952,57.09470603]],[[9.90966952,57.09470603],[9.90969002,57.0947141]],[[9.90969002,57.0947141],[9.90971056,57.09472217]],[[9.90971056,57.09472217],[9.90973108,57.09473023]],[[9.90973108,57.09473023],[9.90975163,57.09473829]],[[9.90975163,57.09473829],[9.90977218,57.09474633]],[[9.90977218,57.09474633],[9.90979273,57.09475437]],[[9.90979273,57.09475437],[9.90981332,57.0947624]],[[9.90981332,57.0947624],[9.90983391,57.09477042]],[[9.90983391,57.09477042],[9.90985449,57.09477844]],[[9.90985449,57.09477844],[9.90987511,57.09478644]],[[9.90987511,57.09478644],[9.90989573,57.09479444]],[[9.90989573,57.09479444],[9.90991636,57.09480242]],[[9.90991636,57.09480242],[9.90993701,57.0948104]],[[9.90993701,57.0948104],[9.90995767,57.09481836]],[[9.90995767,57.09481836],[9.90997835,57.09482631]],[[9.90997835,57.09482631],[9.90999904,57.09483426]],[[9.90999904,57.09483426],[9.91001974,57.09484218]],[[9.91001974,57.09484218],[9.91004047,57.0948501]],[[9.91004047,57.0948501],[9.91006121,57.094858]],[[9.91006121,57.094858],[9.91008196,57.0948659]],[[9.91008196,57.0948659],[9.91010272,57.09487377]],[[9.91010272,57.09487377],[9.91012352,57.09488163]],[[9.91012352,57.09488163],[9.91014433,57.09488949]],[[9.91014433,57.09488949],[9.91016516,57.09489732]],[[9.91016516,57.09489732],[9.91018599,57.09490514]],[[9.91018599,57.09490514],[9.91020686,57.09491295]],[[9.91020686,57.09491295],[9.91022774,57.09492074]],[[9.91022774,57.09492074],[9.91024864,57.09492852]],[[9.91024864,57.09492852],[9.91026956,57.09493628]],[[9.91026956,57.09493628],[9.91029051,57.09494402]],[[9.91029051,57.09494402],[9.91031147,57.09495175]],[[9.91031147,57.09495175],[9.91033246,57.09495945]],[[9.91033246,57.09495945],[9.91035347,57.09496714]],[[9.91035347,57.09496714],[9.9103745,57.09497482]],[[9.9103745,57.09497482],[9.91039555,57.09498248]],[[9.91039555,57.09498248],[9.91041662,57.09499011]],[[9.91041662,57.09499011],[9.91043772,57.09499773]],[[9.91043772,57.09499773],[9.91045885,57.09500532]],[[9.91045885,57.09500532],[9.91047999,57.0950129]],[[9.91047999,57.0950129],[9.91050116,57.09502046]],[[9.91050116,57.09502046],[9.91052236,57.095028]],[[9.91052236,57.095028],[9.91054359,57.09503551]],[[9.91054359,57.09503551],[9.91056483,57.095043]],[[9.91056483,57.095043],[9.9105861,57.09505047]],[[9.9105861,57.09505047],[9.91060739,57.09505792]],[[9.91060739,57.09505792],[9.91062872,57.09506535]],[[9.91062872,57.09506535],[9.91065007,57.09507275]],[[9.91065007,57.09507275],[9.91067147,57.09508013]],[[9.91067147,57.09508013],[9.91069286,57.09508749]],[[9.91069286,57.09508749],[9.91071431,57.09509483]],[[9.91071431,57.09509483],[9.91073577,57.09510213]],[[9.91073577,57.09510213],[9.91075726,57.09510941]],[[9.91075726,57.09510941],[9.91077878,57.09511667]],[[9.91077878,57.09511667],[9.91080034,57.0951239]],[[9.91080034,57.0951239],[9.91082191,57.09513111]],[[9.91082191,57.09513111],[9.91084352,57.09513828]],[[9.91084352,57.09513828],[9.91086517,57.09514544]],[[9.91086517,57.09514544],[9.91088683,57.09515256]],[[9.91088683,57.09515256],[9.91090854,57.09515966]],[[9.91090854,57.09515966],[9.91093027,57.09516673]],[[9.91093027,57.09516673],[9.91095203,57.09517377]],[[9.91095203,57.09517377],[9.91097383,57.09518078]],[[9.91097383,57.09518078],[9.91099566,57.09518776]],[[9.91099566,57.09518776],[9.91101752,57.09519471]],[[9.91101752,57.09519471],[9.91103941,57.09520163]],[[9.91103941,57.09520163],[9.91106134,57.09520853]],[[9.91106134,57.09520853],[9.91108329,57.09521538]],[[9.91108329,57.09521538],[9.91110529,57.09522222]],[[9.91110529,57.09522222],[9.91112731,57.09522901]],[[9.91112731,57.09522901],[9.91114937,57.09523577]],[[9.91114937,57.09523577],[9.91117146,57.0952425]],[[9.91117146,57.0952425],[9.91119358,57.0952492]],[[9.91119358,57.0952492],[9.91171587,57.09539497]],[[9.91171587,57.09539497],[9.9122544,57.09552206]],[[9.9122544,57.09552206],[9.91280688,57.09562992]],[[9.91280688,57.09562992],[9.9128188,57.09563201]],[[9.9128188,57.09563201],[9.91283072,57.09563409]],[[9.91283072,57.09563409],[9.91284264,57.09563616]],[[9.91284264,57.09563616],[9.91285458,57.09563822]],[[9.91285458,57.09563822],[9.91286652,57.09564027]],[[9.91286652,57.09564027],[9.91287846,57.09564232]],[[9.91287846,57.09564232],[9.9128904,57.09564436]],[[9.9128904,57.09564436],[9.91290236,57.09564639]],[[9.91290236,57.09564639],[9.91291431,57.09564841]],[[9.91291431,57.09564841],[9.91292629,57.09565042]],[[9.91292629,57.09565042],[9.91293824,57.09565242]],[[9.91293824,57.09565242],[9.91295022,57.09565441]],[[9.91295022,57.09565441],[9.91296219,57.09565641]],[[9.91296219,57.09565641],[9.91297416,57.09565838]],[[9.91297416,57.09565838],[9.91298615,57.09566035]],[[9.91298615,57.09566035],[9.91299814,57.09566232]],[[9.91299814,57.09566232],[9.91301013,57.09566429]],[[9.91301013,57.09566429],[9.91302212,57.09566623]],[[9.91302212,57.09566623],[9.91303412,57.09566818]],[[9.91303412,57.09566818],[9.91304613,57.09567011]],[[9.91304613,57.09567011],[9.91305813,57.09567204]],[[9.91305813,57.09567204],[9.91307014,57.09567397]],[[9.91307014,57.09567397],[9.91308216,57.09567589]],[[9.91308216,57.09567589],[9.91309417,57.0956778]],[[9.91309417,57.0956778],[9.91310619,57.0956797]],[[9.91310619,57.0956797],[9.91311821,57.0956816]],[[9.91311821,57.0956816],[9.91313025,57.0956835]],[[9.91313025,57.0956835],[9.91314227,57.09568538]],[[9.91314227,57.09568538],[9.91315431,57.09568726]],[[9.91315431,57.09568726],[9.91316635,57.09568913]],[[9.91316635,57.09568913],[9.91317839,57.095691]],[[9.91317839,57.095691],[9.91319043,57.09569287]],[[9.91319043,57.09569287],[9.91320247,57.09569473]],[[9.91320247,57.09569473],[9.91321452,57.09569658]],[[9.91321452,57.09569658],[9.91322658,57.09569843]],[[9.91322658,57.09569843],[9.91323863,57.09570027]],[[9.91323863,57.09570027],[9.91325069,57.09570211]],[[9.91325069,57.09570211],[9.91326275,57.09570394]],[[9.91326275,57.09570394],[9.9132748,57.09570576]],[[9.9132748,57.09570576],[9.91328687,57.09570758]],[[9.91328687,57.09570758],[9.91329893,57.0957094]],[[9.91329893,57.0957094],[9.913311,57.09571121]],[[9.913311,57.09571121],[9.91332307,57.09571302]],[[9.91332307,57.09571302],[9.91333514,57.09571483]],[[9.91333514,57.09571483],[9.91334722,57.09571662]],[[9.91334722,57.09571662],[9.91335931,57.09571842]],[[9.91335931,57.09571842],[9.91337138,57.09572021]],[[9.91337138,57.09572021],[9.91338345,57.095722]],[[9.91338345,57.095722],[9.91339554,57.09572379]],[[9.91339554,57.09572379],[9.91340763,57.09572556]],[[9.91340763,57.09572556],[9.91341972,57.09572734]],[[9.91341972,57.09572734],[9.9134318,57.09572912]],[[9.9134318,57.09572912],[9.91344389,57.09573089]],[[9.91344389,57.09573089],[9.91345598,57.09573265]],[[9.91345598,57.09573265],[9.91346807,57.09573441]],[[9.91346807,57.09573441],[9.91348017,57.09573617]],[[9.91348017,57.09573617],[9.91349226,57.09573793]],[[9.91349226,57.09573793],[9.91350435,57.09573969]],[[9.91350435,57.09573969],[9.91351646,57.09574144]],[[9.91351646,57.09574144],[9.91352856,57.09574319]],[[9.91352856,57.09574319],[9.91354065,57.09574494]],[[9.91354065,57.09574494],[9.91355276,57.09574668]],[[9.91355276,57.09574668],[9.91356486,57.09574843]],[[9.91356486,57.09574843],[9.91357697,57.09575017]],[[9.91357697,57.09575017],[9.91358907,57.09575191]],[[9.91358907,57.09575191],[9.91360118,57.09575364]],[[9.91360118,57.09575364],[9.91361328,57.09575538]],[[9.91361328,57.09575538],[9.91362539,57.09575712]],[[9.91362539,57.09575712],[9.91363751,57.09575885]],[[9.91363751,57.09575885],[9.91364961,57.09576057]],[[9.91364961,57.09576057],[9.91366172,57.0957623]],[[9.91366172,57.0957623],[9.91367383,57.09576404]],[[9.91367383,57.09576404],[9.91368595,57.09576576]],[[9.91368595,57.09576576],[9.91369805,57.09576748]],[[9.91369805,57.09576748],[9.91371017,57.09576921]],[[9.91371017,57.09576921],[9.91372228,57.09577094]],[[9.91372228,57.09577094],[9.91373438,57.09577266]],[[9.91373438,57.09577266],[9.91374651,57.09577438]],[[9.91374651,57.09577438],[9.91375861,57.0957761]],[[9.91375861,57.0957761],[9.91377073,57.09577782]],[[9.91377073,57.09577782],[9.91378284,57.09577955]],[[9.91378284,57.09577955],[9.91379496,57.09578127]],[[9.91379496,57.09578127],[9.91537776,57.09600626]],[[9.91354978,57.09576947],[9.91357087,57.09572607]],[[9.90786292,57.09399323],[9.90789283,57.09397177]],[[9.91053448,57.09504835],[9.91056141,57.09502575]],[[9.90786292,57.09399323],[9.90789283,57.09397177]],[[9.90918538,57.09453039],[9.90921466,57.09450868]],[[9.91053448,57.09504835],[9.91056141,57.09502575]],[[9.91198708,57.09547647],[9.91200669,57.09545173]],[[9.91515025,57.09598784],[9.91516275,57.09596177]],[[9.91409874,57.09811147],[9.91426218,57.09814416]],[[9.91426218,57.09814416],[9.91454846,57.09819683]],[[9.91454846,57.09819683],[9.91483941,57.09824129]],[[9.91483941,57.09824129],[9.91513424,57.0982774]],[[9.91513424,57.0982774],[9.91514305,57.09827835]],[[9.91514305,57.09827835],[9.91515188,57.09827928]],[[9.91515188,57.09827928],[9.9151607,57.09828021]],[[9.9151607,57.09828021],[9.91516951,57.09828113]],[[9.91516951,57.09828113],[9.91517833,57.09828205]],[[9.91517833,57.09828205],[9.91518716,57.09828295]],[[9.91518716,57.09828295],[9.915196,57.09828386]],[[9.915196,57.09828386],[9.91520483,57.09828475]],[[9.91520483,57.09828475],[9.91521365,57.09828564]],[[9.91521365,57.09828564],[9.91522249,57.09828652]],[[9.91522249,57.09828652],[9.91523133,57.09828739]],[[9.91523133,57.09828739],[9.91524017,57.09828826]],[[9.91524017,57.09828826],[9.91524902,57.09828912]],[[9.91524902,57.09828912],[9.91525786,57.09828998]],[[9.91525786,57.09828998],[9.9152667,57.09829083]],[[9.9152667,57.09829083],[9.91527556,57.09829167]],[[9.91527556,57.09829167],[9.9152844,57.09829251]],[[9.9152844,57.09829251],[9.91529326,57.09829334]],[[9.91529326,57.09829334],[9.9153021,57.09829417]],[[9.9153021,57.09829417],[9.91531095,57.09829498]],[[9.91531095,57.09829498],[9.91531981,57.0982958]],[[9.91531981,57.0982958],[9.91532867,57.09829661]],[[9.91532867,57.09829661],[9.91533753,57.09829741]],[[9.91533753,57.09829741],[9.9153464,57.09829821]],[[9.9153464,57.09829821],[9.91535526,57.098299]],[[9.91535526,57.098299],[9.91536412,57.09829979]],[[9.91536412,57.09829979],[9.91537299,57.09830056]],[[9.91537299,57.09830056],[9.91538185,57.09830134]],[[9.91538185,57.09830134],[9.91539073,57.09830211]],[[9.91539073,57.09830211],[9.9153996,57.09830288]],[[9.9153996,57.09830288],[9.91540848,57.09830364]],[[9.91540848,57.09830364],[9.91541735,57.0983044]],[[9.91541735,57.0983044],[9.91542623,57.09830515]],[[9.91542623,57.09830515],[9.9154351,57.0983059]],[[9.9154351,57.0983059],[9.91544397,57.09830665]],[[9.91544397,57.09830665],[9.91545285,57.09830739]],[[9.91545285,57.09830739],[9.91546174,57.09830812]],[[9.91546174,57.09830812],[9.91547061,57.09830886]],[[9.91547061,57.09830886],[9.91547951,57.09830958]],[[9.91547951,57.09830958],[9.91548838,57.0983103]],[[9.91548838,57.0983103],[9.91549727,57.09831103]],[[9.91549727,57.09831103],[9.91550615,57.09831174]],[[9.91550615,57.09831174],[9.91551504,57.09831245]],[[9.91551504,57.09831245],[9.91552393,57.09831316]],[[9.91552393,57.09831316],[9.91553282,57.09831386]],[[9.91553282,57.09831386],[9.91554171,57.09831457]],[[9.91554171,57.09831457],[9.9155506,57.09831527]],[[9.9155506,57.09831527],[9.91555949,57.09831596]],[[9.91555949,57.09831596],[9.91556839,57.09831665]],[[9.91556839,57.09831665],[9.91557728,57.09831734]],[[9.91557728,57.09831734],[9.91558617,57.09831803]],[[9.91558617,57.09831803],[9.91559506,57.09831871]],[[9.91559506,57.09831871],[9.91560395,57.09831939]],[[9.91560395,57.09831939],[9.91561284,57.09832007]],[[9.91561284,57.09832007],[9.91562175,57.09832075]],[[9.91562175,57.09832075],[9.91563064,57.09832142]],[[9.91563064,57.09832142],[9.91563953,57.09832209]],[[9.91563953,57.09832209],[9.91564844,57.09832275]],[[9.91564844,57.09832275],[9.91565733,57.09832342]],[[9.91565733,57.09832342],[9.91566624,57.09832408]],[[9.91566624,57.09832408],[9.91567513,57.09832474]],[[9.91567513,57.09832474],[9.91568404,57.09832541]],[[9.91568404,57.09832541],[9.91569293,57.09832607]],[[9.91569293,57.09832607],[9.91570184,57.09832672]],[[9.91570184,57.09832672],[9.91571075,57.09832737]],[[9.91571075,57.09832737],[9.91571964,57.09832802]],[[9.91571964,57.09832802],[9.91572854,57.09832868]],[[9.91572854,57.09832868],[9.91573745,57.09832933]],[[9.91573745,57.09832933],[9.91574634,57.09832997]],[[9.91574634,57.09832997],[9.91575525,57.09833063]],[[9.91575525,57.09833063],[9.91576416,57.09833127]],[[9.91576416,57.09833127],[9.91577305,57.09833191]],[[9.91577305,57.09833191],[9.91578196,57.09833257]],[[9.91578196,57.09833257],[9.91579087,57.09833321]],[[9.91579087,57.09833321],[9.91579977,57.09833385]],[[9.91579977,57.09833385],[9.91580868,57.09833449]],[[9.91580868,57.09833449],[9.91581757,57.09833513]],[[9.91581757,57.09833513],[9.91582648,57.09833577]],[[9.91582648,57.09833577],[9.91583539,57.09833642]],[[9.91583539,57.09833642],[9.9158443,57.09833705]],[[9.9158443,57.09833705],[9.91585321,57.0983377]],[[9.91585321,57.0983377],[9.9158621,57.09833834]],[[9.9158621,57.09833834],[9.9158621,57.09833834]],[[9.9158621,57.09833834],[9.91587138,57.098339]],[[9.91587138,57.098339],[9.91588067,57.09833967]],[[9.91588067,57.09833967],[9.91588996,57.09834034]],[[9.91588996,57.09834034],[9.91589925,57.098341]],[[9.91589925,57.098341],[9.91590853,57.09834168]],[[9.91590853,57.09834168],[9.9159178,57.09834235]],[[9.9159178,57.09834235],[9.91592709,57.09834302]],[[9.91592709,57.09834302],[9.91593638,57.09834368]],[[9.91593638,57.09834368],[9.91594567,57.09834435]],[[9.91594567,57.09834435],[9.91595495,57.09834502]],[[9.91595495,57.09834502],[9.91596422,57.09834569]],[[9.91596422,57.09834569],[9.91597351,57.09834637]],[[9.91597351,57.09834637],[9.9159828,57.09834704]],[[9.9159828,57.09834704],[9.91599209,57.09834771]],[[9.91599209,57.09834771],[9.91600136,57.09834838]],[[9.91600136,57.09834838],[9.91601064,57.09834906]],[[9.91601064,57.09834906],[9.91601993,57.09834974]],[[9.91601993,57.09834974],[9.9160292,57.09835041]],[[9.9160292,57.09835041],[9.91603849,57.09835109]],[[9.91603849,57.09835109],[9.91604778,57.09835177]],[[9.91604778,57.09835177],[9.91605705,57.09835245]],[[9.91605705,57.09835245],[9.91606633,57.09835314]],[[9.91606633,57.09835314],[9.91607562,57.09835382]],[[9.91607562,57.09835382],[9.91608489,57.09835451]],[[9.91608489,57.09835451],[9.91609418,57.0983552]],[[9.91609418,57.0983552],[9.91610345,57.09835588]],[[9.91610345,57.09835588],[9.91611274,57.09835658]],[[9.91611274,57.09835658],[9.91612201,57.09835726]],[[9.91612201,57.09835726],[9.9161313,57.09835795]],[[9.9161313,57.09835795],[9.91614057,57.09835865]],[[9.91614057,57.09835865],[9.91614984,57.09835935]],[[9.91614984,57.09835935],[9.91615912,57.09836005]],[[9.91615912,57.09836005],[9.9161684,57.09836075]],[[9.9161684,57.09836075],[9.91617767,57.09836145]],[[9.91617767,57.09836145],[9.91618695,57.09836216]],[[9.91618695,57.09836216],[9.91619622,57.09836286]],[[9.91619622,57.09836286],[9.91620549,57.09836358]],[[9.91620549,57.09836358],[9.91621477,57.09836429]],[[9.91621477,57.09836429],[9.91622404,57.098365]],[[9.91622404,57.098365],[9.91623331,57.09836572]],[[9.91623331,57.09836572],[9.91624259,57.09836644]],[[9.91624259,57.09836644],[9.91625186,57.09836717]],[[9.91625186,57.09836717],[9.91626112,57.09836789]],[[9.91626112,57.09836789],[9.91627039,57.09836862]],[[9.91627039,57.09836862],[9.91627966,57.09836935]],[[9.91627966,57.09836935],[9.91628893,57.09837008]],[[9.91628893,57.09837008],[9.9162982,57.09837082]],[[9.9162982,57.09837082],[9.91630747,57.09837156]],[[9.91630747,57.09837156],[9.91631673,57.0983723]],[[9.91631673,57.0983723],[9.916326,57.09837304]],[[9.916326,57.09837304],[9.91633525,57.09837379]],[[9.91633525,57.09837379],[9.91634452,57.09837455]],[[9.91634452,57.09837455],[9.91635378,57.0983753]],[[9.91635378,57.0983753],[9.91636305,57.09837606]],[[9.91636305,57.09837606],[9.9163723,57.09837682]],[[9.9163723,57.09837682],[9.91638155,57.09837759]],[[9.91638155,57.09837759],[9.91639083,57.09837836]],[[9.91639083,57.09837836],[9.91640008,57.09837913]],[[9.91640008,57.09837913],[9.91640933,57.09837991]],[[9.91640933,57.09837991],[9.91641859,57.09838068]],[[9.91641859,57.09838068],[9.91642784,57.09838146]],[[9.91642784,57.09838146],[9.9164371,57.09838226]],[[9.9164371,57.09838226],[9.91644635,57.09838305]],[[9.91644635,57.09838305],[9.9164556,57.09838384]],[[9.9164556,57.09838384],[9.91646484,57.09838464]],[[9.91646484,57.09838464],[9.9164741,57.09838544]],[[9.9164741,57.09838544],[9.91648333,57.09838625]],[[9.91648333,57.09838625],[9.91649259,57.09838706]],[[9.91649259,57.09838706],[9.91650182,57.09838788]],[[9.91650182,57.09838788],[9.91651108,57.0983887]],[[9.91651108,57.0983887],[9.91652032,57.09838953]],[[9.91652032,57.09838953],[9.91652955,57.09839036]],[[9.91652955,57.09839036],[9.91653879,57.09839119]],[[9.91653879,57.09839119],[9.91654803,57.09839203]],[[9.91654803,57.09839203],[9.91655727,57.09839287]],[[9.91655727,57.09839287],[9.9165665,57.09839372]],[[9.9165665,57.09839372],[9.91657574,57.09839457]],[[9.91657574,57.09839457],[9.91658496,57.09839543]],[[9.91658496,57.09839543],[9.9165942,57.0983963]],[[9.9165942,57.0983963],[9.91660342,57.09839717]],[[9.91660342,57.09839717],[9.91661266,57.09839804]],[[9.91661266,57.09839804],[9.91662188,57.09839891]],[[9.91662188,57.09839891],[9.91732891,57.09848237]],[[9.91732891,57.09848237],[9.9180215,57.0985962]],[[9.9180215,57.0985962],[9.91869523,57.0987397]],[[9.91869523,57.0987397],[9.9193458,57.09891195]],[[9.9193458,57.09891195],[9.91937017,57.09891909]],[[9.91937017,57.09891909],[9.91939448,57.09892627]],[[9.91939448,57.09892627],[9.91941877,57.0989335]],[[9.91941877,57.0989335],[9.919443,57.09894075]],[[9.919443,57.09894075],[9.91946721,57.09894805]],[[9.91946721,57.09894805],[9.91949136,57.09895538]],[[9.91949136,57.09895538],[9.91951549,57.09896276]],[[9.91951549,57.09896276],[9.91953958,57.09897017]],[[9.91953958,57.09897017],[9.91956361,57.09897761]],[[9.91956361,57.09897761],[9.91958762,57.09898509]],[[9.91958762,57.09898509],[9.91961159,57.09899261]],[[9.91961159,57.09899261],[9.91963553,57.09900016]],[[9.91963553,57.09900016],[9.91965944,57.09900774]],[[9.91965944,57.09900774],[9.9196833,57.09901536]],[[9.9196833,57.09901536],[9.91970714,57.09902301]],[[9.91970714,57.09902301],[9.91973093,57.09903069]],[[9.91973093,57.09903069],[9.91975469,57.09903841]],[[9.91975469,57.09903841],[9.91977842,57.09904615]],[[9.91977842,57.09904615],[9.91980211,57.09905393]],[[9.91980211,57.09905393],[9.91982577,57.09906173]],[[9.91982577,57.09906173],[9.91984939,57.09906957]],[[9.91984939,57.09906957],[9.91987299,57.09907743]],[[9.91987299,57.09907743],[9.91989655,57.09908533]],[[9.91989655,57.09908533],[9.91992007,57.09909325]],[[9.91992007,57.09909325],[9.91994357,57.0991012]],[[9.91994357,57.0991012],[9.91996703,57.09910917]],[[9.91996703,57.09910917],[9.91999047,57.09911718]],[[9.91999047,57.09911718],[9.92001387,57.0991252]],[[9.92001387,57.0991252],[9.92003725,57.09913326]],[[9.92003725,57.09913326],[9.92006059,57.09914134]],[[9.92006059,57.09914134],[9.92008391,57.09914945]],[[9.92008391,57.09914945],[9.9201072,57.09915757]],[[9.9201072,57.09915757],[9.92013046,57.09916572]],[[9.92013046,57.09916572],[9.92015369,57.0991739]],[[9.92015369,57.0991739],[9.92017691,57.0991821]],[[9.92017691,57.0991821],[9.92020009,57.09919032]],[[9.92020009,57.09919032],[9.92022323,57.09919856]],[[9.92022323,57.09919856],[9.92024636,57.09920682]],[[9.92024636,57.09920682],[9.92026948,57.0992151]],[[9.92026948,57.0992151],[9.92029256,57.09922341]],[[9.92029256,57.09922341],[9.92031561,57.09923173]],[[9.92031561,57.09923173],[9.92033864,57.09924007]],[[9.92033864,57.09924007],[9.92036165,57.09924843]],[[9.92036165,57.09924843],[9.92038465,57.09925681]],[[9.92038465,57.09925681],[9.92040762,57.0992652]],[[9.92040762,57.0992652],[9.92043055,57.09927362]],[[9.92043055,57.09927362],[9.92045348,57.09928205]],[[9.92045348,57.09928205],[9.92047638,57.09929049]],[[9.92047638,57.09929049],[9.92049926,57.09929895]],[[9.92049926,57.09929895],[9.92052213,57.09930743]],[[9.92052213,57.09930743],[9.92054498,57.09931592]],[[9.92054498,57.09931592],[9.92056781,57.09932442]],[[9.92056781,57.09932442],[9.92059063,57.09933295]],[[9.92059063,57.09933295],[9.92061341,57.09934148]],[[9.92061341,57.09934148],[9.9206362,57.09935003]],[[9.9206362,57.09935003],[9.92065897,57.09935859]],[[9.92065897,57.09935859],[9.92068172,57.09936716]],[[9.92068172,57.09936716],[9.92070443,57.09937574]],[[9.92070443,57.09937574],[9.92072717,57.09938433]],[[9.92072717,57.09938433],[9.92074987,57.09939294]],[[9.92074987,57.09939294],[9.92077255,57.09940155]],[[9.92077255,57.09940155],[9.92079524,57.09941017]],[[9.92079524,57.09941017],[9.92081791,57.09941881]],[[9.92081791,57.09941881],[9.92084056,57.09942744]],[[9.92084056,57.09942744],[9.92086321,57.0994361]],[[9.92086321,57.0994361],[9.92088584,57.09944475]],[[9.92088584,57.09944475],[9.92090848,57.09945342]],[[9.92090848,57.09945342],[9.9209311,57.09946209]],[[9.9209311,57.09946209],[9.9209537,57.09947077]],[[9.9209537,57.09947077],[9.9209763,57.09947945]],[[9.9209763,57.09947945],[9.9209989,57.09948814]],[[9.9209989,57.09948814],[9.92102149,57.09949684]],[[9.92102149,57.09949684],[9.92104407,57.09950554]],[[9.92104407,57.09950554],[9.92106664,57.09951423]],[[9.92106664,57.09951423],[9.92108921,57.09952294]],[[9.92108921,57.09952294],[9.92111178,57.09953166]],[[9.92111178,57.09953166],[9.92113435,57.09954036]],[[9.92113435,57.09954036],[9.92115692,57.09954908]],[[9.92115692,57.09954908],[9.92117947,57.0995578]],[[9.92117947,57.0995578],[9.92120203,57.09956652]],[[9.92120203,57.09956652],[9.92122459,57.09957524]],[[9.92122459,57.09957524],[9.92124715,57.09958396]],[[9.92124715,57.09958396],[9.92205671,57.09990094]],[[9.92205671,57.09990094],[9.92285922,57.10022322]],[[9.92285922,57.10022322],[9.92365451,57.10055076]],[[9.91409021,57.09812411],[9.91410728,57.09809882]],[[9.9148007,57.09824981],[9.9148131,57.09822372]],[[9.91643019,57.0983953],[9.91643785,57.09836868]],[[9.91802485,57.09861108],[9.91804109,57.09858564]],[[9.9195216,57.0989801],[9.91954599,57.09895666]],[[9.92090319,57.09946787],[9.92093169,57.09944585]],[[9.92224279,57.09999164],[9.92227205,57.09996992]],[[9.92356316,57.10052967],[9.92359322,57.10050827]],[[9.85915633,57.00745752],[9.85924136,57.00965718]],[[9.85924136,57.00965718],[9.85924136,57.00965718]],[[9.85924136,57.00965718],[9.85924187,57.00967046]],[[9.85924187,57.00967046],[9.85924239,57.00968374]],[[9.85924239,57.00968374],[9.8592429,57.00969702]],[[9.8592429,57.00969702],[9.85924343,57.00971029]],[[9.85924343,57.00971029],[9.85924395,57.00972356]],[[9.85924395,57.00972356],[9.85924448,57.00973685]],[[9.85924448,57.00973685],[9.859245,57.00975012]],[[9.859245,57.00975012],[9.85924555,57.0097634]],[[9.85924555,57.0097634],[9.85924609,57.00977667]],[[9.85924609,57.00977667],[9.85924665,57.00978995]],[[9.85924665,57.00978995],[9.85924721,57.00980323]],[[9.85924721,57.00980323],[9.85924778,57.0098165]],[[9.85924778,57.0098165],[9.85924837,57.00982978]],[[9.85924837,57.00982978],[9.85924897,57.00984306]],[[9.85924897,57.00984306],[9.85924957,57.00985633]],[[9.85924957,57.00985633],[9.8592502,57.0098696]],[[9.8592502,57.0098696],[9.85925084,57.00988288]],[[9.85925084,57.00988288],[9.8592515,57.00989616]],[[9.8592515,57.00989616],[9.85925217,57.00990943]],[[9.85925217,57.00990943],[9.85925286,57.00992271]],[[9.85925286,57.00992271],[9.85925357,57.00993598]],[[9.85925357,57.00993598],[9.85925429,57.00994925]],[[9.85925429,57.00994925],[9.85925503,57.00996253]],[[9.85925503,57.00996253],[9.85925581,57.0099758]],[[9.85925581,57.0099758],[9.85925659,57.00998907]],[[9.85925659,57.00998907],[9.85925742,57.01000235]],[[9.85925742,57.01000235],[9.85925826,57.01001562]],[[9.85925826,57.01001562],[9.85925911,57.01002889]],[[9.85925911,57.01002889],[9.85926,57.01004216]],[[9.85926,57.01004216],[9.85926092,57.01005543]],[[9.85926092,57.01005543],[9.85926186,57.01006871]],[[9.85926186,57.01006871],[9.85926283,57.01008197]],[[9.85926283,57.01008197],[9.85926383,57.01009524]],[[9.85926383,57.01009524],[9.85926487,57.01010851]],[[9.85926487,57.01010851],[9.85926592,57.01012177]],[[9.85926592,57.01012177],[9.85926702,57.01013504]],[[9.85926702,57.01013504],[9.85926816,57.0101483]],[[9.85926816,57.0101483],[9.85926931,57.01016157]],[[9.85926931,57.01016157],[9.85927051,57.01017483]],[[9.85927051,57.01017483],[9.85927174,57.0101881]],[[9.85927174,57.0101881],[9.85927301,57.01020136]],[[9.85927301,57.01020136],[9.85927433,57.01021462]],[[9.85927433,57.01021462],[9.85927567,57.01022788]],[[9.85927567,57.01022788],[9.85927706,57.01024114]],[[9.85927706,57.01024114],[9.85927849,57.0102544]],[[9.85927849,57.0102544],[9.85927995,57.01026765]],[[9.85927995,57.01026765],[9.85928147,57.01028091]],[[9.85928147,57.01028091],[9.85928303,57.01029416]],[[9.85928303,57.01029416],[9.85928463,57.01030741]],[[9.85928463,57.01030741],[9.85928627,57.01032066]],[[9.85928627,57.01032066],[9.85928795,57.01033391]],[[9.85928795,57.01033391],[9.85928969,57.01034716]],[[9.85928969,57.01034716],[9.85929149,57.01036039]],[[9.85929149,57.01036039],[9.85929331,57.01037364]],[[9.85929331,57.01037364],[9.8592952,57.01038688]],[[9.8592952,57.01038688],[9.85929713,57.01040012]],[[9.85929713,57.01040012],[9.85929912,57.01041335]],[[9.85929912,57.01041335],[9.85930116,57.01042659]],[[9.85930116,57.01042659],[9.85930325,57.01043982]],[[9.85930325,57.01043982],[9.85930539,57.01045305]],[[9.85930539,57.01045305],[9.8593076,57.01046627]],[[9.8593076,57.01046627],[9.85930985,57.01047949]],[[9.85930985,57.01047949],[9.85931217,57.01049271]],[[9.85931217,57.01049271],[9.85931454,57.01050592]],[[9.85931454,57.01050592],[9.85931698,57.01051915]],[[9.85931698,57.01051915],[9.85931946,57.01053235]],[[9.85931946,57.01053235],[9.85932201,57.01054556]],[[9.85932201,57.01054556],[9.85932463,57.01055877]],[[9.85932463,57.01055877],[9.85932731,57.01057196]],[[9.85932731,57.01057196],[9.85933004,57.01058515]],[[9.85933004,57.01058515],[9.85933286,57.01059835]],[[9.85933286,57.01059835],[9.85933572,57.01061154]],[[9.85933572,57.01061154],[9.85933865,57.01062472]],[[9.85933865,57.01062472],[9.85934166,57.0106379]],[[9.85934166,57.0106379],[9.85934472,57.01065107]],[[9.85934472,57.01065107],[9.85934787,57.01066424]],[[9.85934787,57.01066424],[9.85935108,57.0106774]],[[9.85935108,57.0106774],[9.85935435,57.01069056]],[[9.85935435,57.01069056],[9.85935771,57.01070371]],[[9.85935771,57.01070371],[9.85936113,57.01071686]],[[9.85936113,57.01071686],[9.85936462,57.01073001]],[[9.85936462,57.01073001],[9.85936819,57.01074314]],[[9.85936819,57.01074314],[9.85945215,57.01099645]],[[9.85945215,57.01099645],[9.85956398,57.01124653]],[[9.85956398,57.01124653],[9.85970326,57.01149248]],[[9.85970326,57.01149248],[9.85970874,57.0115012]],[[9.85970874,57.0115012],[9.85971428,57.01150991]],[[9.85971428,57.01150991],[9.85971984,57.01151862]],[[9.85971984,57.01151862],[9.85972544,57.01152733]],[[9.85972544,57.01152733],[9.85973105,57.01153602]],[[9.85973105,57.01153602],[9.85973671,57.01154472]],[[9.85973671,57.01154472],[9.85974241,57.0115534]],[[9.85974241,57.0115534],[9.85974812,57.01156207]],[[9.85974812,57.01156207],[9.85975388,57.01157074]],[[9.85975388,57.01157074],[9.85975966,57.01157942]],[[9.85975966,57.01157942],[9.85976547,57.01158807]],[[9.85976547,57.01158807],[9.85977131,57.01159672]],[[9.85977131,57.01159672],[9.85977719,57.01160537]],[[9.85977719,57.01160537],[9.85978308,57.01161402]],[[9.85978308,57.01161402],[9.85978903,57.01162265]],[[9.85978903,57.01162265],[9.85979498,57.01163128]],[[9.85979498,57.01163128],[9.85980096,57.01163991]],[[9.85980096,57.01163991],[9.85980697,57.01164853]],[[9.85980697,57.01164853],[9.85981301,57.01165714]],[[9.85981301,57.01165714],[9.85981908,57.01166575]],[[9.85981908,57.01166575],[9.85982518,57.01167435]],[[9.85982518,57.01167435],[9.85983128,57.01168295]],[[9.85983128,57.01168295],[9.85983742,57.01169154]],[[9.85983742,57.01169154],[9.8598436,57.01170013]],[[9.8598436,57.01170013],[9.85984979,57.01170871]],[[9.85984979,57.01170871],[9.85985599,57.01171729]],[[9.85985599,57.01171729],[9.85986223,57.01172586]],[[9.85986223,57.01172586],[9.85986849,57.01173443]],[[9.85986849,57.01173443],[9.85987478,57.01174298]],[[9.85987478,57.01174298],[9.85988106,57.01175155]],[[9.85988106,57.01175155],[9.8598874,57.01176009]],[[9.8598874,57.01176009],[9.85989374,57.01176864]],[[9.85989374,57.01176864],[9.85990011,57.01177719]],[[9.85990011,57.01177719],[9.8599065,57.01178573]],[[9.8599065,57.01178573],[9.8599129,57.01179426]],[[9.8599129,57.01179426],[9.85991932,57.01180279]],[[9.85991932,57.01180279],[9.85992578,57.01181131]],[[9.85992578,57.01181131],[9.85993223,57.01181984]],[[9.85993223,57.01181984],[9.85993872,57.01182836]],[[9.85993872,57.01182836],[9.85994522,57.01183687]],[[9.85994522,57.01183687],[9.85995174,57.01184538]],[[9.85995174,57.01184538],[9.85995827,57.01185388]],[[9.85995827,57.01185388],[9.85996483,57.01186238]],[[9.85996483,57.01186238],[9.85997138,57.01187088]],[[9.85997138,57.01187088],[9.85997796,57.01187937]],[[9.85997796,57.01187937],[9.85998457,57.01188786]],[[9.85998457,57.01188786],[9.85999117,57.01189636]],[[9.85999117,57.01189636],[9.8599978,57.01190483]],[[9.8599978,57.01190483],[9.86000444,57.01191332]],[[9.86000444,57.01191332],[9.86001109,57.01192179]],[[9.86001109,57.01192179],[9.86001776,57.01193027]],[[9.86001776,57.01193027],[9.86002444,57.01193874]],[[9.86002444,57.01193874],[9.86003112,57.01194721]],[[9.86003112,57.01194721],[9.86003784,57.01195568]],[[9.86003784,57.01195568],[9.86004454,57.01196414]],[[9.86004454,57.01196414],[9.86005127,57.0119726]],[[9.86005127,57.0119726],[9.86005801,57.01198106]],[[9.86005801,57.01198106],[9.86006476,57.01198952]],[[9.86006476,57.01198952],[9.86007151,57.01199797]],[[9.86007151,57.01199797],[9.86007827,57.01200642]],[[9.86007827,57.01200642],[9.86008506,57.01201487]],[[9.86008506,57.01201487],[9.86009184,57.01202331]],[[9.86009184,57.01202331],[9.86009862,57.01203176]],[[9.86009862,57.01203176],[9.86010542,57.0120402]],[[9.86010542,57.0120402],[9.86011224,57.01204864]],[[9.86011224,57.01204864],[9.86011905,57.01205708]],[[9.86011905,57.01205708],[9.86012587,57.01206552]],[[9.86012587,57.01206552],[9.8601327,57.01207396]],[[9.8601327,57.01207396],[9.86013954,57.01208239]],[[9.86013954,57.01208239],[9.86014637,57.01209083]],[[9.86014637,57.01209083],[9.8601532,57.01209926]],[[9.8601532,57.01209926],[9.86016005,57.01210769]],[[9.86016005,57.01210769],[9.8601669,57.01211613]],[[9.8601669,57.01211613],[9.86017376,57.01212456]],[[9.86017376,57.01212456],[9.86018061,57.01213299]],[[9.86018061,57.01213299],[9.86018748,57.01214141]],[[9.86018748,57.01214141],[9.86019434,57.01214984]],[[9.86019434,57.01214984],[9.86020121,57.01215827]],[[9.86020121,57.01215827],[9.86020807,57.01216669]],[[9.86020807,57.01216669],[9.86021494,57.01217512]],[[9.86021494,57.01217512],[9.8602218,57.01218355]],[[9.8602218,57.01218355],[9.86022869,57.01219198]],[[9.86022869,57.01219198],[9.86022869,57.01219198]],[[9.86022869,57.01219198],[9.86023275,57.01219697]],[[9.86023275,57.01219697],[9.86023683,57.01220198]],[[9.86023683,57.01220198],[9.86024091,57.01220699]],[[9.86024091,57.01220699],[9.86024499,57.01221198]],[[9.86024499,57.01221198],[9.86024907,57.01221699]],[[9.86024907,57.01221699],[9.86025313,57.012222]],[[9.86025313,57.012222],[9.86025721,57.012227]],[[9.86025721,57.012227],[9.86026128,57.01223201]],[[9.86026128,57.01223201],[9.86026534,57.01223702]],[[9.86026534,57.01223702],[9.8602694,57.01224202]],[[9.8602694,57.01224202],[9.86027347,57.01224703]],[[9.86027347,57.01224703],[9.86027753,57.01225204]],[[9.86027753,57.01225204],[9.86028158,57.01225704]],[[9.86028158,57.01225704],[9.86028562,57.01226206]],[[9.86028562,57.01226206],[9.86028967,57.01226707]],[[9.86028967,57.01226707],[9.8602937,57.01227208]],[[9.8602937,57.01227208],[9.86029773,57.0122771]],[[9.86029773,57.0122771],[9.86030176,57.01228211]],[[9.86030176,57.01228211],[9.86030578,57.01228713]],[[9.86030578,57.01228713],[9.86030979,57.01229215]],[[9.86030979,57.01229215],[9.86031381,57.01229717]],[[9.86031381,57.01229717],[9.8603178,57.01230219]],[[9.8603178,57.01230219],[9.8603218,57.01230721]],[[9.8603218,57.01230721],[9.86032578,57.01231224]],[[9.86032578,57.01231224],[9.86032976,57.01231727]],[[9.86032976,57.01231727],[9.86033373,57.0123223]],[[9.86033373,57.0123223],[9.86033768,57.01232733]],[[9.86033768,57.01232733],[9.86034162,57.01233236]],[[9.86034162,57.01233236],[9.86034557,57.0123374]],[[9.86034557,57.0123374],[9.8603495,57.01234244]],[[9.8603495,57.01234244],[9.86035342,57.01234748]],[[9.86035342,57.01234748],[9.86035733,57.01235252]],[[9.86035733,57.01235252],[9.86036123,57.01235756]],[[9.86036123,57.01235756],[9.86036511,57.01236262]],[[9.86036511,57.01236262],[9.86036898,57.01236767]],[[9.86036898,57.01236767],[9.86037285,57.01237272]],[[9.86037285,57.01237272],[9.8603767,57.01237778]],[[9.8603767,57.01237778],[9.86038054,57.01238284]],[[9.86038054,57.01238284],[9.86038436,57.0123879]],[[9.86038436,57.0123879],[9.86038818,57.01239297]],[[9.86038818,57.01239297],[9.86039198,57.01239804]],[[9.86039198,57.01239804],[9.86039574,57.01240311]],[[9.86039574,57.01240311],[9.86039953,57.01240818]],[[9.86039953,57.01240818],[9.86040328,57.01241326]],[[9.86040328,57.01241326],[9.86040701,57.01241834]],[[9.86040701,57.01241834],[9.86041073,57.01242343]],[[9.86041073,57.01242343],[9.86041445,57.01242851]],[[9.86041445,57.01242851],[9.86041813,57.01243361]],[[9.86041813,57.01243361],[9.8604218,57.0124387]],[[9.8604218,57.0124387],[9.86042547,57.0124438]],[[9.86042547,57.0124438],[9.8604291,57.0124489]],[[9.8604291,57.0124489],[9.86043272,57.01245401]],[[9.86043272,57.01245401],[9.86043632,57.01245912]],[[9.86043632,57.01245912],[9.86043991,57.01246424]],[[9.86043991,57.01246424],[9.86044348,57.01246936]],[[9.86044348,57.01246936],[9.86044703,57.01247448]],[[9.86044703,57.01247448],[9.86045055,57.0124796]],[[9.86045055,57.0124796],[9.86045406,57.01248474]],[[9.86045406,57.01248474],[9.86045754,57.01248987]],[[9.86045754,57.01248987],[9.86046101,57.01249501]],[[9.86046101,57.01249501],[9.86046447,57.01250015]],[[9.86046447,57.01250015],[9.86046789,57.0125053]],[[9.86046789,57.0125053],[9.86047129,57.01251045]],[[9.86047129,57.01251045],[9.86047466,57.01251561]],[[9.86047466,57.01251561],[9.86047802,57.01252076]],[[9.86047802,57.01252076],[9.86048136,57.01252593]],[[9.86048136,57.01252593],[9.86048468,57.0125311]],[[9.86048468,57.0125311],[9.86048797,57.01253627]],[[9.86048797,57.01253627],[9.86049123,57.01254145]],[[9.86049123,57.01254145],[9.86049447,57.01254664]],[[9.86049447,57.01254664],[9.86049769,57.01255182]],[[9.86049769,57.01255182],[9.86050086,57.01255702]],[[9.86050086,57.01255702],[9.86050404,57.01256221]],[[9.86050404,57.01256221],[9.86050718,57.01256741]],[[9.86050718,57.01256741],[9.86051029,57.01257261]],[[9.86051029,57.01257261],[9.86051338,57.01257783]],[[9.86051338,57.01257783],[9.86051644,57.01258304]],[[9.86051644,57.01258304],[9.86051946,57.01258826]],[[9.86051946,57.01258826],[9.86052247,57.01259349]],[[9.86052247,57.01259349],[9.86052545,57.01259872]],[[9.86052545,57.01259872],[9.86052839,57.01260395]],[[9.86052839,57.01260395],[9.8605313,57.01260919]],[[9.8605313,57.01260919],[9.86059371,57.01273924]],[[9.86059371,57.01273924],[9.86063812,57.01287149]],[[9.86063812,57.01287149],[9.86066426,57.01300517]],[[9.86066426,57.01300517],[9.86066443,57.01300653]],[[9.86066443,57.01300653],[9.86066461,57.0130079]],[[9.86066461,57.0130079],[9.86066477,57.01300927]],[[9.86066477,57.01300927],[9.86066494,57.01301064]],[[9.86066494,57.01301064],[9.8606651,57.013012]],[[9.8606651,57.013012],[9.86066526,57.01301337]],[[9.86066526,57.01301337],[9.86066542,57.01301473]],[[9.86066542,57.01301473],[9.86066558,57.0130161]],[[9.86066558,57.0130161],[9.86066574,57.01301746]],[[9.86066574,57.01301746],[9.8606659,57.01301883]],[[9.8606659,57.01301883],[9.86066606,57.01302019]],[[9.86066606,57.01302019],[9.8606662,57.01302156]],[[9.8606662,57.01302156],[9.86066636,57.01302293]],[[9.86066636,57.01302293],[9.86066651,57.0130243]],[[9.86066651,57.0130243],[9.86066666,57.01302566]],[[9.86066666,57.01302566],[9.86066681,57.01302703]],[[9.86066681,57.01302703],[9.86066695,57.01302839]],[[9.86066695,57.01302839],[9.86066709,57.01302976]],[[9.86066709,57.01302976],[9.86066724,57.01303113]],[[9.86066724,57.01303113],[9.86066738,57.0130325]],[[9.86066738,57.0130325],[9.86066751,57.01303386]],[[9.86066751,57.01303386],[9.86066765,57.01303523]],[[9.86066765,57.01303523],[9.86066779,57.01303659]],[[9.86066779,57.01303659],[9.86066792,57.01303797]],[[9.86066792,57.01303797],[9.86066805,57.01303933]],[[9.86066805,57.01303933],[9.86066819,57.0130407]],[[9.86066819,57.0130407],[9.86066832,57.01304206]],[[9.86066832,57.01304206],[9.86066844,57.01304343]],[[9.86066844,57.01304343],[9.86066857,57.0130448]],[[9.86066857,57.0130448],[9.8606687,57.01304617]],[[9.8606687,57.01304617],[9.86066882,57.01304753]],[[9.86066882,57.01304753],[9.86066893,57.0130489]],[[9.86066893,57.0130489],[9.86066906,57.01305027]],[[9.86066906,57.01305027],[9.86066918,57.01305164]],[[9.86066918,57.01305164],[9.86066929,57.013053]],[[9.86066929,57.013053],[9.86066942,57.01305437]],[[9.86066942,57.01305437],[9.86066953,57.01305574]],[[9.86066953,57.01305574],[9.86066966,57.01305711]],[[9.86066966,57.01305711],[9.86066977,57.01305847]],[[9.86066977,57.01305847],[9.86066988,57.01305984]],[[9.86066988,57.01305984],[9.86067001,57.01306121]],[[9.86067001,57.01306121],[9.86067012,57.01306257]],[[9.86067012,57.01306257],[9.86067023,57.01306394]],[[9.86067023,57.01306394],[9.86067034,57.01306531]],[[9.86067034,57.01306531],[9.86067045,57.01306668]],[[9.86067045,57.01306668],[9.86067056,57.01306804]],[[9.86067056,57.01306804],[9.86067067,57.01306941]],[[9.86067067,57.01306941],[9.86067078,57.01307078]],[[9.86067078,57.01307078],[9.86067089,57.01307215]],[[9.86067089,57.01307215],[9.860671,57.01307351]],[[9.860671,57.01307351],[9.86067111,57.01307488]],[[9.86067111,57.01307488],[9.86067122,57.01307625]],[[9.86067122,57.01307625],[9.86067131,57.01307762]],[[9.86067131,57.01307762],[9.86067142,57.01307898]],[[9.86067142,57.01307898],[9.86067153,57.01308036]],[[9.86067153,57.01308036],[9.86067162,57.01308172]],[[9.86067162,57.01308172],[9.86067173,57.01308309]],[[9.86067173,57.01308309],[9.86067183,57.01308446]],[[9.86067183,57.01308446],[9.86067194,57.01308583]],[[9.86067194,57.01308583],[9.86067203,57.01308719]],[[9.86067203,57.01308719],[9.86067213,57.01308856]],[[9.86067213,57.01308856],[9.86067224,57.01308993]],[[9.86067224,57.01308993],[9.86067233,57.0130913]],[[9.86067233,57.0130913],[9.86067242,57.01309266]],[[9.86067242,57.01309266],[9.86067253,57.01309403]],[[9.86067253,57.01309403],[9.86067263,57.0130954]],[[9.86067263,57.0130954],[9.86067272,57.01309676]],[[9.86067272,57.01309676],[9.86067281,57.01309814]],[[9.86067281,57.01309814],[9.86067291,57.0130995]],[[9.86067291,57.0130995],[9.860673,57.01310087]],[[9.860673,57.01310087],[9.86067309,57.01310224]],[[9.86067309,57.01310224],[9.86067319,57.01310361]],[[9.86067319,57.01310361],[9.86067328,57.01310497]],[[9.86067328,57.01310497],[9.86067339,57.01310635]],[[9.86067339,57.01310635],[9.86067349,57.01310771]],[[9.86067349,57.01310771],[9.86067358,57.01310908]],[[9.86067358,57.01310908],[9.86067367,57.01311045]],[[9.86067367,57.01311045],[9.86067377,57.01311182]],[[9.86067377,57.01311182],[9.86067386,57.01311318]],[[9.86067386,57.01311318],[9.86067395,57.01311455]],[[9.86067395,57.01311455],[9.86067405,57.01311592]],[[9.86067405,57.01311592],[9.86067414,57.01311729]],[[9.86067414,57.01311729],[9.86067414,57.01311729]],[[9.86067414,57.01311729],[9.86068259,57.01323994]],[[9.8593369,57.01077978],[9.85941819,57.01077278]],[[9.85919064,57.00898408],[9.85924002,57.00898351]],[[9.86042025,57.01247394],[9.86046643,57.01246439]],[[9.85915594,57.00808627],[9.8592053,57.00808571]],[[9.85919064,57.00898408],[9.85924002,57.00898351]],[[9.8592261,57.00988195],[9.85927545,57.00988124]],[[9.85977944,57.01164692],[9.85982559,57.01163736]],[[9.86042025,57.01247394],[9.86046643,57.01246439]],[[9.84606163,57.03663491],[9.84630059,57.03600247]],[[9.84630059,57.03600247],[9.84630059,57.03600247]],[[9.84630059,57.03600247],[9.84630177,57.03599937]],[[9.84630177,57.03599937],[9.84630294,57.03599627]],[[9.84630294,57.03599627],[9.84630412,57.03599317]],[[9.84630412,57.03599317],[9.84630529,57.03599006]],[[9.84630529,57.03599006],[9.84630647,57.03598696]],[[9.84630647,57.03598696],[9.84630764,57.03598386]],[[9.84630764,57.03598386],[9.84630882,57.03598075]],[[9.84630882,57.03598075],[9.84631,57.03597766]],[[9.84631,57.03597766],[9.84631118,57.03597455]],[[9.84631118,57.03597455],[9.84631238,57.03597145]],[[9.84631238,57.03597145],[9.84631356,57.03596835]],[[9.84631356,57.03596835],[9.84631476,57.03596525]],[[9.84631476,57.03596525],[9.84631596,57.03596215]],[[9.84631596,57.03596215],[9.84631718,57.03595905]],[[9.84631718,57.03595905],[9.84631837,57.03595595]],[[9.84631837,57.03595595],[9.84631959,57.03595286]],[[9.84631959,57.03595286],[9.8463208,57.03594976]],[[9.8463208,57.03594976],[9.84632204,57.03594666]],[[9.84632204,57.03594666],[9.84632327,57.03594357]],[[9.84632327,57.03594357],[9.84632452,57.03594047]],[[9.84632452,57.03594047],[9.84632575,57.03593737]],[[9.84632575,57.03593737],[9.84632701,57.03593429]],[[9.84632701,57.03593429],[9.84632826,57.03593119]],[[9.84632826,57.03593119],[9.84632954,57.0359281]],[[9.84632954,57.0359281],[9.84633082,57.035925]],[[9.84633082,57.035925],[9.8463321,57.03592192]],[[9.8463321,57.03592192],[9.8463334,57.03591883]],[[9.8463334,57.03591883],[9.8463347,57.03591574]],[[9.8463347,57.03591574],[9.84633601,57.03591265]],[[9.84633601,57.03591265],[9.84633734,57.03590957]],[[9.84633734,57.03590957],[9.84633867,57.03590649]],[[9.84633867,57.03590649],[9.84634002,57.03590341]],[[9.84634002,57.03590341],[9.84634137,57.03590032]],[[9.84634137,57.03590032],[9.84634275,57.03589724]],[[9.84634275,57.03589724],[9.84634413,57.03589417]],[[9.84634413,57.03589417],[9.84634551,57.0358911]],[[9.84634551,57.0358911],[9.84634692,57.03588802]],[[9.84634692,57.03588802],[9.84634833,57.03588495]],[[9.84634833,57.03588495],[9.84634976,57.03588188]],[[9.84634976,57.03588188],[9.84635121,57.03587881]],[[9.84635121,57.03587881],[9.84635267,57.03587574]],[[9.84635267,57.03587574],[9.84635413,57.03587268]],[[9.84635413,57.03587268],[9.84635563,57.03586961]],[[9.84635563,57.03586961],[9.84635712,57.03586655]],[[9.84635712,57.03586655],[9.84635865,57.0358635]],[[9.84635865,57.0358635],[9.84636018,57.03586044]],[[9.84636018,57.03586044],[9.84636172,57.03585739]],[[9.84636172,57.03585739],[9.84636328,57.03585434]],[[9.84636328,57.03585434],[9.84636486,57.03585128]],[[9.84636486,57.03585128],[9.84636647,57.03584824]],[[9.84636647,57.03584824],[9.84636808,57.0358452]],[[9.84636808,57.0358452],[9.84636971,57.03584216]],[[9.84636971,57.03584216],[9.84637137,57.03583912]],[[9.84637137,57.03583912],[9.84637303,57.03583608]],[[9.84637303,57.03583608],[9.84637472,57.03583305]],[[9.84637472,57.03583305],[9.84637641,57.03583002]],[[9.84637641,57.03583002],[9.84637814,57.035827]],[[9.84637814,57.035827],[9.84637989,57.03582398]],[[9.84637989,57.03582398],[9.84638165,57.03582095]],[[9.84638165,57.03582095],[9.84638343,57.03581794]],[[9.84638343,57.03581794],[9.84638524,57.03581493]],[[9.84638524,57.03581493],[9.84638706,57.03581193]],[[9.84638706,57.03581193],[9.8463889,57.03580892]],[[9.8463889,57.03580892],[9.84639077,57.03580592]],[[9.84639077,57.03580592],[9.84639266,57.03580292]],[[9.84639266,57.03580292],[9.84639457,57.03579993]],[[9.84639457,57.03579993],[9.84639651,57.03579694]],[[9.84639651,57.03579694],[9.84639847,57.03579396]],[[9.84639847,57.03579396],[9.84640044,57.03579098]],[[9.84640044,57.03579098],[9.84640244,57.035788]],[[9.84640244,57.035788],[9.84640447,57.03578503]],[[9.84640447,57.03578503],[9.84640652,57.03578207]],[[9.84640652,57.03578207],[9.84640859,57.03577911]],[[9.84640859,57.03577911],[9.84641068,57.03577616]],[[9.84641068,57.03577616],[9.8464128,57.03577321]],[[9.8464128,57.03577321],[9.84641495,57.03577026]],[[9.84641495,57.03577026],[9.84641712,57.03576732]],[[9.84641712,57.03576732],[9.84641933,57.03576439]],[[9.84641933,57.03576439],[9.84642154,57.03576146]],[[9.84642154,57.03576146],[9.8464238,57.03575855]],[[9.8464238,57.03575855],[9.84642607,57.03575563]],[[9.84642607,57.03575563],[9.84642837,57.03575272]],[[9.84642837,57.03575272],[9.8464717,57.03570416]],[[9.8464717,57.03570416],[9.84652251,57.0356578]],[[9.84652251,57.0356578],[9.84658044,57.03561399]],[[9.84658044,57.03561399],[9.84664506,57.03557306]],[[9.84664506,57.03557306],[9.84671586,57.03553529]],[[9.84671586,57.03553529],[9.84679236,57.03550099]],[[9.84679236,57.03550099],[9.84687398,57.03547039]],[[9.84687398,57.03547039],[9.84696012,57.03544372]],[[9.84696012,57.03544372],[9.84705013,57.03542118]],[[9.84705013,57.03542118],[9.84714336,57.03540294]],[[9.84714336,57.03540294],[9.84723911,57.03538913]],[[9.84723911,57.03538913],[9.84733669,57.03537984]],[[9.84733669,57.03537984],[9.84743537,57.03537516]],[[9.84743537,57.03537516],[9.84753443,57.03537512]],[[9.84753443,57.03537512],[9.84763314,57.0353797]],[[9.84763314,57.0353797],[9.84773074,57.0353889]],[[9.84773074,57.0353889],[9.84782654,57.03540262]],[[9.84782654,57.03540262],[9.84791983,57.03542078]],[[9.84791983,57.03542078],[9.84800991,57.03544324]],[[9.84800991,57.03544324],[9.84809613,57.03546982]],[[9.84809613,57.03546982],[9.84817785,57.03550035]],[[9.84817785,57.03550035],[9.84825445,57.03553458]],[[9.84825445,57.03553458],[9.84832538,57.03557228]],[[9.84832538,57.03557228],[9.84839011,57.03561316]],[[9.84839011,57.03561316],[9.84844817,57.03565691]],[[9.84844817,57.03565691],[9.84849914,57.03570322]],[[9.84849914,57.03570322],[9.84854263,57.03575174]],[[9.84854263,57.03575174],[9.84857831,57.03580212]],[[9.84857831,57.03580212],[9.84858015,57.03580512]],[[9.84858015,57.03580512],[9.84858196,57.03580813]],[[9.84858196,57.03580813],[9.84858376,57.03581115]],[[9.84858376,57.03581115],[9.84858553,57.03581417]],[[9.84858553,57.03581417],[9.84858726,57.03581719]],[[9.84858726,57.03581719],[9.84858896,57.03582022]],[[9.84858896,57.03582022],[9.84859065,57.03582325]],[[9.84859065,57.03582325],[9.84859231,57.03582628]],[[9.84859231,57.03582628],[9.84859395,57.03582933]],[[9.84859395,57.03582933],[9.84859555,57.03583237]],[[9.84859555,57.03583237],[9.84859714,57.03583542]],[[9.84859714,57.03583542],[9.84859869,57.03583847]],[[9.84859869,57.03583847],[9.84860022,57.03584152]],[[9.84860022,57.03584152],[9.84860174,57.03584459]],[[9.84860174,57.03584459],[9.84860323,57.03584764]],[[9.84860323,57.03584764],[9.8486047,57.03585072]],[[9.8486047,57.03585072],[9.84860614,57.03585378]],[[9.84860614,57.03585378],[9.84860756,57.03585685]],[[9.84860756,57.03585685],[9.84860894,57.03585993]],[[9.84860894,57.03585993],[9.84861033,57.03586301]],[[9.84861033,57.03586301],[9.84861169,57.03586609]],[[9.84861169,57.03586609],[9.84861301,57.03586917]],[[9.84861301,57.03586917],[9.84861433,57.03587226]],[[9.84861433,57.03587226],[9.84861562,57.03587534]],[[9.84861562,57.03587534],[9.84861689,57.03587843]],[[9.84861689,57.03587843],[9.84861815,57.03588153]],[[9.84861815,57.03588153],[9.84861937,57.03588462]],[[9.84861937,57.03588462],[9.84862058,57.03588772]],[[9.84862058,57.03588772],[9.84862178,57.03589082]],[[9.84862178,57.03589082],[9.84862296,57.03589393]],[[9.84862296,57.03589393],[9.84862411,57.03589703]],[[9.84862411,57.03589703],[9.84862525,57.03590014]],[[9.84862525,57.03590014],[9.84862638,57.03590325]],[[9.84862638,57.03590325],[9.84862747,57.03590636]],[[9.84862747,57.03590636],[9.84862856,57.03590947]],[[9.84862856,57.03590947],[9.84862963,57.03591258]],[[9.84862963,57.03591258],[9.84863069,57.0359157]],[[9.84863069,57.0359157],[9.84863173,57.03591882]],[[9.84863173,57.03591882],[9.84863276,57.03592193]],[[9.84863276,57.03592193],[9.84863377,57.03592505]],[[9.84863377,57.03592505],[9.84863476,57.03592818]],[[9.84863476,57.03592818],[9.84863573,57.0359313]],[[9.84863573,57.0359313],[9.84863669,57.03593442]],[[9.84863669,57.03593442],[9.84863765,57.03593755]],[[9.84863765,57.03593755],[9.84863858,57.03594067]],[[9.84863858,57.03594067],[9.8486395,57.0359438]],[[9.8486395,57.0359438],[9.84864043,57.03594694]],[[9.84864043,57.03594694],[9.84864132,57.03595006]],[[9.84864132,57.03595006],[9.84864222,57.0359532]],[[9.84864222,57.0359532],[9.84864309,57.03595632]],[[9.84864309,57.03595632],[9.84864395,57.03595946]],[[9.84864395,57.03595946],[9.8486448,57.03596259]],[[9.8486448,57.03596259],[9.84864564,57.03596573]],[[9.84864564,57.03596573],[9.84864648,57.03596886]],[[9.84864648,57.03596886],[9.84864731,57.035972]],[[9.84864731,57.035972],[9.84864812,57.03597513]],[[9.84864812,57.03597513],[9.84864892,57.03597827]],[[9.84864892,57.03597827],[9.84864971,57.03598141]],[[9.84864971,57.03598141],[9.84865051,57.03598455]],[[9.84865051,57.03598455],[9.84865128,57.03598769]],[[9.84865128,57.03598769],[9.84865206,57.03599083]],[[9.84865206,57.03599083],[9.84865282,57.03599397]],[[9.84865282,57.03599397],[9.84865358,57.0359971]],[[9.84865358,57.0359971],[9.84865433,57.03600025]],[[9.84865433,57.03600025],[9.84865507,57.03600339]],[[9.84865507,57.03600339],[9.8486558,57.03600654]],[[9.8486558,57.03600654],[9.84865655,57.03600968]],[[9.84865655,57.03600968],[9.84865726,57.03601282]],[[9.84865726,57.03601282],[9.84865799,57.03601597]],[[9.84865799,57.03601597],[9.8486587,57.03601911]],[[9.8486587,57.03601911],[9.84865941,57.03602226]],[[9.84865941,57.03602226],[9.84866012,57.0360254]],[[9.84866012,57.0360254],[9.84866083,57.03602854]],[[9.84866083,57.03602854],[9.84866153,57.03603169]],[[9.84866153,57.03603169],[9.84866223,57.03603483]],[[9.84866223,57.03603483],[9.84866294,57.03603798]],[[9.84866294,57.03603798],[9.84866363,57.03604112]],[[9.84866363,57.03604112],[9.84866431,57.03604426]],[[9.84866431,57.03604426],[9.84866501,57.03604742]],[[9.84866501,57.03604742],[9.8486657,57.03605056]],[[9.8486657,57.03605056],[9.84866638,57.0360537]],[[9.84866638,57.0360537],[9.84866708,57.03605685]],[[9.84866708,57.03605685],[9.84866708,57.03605685]],[[9.84866708,57.03605685],[9.84866797,57.03606099]],[[9.84866797,57.03606099],[9.84866882,57.03606513]],[[9.84866882,57.03606513],[9.84866965,57.03606928]],[[9.84866965,57.03606928],[9.84867044,57.03607343]],[[9.84867044,57.03607343],[9.84867121,57.03607757]],[[9.84867121,57.03607757],[9.84867193,57.03608173]],[[9.84867193,57.03608173],[9.84867263,57.03608588]],[[9.84867263,57.03608588],[9.84867328,57.03609003]],[[9.84867328,57.03609003],[9.84867393,57.03609419]],[[9.84867393,57.03609419],[9.84867452,57.03609834]],[[9.84867452,57.03609834],[9.84867509,57.03610249]],[[9.84867509,57.03610249],[9.84867564,57.03610665]],[[9.84867564,57.03610665],[9.84867615,57.03611082]],[[9.84867615,57.03611082],[9.84867664,57.03611498]],[[9.84867664,57.03611498],[9.84867709,57.03611914]],[[9.84867709,57.03611914],[9.84867751,57.0361233]],[[9.84867751,57.0361233],[9.84867791,57.03612746]],[[9.84867791,57.03612746],[9.84867829,57.03613163]],[[9.84867829,57.03613163],[9.84867862,57.0361358]],[[9.84867862,57.0361358],[9.84867895,57.03613996]],[[9.84867895,57.03613996],[9.84867922,57.03614413]],[[9.84867922,57.03614413],[9.84867949,57.0361483]],[[9.84867949,57.0361483],[9.84867972,57.03615246]],[[9.84867972,57.03615246],[9.84867993,57.03615663]],[[9.84867993,57.03615663],[9.84868011,57.0361608]],[[9.84868011,57.0361608],[9.84868026,57.03616496]],[[9.84868026,57.03616496],[9.84868039,57.03616913]],[[9.84868039,57.03616913],[9.84868051,57.0361733]],[[9.84868051,57.0361733],[9.84868059,57.03617747]],[[9.84868059,57.03617747],[9.84868064,57.03618164]],[[9.84868064,57.03618164],[9.84868067,57.03618581]],[[9.84868067,57.03618581],[9.84868069,57.03618997]],[[9.84868069,57.03618997],[9.84868067,57.03619415]],[[9.84868067,57.03619415],[9.84868064,57.03619832]],[[9.84868064,57.03619832],[9.84868059,57.03620248]],[[9.84868059,57.03620248],[9.8486805,57.03620665]],[[9.8486805,57.03620665],[9.8486804,57.03621083]],[[9.8486804,57.03621083],[9.84868029,57.03621499]],[[9.84868029,57.03621499],[9.84868014,57.03621916]],[[9.84868014,57.03621916],[9.84867997,57.03622333]],[[9.84867997,57.03622333],[9.84867979,57.03622749]],[[9.84867979,57.03622749],[9.84867959,57.03623166]],[[9.84867959,57.03623166],[9.84867936,57.03623583]],[[9.84867936,57.03623583],[9.84867912,57.03624]],[[9.84867912,57.03624],[9.84867885,57.03624417]],[[9.84867885,57.03624417],[9.84867857,57.03624833]],[[9.84867857,57.03624833],[9.84867827,57.0362525]],[[9.84867827,57.0362525],[9.84867796,57.03625667]],[[9.84867796,57.03625667],[9.84867763,57.03626082]],[[9.84867763,57.03626082],[9.84867727,57.03626499]],[[9.84867727,57.03626499],[9.8486769,57.03626916]],[[9.8486769,57.03626916],[9.84867653,57.03627332]],[[9.84867653,57.03627332],[9.84867611,57.03627748]],[[9.84867611,57.03627748],[9.8486757,57.03628165]],[[9.8486757,57.03628165],[9.84867527,57.03628581]],[[9.84867527,57.03628581],[9.84867481,57.03628997]],[[9.84867481,57.03628997],[9.84867435,57.03629414]],[[9.84867435,57.03629414],[9.84867387,57.03629829]],[[9.84867387,57.03629829],[9.84867338,57.03630245]],[[9.84867338,57.03630245],[9.84867288,57.03630662]],[[9.84867288,57.03630662],[9.84867235,57.03631077]],[[9.84867235,57.03631077],[9.84867183,57.03631493]],[[9.84867183,57.03631493],[9.84867128,57.03631909]],[[9.84867128,57.03631909],[9.84867072,57.03632324]],[[9.84867072,57.03632324],[9.84867015,57.03632741]],[[9.84867015,57.03632741],[9.84866957,57.03633157]],[[9.84866957,57.03633157],[9.84866897,57.03633572]],[[9.84866897,57.03633572],[9.84866837,57.03633987]],[[9.84866837,57.03633987],[9.84866774,57.03634403]],[[9.84866774,57.03634403],[9.84866711,57.03634819]],[[9.84866711,57.03634819],[9.84866649,57.03635234]],[[9.84866649,57.03635234],[9.84866583,57.03635649]],[[9.84866583,57.03635649],[9.84866517,57.03636065]],[[9.84866517,57.03636065],[9.84866451,57.03636481]],[[9.84866451,57.03636481],[9.84866383,57.03636895]],[[9.84866383,57.03636895],[9.84866316,57.03637311]],[[9.84866316,57.03637311],[9.84866246,57.03637726]],[[9.84866246,57.03637726],[9.84866176,57.03638142]],[[9.84866176,57.03638142],[9.84866105,57.03638556]],[[9.84866105,57.03638556],[9.84866034,57.03638971]],[[9.84866034,57.03638971],[9.84865961,57.03639387]],[[9.84865961,57.03639387],[9.84865889,57.03639802]],[[9.84865889,57.03639802],[9.84865835,57.03640101]],[[9.84865835,57.03640101],[9.84865783,57.03640399]],[[9.84865783,57.03640399],[9.84865729,57.03640698]],[[9.84865729,57.03640698],[9.84865675,57.03640997]],[[9.84865675,57.03640997],[9.84865621,57.03641296]],[[9.84865621,57.03641296],[9.84865567,57.03641595]],[[9.84865567,57.03641595],[9.84865513,57.03641893]],[[9.84865513,57.03641893],[9.84865457,57.03642192]],[[9.84865457,57.03642192],[9.84865404,57.03642491]],[[9.84865404,57.03642491],[9.84865348,57.03642789]],[[9.84865348,57.03642789],[9.84865292,57.03643088]],[[9.84865292,57.03643088],[9.84865237,57.03643387]],[[9.84865237,57.03643387],[9.8486518,57.03643685]],[[9.8486518,57.03643685],[9.84865124,57.03643984]],[[9.84865124,57.03643984],[9.84865067,57.03644282]],[[9.84865067,57.03644282],[9.8486501,57.03644581]],[[9.8486501,57.03644581],[9.84864952,57.0364488]],[[9.84864952,57.0364488],[9.84864895,57.03645178]],[[9.84864895,57.03645178],[9.84864836,57.03645477]],[[9.84864836,57.03645477],[9.84864779,57.03645775]],[[9.84864779,57.03645775],[9.8486472,57.03646074]],[[9.8486472,57.03646074],[9.84864661,57.03646372]],[[9.84864661,57.03646372],[9.84864603,57.03646671]],[[9.84864603,57.03646671],[9.84864544,57.03646969]],[[9.84864544,57.03646969],[9.84864483,57.03647267]],[[9.84864483,57.03647267],[9.84864424,57.03647566]],[[9.84864424,57.03647566],[9.84864364,57.03647864]],[[9.84864364,57.03647864],[9.84864305,57.03648163]],[[9.84864305,57.03648163],[9.84864244,57.03648461]],[[9.84864244,57.03648461],[9.84864184,57.03648759]],[[9.84864184,57.03648759],[9.84864122,57.03649058]],[[9.84864122,57.03649058],[9.84864061,57.03649356]],[[9.84864061,57.03649356],[9.84864001,57.03649654]],[[9.84864001,57.03649654],[9.84863939,57.03649953]],[[9.84863939,57.03649953],[9.84863878,57.03650251]],[[9.84863878,57.03650251],[9.84863816,57.03650549]],[[9.84863816,57.03650549],[9.84863754,57.03650847]],[[9.84863754,57.03650847],[9.84863692,57.03651146]],[[9.84863692,57.03651146],[9.84863629,57.03651444]],[[9.84863629,57.03651444],[9.84863567,57.03651742]],[[9.84863567,57.03651742],[9.84863505,57.0365204]],[[9.84863505,57.0365204],[9.84863443,57.03652339]],[[9.84863443,57.03652339],[9.84863379,57.03652637]],[[9.84863379,57.03652637],[9.84863317,57.03652935]],[[9.84863317,57.03652935],[9.84863253,57.03653233]],[[9.84863253,57.03653233],[9.84863191,57.03653531]],[[9.84863191,57.03653531],[9.84863127,57.0365383]],[[9.84863127,57.0365383],[9.84863063,57.03654129]],[[9.84863063,57.03654129],[9.84863001,57.03654427]],[[9.84863001,57.03654427],[9.84862937,57.03654725]],[[9.84862937,57.03654725],[9.84862874,57.03655023]],[[9.84862874,57.03655023],[9.8486281,57.03655321]],[[9.8486281,57.03655321],[9.84862746,57.03655619]],[[9.84862746,57.03655619],[9.84862681,57.03655917]],[[9.84862681,57.03655917],[9.84862617,57.03656216]],[[9.84862617,57.03656216],[9.84862553,57.03656514]],[[9.84862553,57.03656514],[9.84862489,57.03656812]],[[9.84862489,57.03656812],[9.84862424,57.0365711]],[[9.84862424,57.0365711],[9.8486236,57.03657408]],[[9.8486236,57.03657408],[9.84862294,57.03657706]],[[9.84862294,57.03657706],[9.84862229,57.03658004]],[[9.84862229,57.03658004],[9.84862165,57.03658302]],[[9.84862165,57.03658302],[9.848621,57.036586]],[[9.848621,57.036586],[9.84862034,57.03658898]],[[9.84862034,57.03658898],[9.84861969,57.03659196]],[[9.84861969,57.03659196],[9.84861903,57.03659494]],[[9.84861903,57.03659494],[9.84861838,57.03659793]],[[9.84861838,57.03659793],[9.84861773,57.03660091]],[[9.84861773,57.03660091],[9.84861707,57.03660389]],[[9.84861707,57.03660389],[9.84861642,57.03660687]],[[9.84861642,57.03660687],[9.84861576,57.03660985]],[[9.84861576,57.03660985],[9.84861509,57.03661283]],[[9.84861509,57.03661283],[9.84861444,57.03661581]],[[9.84861444,57.03661581],[9.84861378,57.03661879]],[[9.84861378,57.03661879],[9.84861313,57.03662177]],[[9.84861313,57.03662177],[9.84861247,57.03662475]],[[9.84861247,57.03662475],[9.8486118,57.03662773]],[[9.8486118,57.03662773],[9.84861115,57.03663071]],[[9.84861115,57.03663071],[9.84861049,57.03663369]],[[9.84861049,57.03663369],[9.84860982,57.03663667]],[[9.84860982,57.03663667],[9.84860917,57.03663965]],[[9.84860917,57.03663965],[9.84860851,57.03664263]],[[9.84860851,57.03664263],[9.84804917,57.03917545]],[[9.84849799,57.0370304],[9.84854706,57.03703362]],[[9.84611028,57.0365729],[9.84606189,57.03656747]],[[9.84649736,57.03570663],[9.84645407,57.03569365]],[[9.84788414,57.03542762],[9.84790158,57.03540242]],[[9.84865416,57.03613934],[9.84870354,57.03613825]],[[9.84830111,57.03792196],[9.84835017,57.03792518]],[[9.84810421,57.03881352],[9.84815327,57.03881674]],[[9.85654024,57.01332935],[9.85654032,57.01333053]],[[9.85654032,57.01333053],[9.85654032,57.01333053]],[[9.85654032,57.01333053],[9.85654038,57.0133314]],[[9.85654038,57.0133314],[9.85654044,57.01333228]],[[9.85654044,57.01333228],[9.85654049,57.01333315]],[[9.85654049,57.01333315],[9.85654055,57.01333403]],[[9.85654055,57.01333403],[9.85654061,57.0133349]],[[9.85654061,57.0133349],[9.85654067,57.01333578]],[[9.85654067,57.01333578],[9.85654074,57.01333665]],[[9.85654074,57.01333665],[9.85654078,57.01333753]],[[9.85654078,57.01333753],[9.85654085,57.0133384]],[[9.85654085,57.0133384],[9.85654091,57.01333928]],[[9.85654091,57.01333928],[9.85654097,57.01334016]],[[9.85654097,57.01334016],[9.85654103,57.01334104]],[[9.85654103,57.01334104],[9.85654109,57.01334191]],[[9.85654109,57.01334191],[9.85654116,57.01334279]],[[9.85654116,57.01334279],[9.8565412,57.01334366]],[[9.8565412,57.01334366],[9.85654127,57.01334454]],[[9.85654127,57.01334454],[9.85654133,57.01334541]],[[9.85654133,57.01334541],[9.85654139,57.01334629]],[[9.85654139,57.01334629],[9.85654145,57.01334716]],[[9.85654145,57.01334716],[9.85654152,57.01334804]],[[9.85654152,57.01334804],[9.85654158,57.01334891]],[[9.85654158,57.01334891],[9.85654164,57.01334979]],[[9.85654164,57.01334979],[9.8565417,57.01335066]],[[9.8565417,57.01335066],[9.85654177,57.01335154]],[[9.85654177,57.01335154],[9.85654183,57.01335241]],[[9.85654183,57.01335241],[9.85654189,57.01335329]],[[9.85654189,57.01335329],[9.85654195,57.01335417]],[[9.85654195,57.01335417],[9.85654202,57.01335504]],[[9.85654202,57.01335504],[9.85654208,57.01335592]],[[9.85654208,57.01335592],[9.85654214,57.01335679]],[[9.85654214,57.01335679],[9.8565422,57.01335767]],[[9.8565422,57.01335767],[9.85654227,57.01335854]],[[9.85654227,57.01335854],[9.85654233,57.01335942]],[[9.85654233,57.01335942],[9.85654239,57.01336029]],[[9.85654239,57.01336029],[9.85654247,57.01336117]],[[9.85654247,57.01336117],[9.85654253,57.01336204]],[[9.85654253,57.01336204],[9.85654259,57.01336292]],[[9.85654259,57.01336292],[9.85654266,57.01336379]],[[9.85654266,57.01336379],[9.85654272,57.01336467]],[[9.85654272,57.01336467],[9.8565428,57.01336554]],[[9.8565428,57.01336554],[9.85654286,57.01336642]],[[9.85654286,57.01336642],[9.85654292,57.0133673]],[[9.85654292,57.0133673],[9.856543,57.01336818]],[[9.856543,57.01336818],[9.85654306,57.01336905]],[[9.85654306,57.01336905],[9.85654313,57.01336992]],[[9.85654313,57.01336992],[9.85654321,57.0133708]],[[9.85654321,57.0133708],[9.85654327,57.01337167]],[[9.85654327,57.01337167],[9.85654335,57.01337255]],[[9.85654335,57.01337255],[9.85654341,57.01337342]],[[9.85654341,57.01337342],[9.85654349,57.0133743]],[[9.85654349,57.0133743],[9.85654355,57.01337517]],[[9.85654355,57.01337517],[9.85654363,57.01337605]],[[9.85654363,57.01337605],[9.85654369,57.01337692]],[[9.85654369,57.01337692],[9.85654377,57.0133778]],[[9.85654377,57.0133778],[9.85654385,57.01337867]],[[9.85654385,57.01337867],[9.85654391,57.01337955]],[[9.85654391,57.01337955],[9.85654399,57.01338043]],[[9.85654399,57.01338043],[9.85654407,57.0133813]],[[9.85654407,57.0133813],[9.85654415,57.01338218]],[[9.85654415,57.01338218],[9.85654423,57.01338305]],[[9.85654423,57.01338305],[9.85654429,57.01338393]],[[9.85654429,57.01338393],[9.85654437,57.0133848]],[[9.85654437,57.0133848],[9.85654445,57.01338568]],[[9.85654445,57.01338568],[9.85654453,57.01338655]],[[9.85654453,57.01338655],[9.85654461,57.01338742]],[[9.85654461,57.01338742],[9.85654469,57.0133883]],[[9.85654469,57.0133883],[9.85654478,57.01338917]],[[9.85654478,57.01338917],[9.85654486,57.01339005]],[[9.85654486,57.01339005],[9.85654494,57.01339092]],[[9.85654494,57.01339092],[9.85654502,57.0133918]],[[9.85654502,57.0133918],[9.8565451,57.01339268]],[[9.8565451,57.01339268],[9.85654519,57.01339355]],[[9.85654519,57.01339355],[9.85654527,57.01339443]],[[9.85654527,57.01339443],[9.85654535,57.0133953]],[[9.85654535,57.0133953],[9.85654545,57.01339618]],[[9.85654545,57.01339618],[9.85654552,57.01339705]],[[9.85654552,57.01339705],[9.85654562,57.01339792]],[[9.85654562,57.01339792],[9.8565457,57.0133988]],[[9.8565457,57.0133988],[9.85654579,57.01339967]],[[9.85654579,57.01339967],[9.85654589,57.01340055]],[[9.85654589,57.01340055],[9.85654597,57.01340142]],[[9.85654597,57.01340142],[9.85654606,57.01340229]],[[9.85654606,57.01340229],[9.85656674,57.01352534]],[[9.85656674,57.01352534],[9.85660288,57.01364733]],[[9.85660288,57.01364733],[9.85665431,57.01376766]],[[9.85665431,57.01376766],[9.85665694,57.01377294]],[[9.85665694,57.01377294],[9.85665958,57.01377822]],[[9.85665958,57.01377822],[9.85666228,57.0137835]],[[9.85666228,57.0137835],[9.85666499,57.01378877]],[[9.85666499,57.01378877],[9.85666774,57.01379404]],[[9.85666774,57.01379404],[9.8566705,57.0137993]],[[9.8566705,57.0137993],[9.85667331,57.01380456]],[[9.85667331,57.01380456],[9.85667612,57.01380982]],[[9.85667612,57.01380982],[9.85667898,57.01381506]],[[9.85667898,57.01381506],[9.85668186,57.01382031]],[[9.85668186,57.01382031],[9.85668475,57.01382555]],[[9.85668475,57.01382555],[9.85668769,57.01383079]],[[9.85668769,57.01383079],[9.85669064,57.01383602]],[[9.85669064,57.01383602],[9.85669361,57.01384125]],[[9.85669361,57.01384125],[9.85669662,57.01384648]],[[9.85669662,57.01384648],[9.85669965,57.0138517]],[[9.85669965,57.0138517],[9.85670269,57.01385691]],[[9.85670269,57.01385691],[9.85670576,57.01386212]],[[9.85670576,57.01386212],[9.85670887,57.01386733]],[[9.85670887,57.01386733],[9.85671198,57.01387254]],[[9.85671198,57.01387254],[9.85671512,57.01387774]],[[9.85671512,57.01387774],[9.85671828,57.01388293]],[[9.85671828,57.01388293],[9.85672147,57.01388813]],[[9.85672147,57.01388813],[9.85672467,57.01389332]],[[9.85672467,57.01389332],[9.8567279,57.01389851]],[[9.8567279,57.01389851],[9.85673114,57.01390368]],[[9.85673114,57.01390368],[9.85673441,57.01390887]],[[9.85673441,57.01390887],[9.85673768,57.01391404]],[[9.85673768,57.01391404],[9.85674099,57.01391921]],[[9.85674099,57.01391921],[9.85674431,57.01392438]],[[9.85674431,57.01392438],[9.85674765,57.01392954]],[[9.85674765,57.01392954],[9.856751,57.01393471]],[[9.856751,57.01393471],[9.85675437,57.01393986]],[[9.85675437,57.01393986],[9.85675778,57.01394501]],[[9.85675778,57.01394501],[9.85676118,57.01395016]],[[9.85676118,57.01395016],[9.8567646,57.01395531]],[[9.8567646,57.01395531],[9.85676804,57.01396045]],[[9.85676804,57.01396045],[9.85677151,57.01396559]],[[9.85677151,57.01396559],[9.85677498,57.01397073]],[[9.85677498,57.01397073],[9.85677846,57.01397587]],[[9.85677846,57.01397587],[9.85678197,57.013981]],[[9.85678197,57.013981],[9.85678549,57.01398613]],[[9.85678549,57.01398613],[9.85678901,57.01399125]],[[9.85678901,57.01399125],[9.85679256,57.01399637]],[[9.85679256,57.01399637],[9.85679611,57.0140015]],[[9.85679611,57.0140015],[9.85679968,57.01400661]],[[9.85679968,57.01400661],[9.85680327,57.01401172]],[[9.85680327,57.01401172],[9.85680687,57.01401684]],[[9.85680687,57.01401684],[9.85681047,57.01402195]],[[9.85681047,57.01402195],[9.85681409,57.01402706]],[[9.85681409,57.01402706],[9.85681772,57.01403216]],[[9.85681772,57.01403216],[9.85682136,57.01403727]],[[9.85682136,57.01403727],[9.85682501,57.01404236]],[[9.85682501,57.01404236],[9.85682868,57.01404747]],[[9.85682868,57.01404747],[9.85683234,57.01405256]],[[9.85683234,57.01405256],[9.85683603,57.01405765]],[[9.85683603,57.01405765],[9.85683971,57.01406275]],[[9.85683971,57.01406275],[9.85684341,57.01406783]],[[9.85684341,57.01406783],[9.85684711,57.01407293]],[[9.85684711,57.01407293],[9.85685083,57.01407802]],[[9.85685083,57.01407802],[9.85685455,57.01408309]],[[9.85685455,57.01408309],[9.85685828,57.01408818]],[[9.85685828,57.01408818],[9.85686202,57.01409327]],[[9.85686202,57.01409327],[9.85686575,57.01409835]],[[9.85686575,57.01409835],[9.8568695,57.01410342]],[[9.8568695,57.01410342],[9.85687327,57.0141085]],[[9.85687327,57.0141085],[9.85687702,57.01411358]],[[9.85687702,57.01411358],[9.85688078,57.01411866]],[[9.85688078,57.01411866],[9.85688455,57.01412373]],[[9.85688455,57.01412373],[9.85688833,57.01412881]],[[9.85688833,57.01412881],[9.85689212,57.01413387]],[[9.85689212,57.01413387],[9.8568959,57.01413894]],[[9.8568959,57.01413894],[9.85689968,57.01414402]],[[9.85689968,57.01414402],[9.85690347,57.01414909]],[[9.85690347,57.01414909],[9.85690727,57.01415416]],[[9.85690727,57.01415416],[9.85691105,57.01415923]],[[9.85691105,57.01415923],[9.85691485,57.0141643]],[[9.85691485,57.0141643],[9.85691865,57.01416937]],[[9.85691865,57.01416937],[9.85692245,57.01417444]],[[9.85692245,57.01417444],[9.85692625,57.01417951]],[[9.85692625,57.01417951],[9.85693005,57.01418457]],[[9.85693005,57.01418457],[9.85693385,57.01418963]],[[9.85693385,57.01418963],[9.85693385,57.01418963]],[[9.85693385,57.01418963],[9.85694025,57.01419817]],[[9.85694025,57.01419817],[9.85694665,57.01420671]],[[9.85694665,57.01420671],[9.85695306,57.01421524]],[[9.85695306,57.01421524],[9.85695946,57.01422378]],[[9.85695946,57.01422378],[9.85696586,57.01423232]],[[9.85696586,57.01423232],[9.85697225,57.01424085]],[[9.85697225,57.01424085],[9.85697866,57.01424938]],[[9.85697866,57.01424938],[9.85698504,57.01425792]],[[9.85698504,57.01425792],[9.85699143,57.01426646]],[[9.85699143,57.01426646],[9.85699782,57.014275]],[[9.85699782,57.014275],[9.85700419,57.01428355]],[[9.85700419,57.01428355],[9.85701057,57.01429209]],[[9.85701057,57.01429209],[9.85701695,57.01430062]],[[9.85701695,57.01430062],[9.8570233,57.01430917]],[[9.8570233,57.01430917],[9.85702967,57.01431772]],[[9.85702967,57.01431772],[9.85703603,57.01432626]],[[9.85703603,57.01432626],[9.85704236,57.0143348]],[[9.85704236,57.0143348],[9.8570487,57.01434336]],[[9.8570487,57.01434336],[9.85705504,57.01435191]],[[9.85705504,57.01435191],[9.85706136,57.01436046]],[[9.85706136,57.01436046],[9.85706768,57.01436901]],[[9.85706768,57.01436901],[9.85707399,57.01437757]],[[9.85707399,57.01437757],[9.85708029,57.01438613]],[[9.85708029,57.01438613],[9.85708658,57.01439469]],[[9.85708658,57.01439469],[9.85709285,57.01440325]],[[9.85709285,57.01440325],[9.85709912,57.01441182]],[[9.85709912,57.01441182],[9.85710538,57.01442038]],[[9.85710538,57.01442038],[9.85711162,57.01442895]],[[9.85711162,57.01442895],[9.85711786,57.01443752]],[[9.85711786,57.01443752],[9.85712408,57.0144461]],[[9.85712408,57.0144461],[9.8571303,57.01445468]],[[9.8571303,57.01445468],[9.85713649,57.01446325]],[[9.85713649,57.01446325],[9.85714268,57.01447184]],[[9.85714268,57.01447184],[9.85714885,57.01448043]],[[9.85714885,57.01448043],[9.85715501,57.01448901]],[[9.85715501,57.01448901],[9.85716115,57.0144976]],[[9.85716115,57.0144976],[9.85716727,57.0145062]],[[9.85716727,57.0145062],[9.85717338,57.0145148]],[[9.85717338,57.0145148],[9.85717949,57.0145234]],[[9.85717949,57.0145234],[9.85718556,57.01453201]],[[9.85718556,57.01453201],[9.85719162,57.01454062]],[[9.85719162,57.01454062],[9.85719768,57.01454923]],[[9.85719768,57.01454923],[9.8572037,57.01455785]],[[9.8572037,57.01455785],[9.85720971,57.01456647]],[[9.85720971,57.01456647],[9.8572157,57.01457508]],[[9.8572157,57.01457508],[9.85722168,57.01458371]],[[9.85722168,57.01458371],[9.85722764,57.01459234]],[[9.85722764,57.01459234],[9.85723356,57.01460098]],[[9.85723356,57.01460098],[9.85723947,57.01460962]],[[9.85723947,57.01460962],[9.85724538,57.01461826]],[[9.85724538,57.01461826],[9.85725124,57.01462691]],[[9.85725124,57.01462691],[9.8572571,57.01463556]],[[9.8572571,57.01463556],[9.85726293,57.01464422]],[[9.85726293,57.01464422],[9.85726874,57.01465288]],[[9.85726874,57.01465288],[9.85727452,57.01466154]],[[9.85727452,57.01466154],[9.85728028,57.01467021]],[[9.85728028,57.01467021],[9.85728603,57.01467888]],[[9.85728603,57.01467888],[9.85729174,57.01468757]],[[9.85729174,57.01468757],[9.85729743,57.01469625]],[[9.85729743,57.01469625],[9.8573031,57.01470494]],[[9.8573031,57.01470494],[9.85730874,57.01471364]],[[9.85730874,57.01471364],[9.85731436,57.01472233]],[[9.85731436,57.01472233],[9.85731995,57.01473103]],[[9.85731995,57.01473103],[9.85732552,57.01473974]],[[9.85732552,57.01473974],[9.85733105,57.01474846]],[[9.85733105,57.01474846],[9.85733656,57.01475718]],[[9.85733656,57.01475718],[9.85734204,57.0147659]],[[9.85734204,57.0147659],[9.85734749,57.01477463]],[[9.85734749,57.01477463],[9.85735291,57.01478336]],[[9.85735291,57.01478336],[9.8573583,57.01479211]],[[9.8573583,57.01479211],[9.85736367,57.01480085]],[[9.85736367,57.01480085],[9.857369,57.0148096]],[[9.857369,57.0148096],[9.8573743,57.01481836]],[[9.8573743,57.01481836],[9.85737959,57.01482712]],[[9.85737959,57.01482712],[9.85738482,57.01483589]],[[9.85738482,57.01483589],[9.85739004,57.01484466]],[[9.85739004,57.01484466],[9.85739521,57.01485344]],[[9.85739521,57.01485344],[9.85740036,57.01486223]],[[9.85740036,57.01486223],[9.85740548,57.01487101]],[[9.85740548,57.01487101],[9.85741055,57.01487981]],[[9.85741055,57.01487981],[9.8574156,57.01488861]],[[9.8574156,57.01488861],[9.8574206,57.01489741]],[[9.8574206,57.01489741],[9.85759341,57.01525727]],[[9.85759341,57.01525727],[9.85770808,57.01562398]],[[9.85770808,57.01562398],[9.85776376,57.01599473]],[[9.85776376,57.01599473],[9.8577646,57.01600726]],[[9.8577646,57.01600726],[9.85776538,57.01601979]],[[9.85776538,57.01601979],[9.85776609,57.01603232]],[[9.85776609,57.01603232],[9.85776673,57.01604486]],[[9.85776673,57.01604486],[9.85776731,57.01605739]],[[9.85776731,57.01605739],[9.85776782,57.01606992]],[[9.85776782,57.01606992],[9.85776826,57.01608246]],[[9.85776826,57.01608246],[9.85776866,57.016095]],[[9.85776866,57.016095],[9.85776899,57.01610753]],[[9.85776899,57.01610753],[9.85776926,57.01612007]],[[9.85776926,57.01612007],[9.85776947,57.01613261]],[[9.85776947,57.01613261],[9.85776962,57.01614514]],[[9.85776962,57.01614514],[9.85776972,57.01615768]],[[9.85776972,57.01615768],[9.85776976,57.01617021]],[[9.85776976,57.01617021],[9.85776973,57.01618276]],[[9.85776973,57.01618276],[9.85776965,57.0161953]],[[9.85776965,57.0161953],[9.85776951,57.01620783]],[[9.85776951,57.01620783],[9.85776934,57.01622037]],[[9.85776934,57.01622037],[9.85776909,57.0162329]],[[9.85776909,57.0162329],[9.8577688,57.01624544]],[[9.8577688,57.01624544],[9.85776845,57.01625798]],[[9.85776845,57.01625798],[9.85776806,57.01627051]],[[9.85776806,57.01627051],[9.8577676,57.01628305]],[[9.8577676,57.01628305],[9.85776711,57.01629558]],[[9.85776711,57.01629558],[9.85776656,57.01630812]],[[9.85776656,57.01630812],[9.85776597,57.01632065]],[[9.85776597,57.01632065],[9.85776533,57.01633319]],[[9.85776533,57.01633319],[9.85776464,57.01634572]],[[9.85776464,57.01634572],[9.8577639,57.01635825]],[[9.8577639,57.01635825],[9.85776313,57.01637078]],[[9.85776313,57.01637078],[9.85776231,57.01638331]],[[9.85776231,57.01638331],[9.85776144,57.01639584]],[[9.85776144,57.01639584],[9.85776053,57.01640836]],[[9.85776053,57.01640836],[9.85775958,57.01642089]],[[9.85775958,57.01642089],[9.8577586,57.01643342]],[[9.8577586,57.01643342],[9.85775756,57.01644594]],[[9.85775756,57.01644594],[9.85775649,57.01645847]],[[9.85775649,57.01645847],[9.85775537,57.01647099]],[[9.85775537,57.01647099],[9.85775422,57.01648351]],[[9.85775422,57.01648351],[9.85775304,57.01649604]],[[9.85775304,57.01649604],[9.85775182,57.01650855]],[[9.85775182,57.01650855],[9.85775056,57.01652107]],[[9.85775056,57.01652107],[9.85774927,57.01653359]],[[9.85774927,57.01653359],[9.85774794,57.01654611]],[[9.85774794,57.01654611],[9.85774658,57.01655862]],[[9.85774658,57.01655862],[9.8577452,57.01657114]],[[9.8577452,57.01657114],[9.85774377,57.01658365]],[[9.85774377,57.01658365],[9.85774232,57.01659616]],[[9.85774232,57.01659616],[9.85774082,57.01660868]],[[9.85774082,57.01660868],[9.85773931,57.01662119]],[[9.85773931,57.01662119],[9.85773778,57.01663369]],[[9.85773778,57.01663369],[9.8577362,57.01664621]],[[9.8577362,57.01664621],[9.85773461,57.01665872]],[[9.85773461,57.01665872],[9.85773298,57.01667122]],[[9.85773298,57.01667122],[9.85773133,57.01668372]],[[9.85773133,57.01668372],[9.85772965,57.01669623]],[[9.85772965,57.01669623],[9.85772796,57.01670873]],[[9.85772796,57.01670873],[9.85772623,57.01672124]],[[9.85772623,57.01672124],[9.85772449,57.01673373]],[[9.85772449,57.01673373],[9.85772273,57.01674624]],[[9.85772273,57.01674624],[9.85772094,57.01675874]],[[9.85772094,57.01675874],[9.85771913,57.01677124]],[[9.85771913,57.01677124],[9.8577173,57.01678374]],[[9.8577173,57.01678374],[9.85771546,57.01679623]],[[9.85771546,57.01679623],[9.8577136,57.01680873]],[[9.8577136,57.01680873],[9.85771173,57.01682122]],[[9.85771173,57.01682122],[9.85770984,57.01683372]],[[9.85770984,57.01683372],[9.85770793,57.01684622]],[[9.85770793,57.01684622],[9.857706,57.01685871]],[[9.857706,57.01685871],[9.85770406,57.0168712]],[[9.85770406,57.0168712],[9.8577021,57.01688369]],[[9.8577021,57.01688369],[9.85770015,57.01689618]],[[9.85770015,57.01689618],[9.85769817,57.01690868]],[[9.85769817,57.01690868],[9.85769618,57.01692117]],[[9.85769618,57.01692117],[9.85769418,57.01693366]],[[9.85769418,57.01693366],[9.85769219,57.01694615]],[[9.85769219,57.01694615],[9.85769016,57.01695864]],[[9.85769016,57.01695864],[9.85768814,57.01697113]],[[9.85768814,57.01697113],[9.85768612,57.01698361]],[[9.85768612,57.01698361],[9.85768408,57.0169961]],[[9.85768408,57.0169961],[9.85768204,57.01700859]],[[9.85768204,57.01700859],[9.85768,57.01702108]],[[9.85768,57.01702108],[9.85765582,57.01716711]],[[9.85765582,57.01716711],[9.85763111,57.01731311]],[[9.85763111,57.01731311],[9.85760589,57.01745908]],[[9.85760589,57.01745908],[9.85753858,57.01783496]],[[9.85753858,57.01783496],[9.85746785,57.01821065]],[[9.85746785,57.01821065],[9.85739371,57.01858614]],[[9.85705487,57.01438775],[9.8571007,57.01437771]],[[9.85774469,57.0161267],[9.85779407,57.01612646]],[[9.85749889,57.01791546],[9.85754803,57.01791817]],[[9.8565438,57.01353364],[9.85659277,57.01353016]],[[9.85705487,57.01438775],[9.8571007,57.01437771]],[[9.85756074,57.01523881],[9.85760896,57.01523299]],[[9.85774469,57.0161267],[9.85779407,57.01612646]],[[9.8576551,57.01702167],[9.8577043,57.01702407]],[[9.85749889,57.01791546],[9.85754803,57.01791817]],[[9.85165968,57.03190126],[9.85057612,57.03405517]],[[9.85057612,57.03405517],[9.85057313,57.03406111]],[[9.85057313,57.03406111],[9.85057014,57.03406705]],[[9.85057014,57.03406705],[9.85056715,57.034073]],[[9.85056715,57.034073],[9.85056416,57.03407894]],[[9.85056416,57.03407894],[9.85056119,57.03408488]],[[9.85056119,57.03408488],[9.8505582,57.03409082]],[[9.8505582,57.03409082],[9.85055521,57.03409676]],[[9.85055521,57.03409676],[9.85055222,57.0341027]],[[9.85055222,57.0341027],[9.85054925,57.03410864]],[[9.85054925,57.03410864],[9.85054628,57.03411458]],[[9.85054628,57.03411458],[9.85054329,57.03412053]],[[9.85054329,57.03412053],[9.85054032,57.03412647]],[[9.85054032,57.03412647],[9.85053735,57.03413241]],[[9.85053735,57.03413241],[9.85053439,57.03413836]],[[9.85053439,57.03413836],[9.85053142,57.0341443]],[[9.85053142,57.0341443],[9.85052846,57.03415024]],[[9.85052846,57.03415024],[9.85052551,57.03415619]],[[9.85052551,57.03415619],[9.85052255,57.03416213]],[[9.85052255,57.03416213],[9.8505196,57.03416808]],[[9.8505196,57.03416808],[9.85051666,57.03417403]],[[9.85051666,57.03417403],[9.85051372,57.03417997]],[[9.85051372,57.03417997],[9.85051078,57.03418592]],[[9.85051078,57.03418592],[9.85050784,57.03419187]],[[9.85050784,57.03419187],[9.85050492,57.03419782]],[[9.85050492,57.03419782],[9.850502,57.03420378]],[[9.850502,57.03420378],[9.85049909,57.03420973]],[[9.85049909,57.03420973],[9.85049618,57.03421568]],[[9.85049618,57.03421568],[9.85049328,57.03422164]],[[9.85049328,57.03422164],[9.85049037,57.03422759]],[[9.85049037,57.03422759],[9.85048748,57.03423354]],[[9.85048748,57.03423354],[9.85048461,57.03423949]],[[9.85048461,57.03423949],[9.85048173,57.03424545]],[[9.85048173,57.03424545],[9.85047886,57.03425141]],[[9.85047886,57.03425141],[9.850476,57.03425737]],[[9.850476,57.03425737],[9.85047315,57.03426333]],[[9.85047315,57.03426333],[9.85047031,57.03426929]],[[9.85047031,57.03426929],[9.85046747,57.03427526]],[[9.85046747,57.03427526],[9.85046464,57.03428122]],[[9.85046464,57.03428122],[9.85046182,57.03428719]],[[9.85046182,57.03428719],[9.85045901,57.03429316]],[[9.85045901,57.03429316],[9.8504562,57.03429912]],[[9.8504562,57.03429912],[9.85045341,57.03430509]],[[9.85045341,57.03430509],[9.85045064,57.03431106]],[[9.85045064,57.03431106],[9.85044786,57.03431703]],[[9.85044786,57.03431703],[9.85044509,57.03432301]],[[9.85044509,57.03432301],[9.85044235,57.03432898]],[[9.85044235,57.03432898],[9.85043961,57.03433495]],[[9.85043961,57.03433495],[9.85043686,57.03434093]],[[9.85043686,57.03434093],[9.85043416,57.03434692]],[[9.85043416,57.03434692],[9.85043145,57.03435289]],[[9.85043145,57.03435289],[9.85042876,57.03435887]],[[9.85042876,57.03435887],[9.85042606,57.03436486]],[[9.85042606,57.03436486],[9.85042339,57.03437084]],[[9.85042339,57.03437084],[9.85042073,57.03437683]],[[9.85042073,57.03437683],[9.85041809,57.03438282]],[[9.85041809,57.03438282],[9.85041544,57.03438881]],[[9.85041544,57.03438881],[9.85041282,57.0343948]],[[9.85041282,57.0343948],[9.85041021,57.0344008]],[[9.85041021,57.0344008],[9.85040761,57.03440679]],[[9.85040761,57.03440679],[9.85040504,57.03441279]],[[9.85040504,57.03441279],[9.85040246,57.03441878]],[[9.85040246,57.03441878],[9.8503999,57.03442479]],[[9.8503999,57.03442479],[9.85039735,57.03443079]],[[9.85039735,57.03443079],[9.85039484,57.03443679]],[[9.85039484,57.03443679],[9.85039231,57.0344428]],[[9.85039231,57.0344428],[9.85038982,57.03444881]],[[9.85038982,57.03444881],[9.85038734,57.03445481]],[[9.85038734,57.03445481],[9.85038488,57.03446082]],[[9.85038488,57.03446082],[9.85038242,57.03446684]],[[9.85038242,57.03446684],[9.85037999,57.03447285]],[[9.85037999,57.03447285],[9.85037758,57.03447887]],[[9.85037758,57.03447887],[9.85037516,57.03448489]],[[9.85037516,57.03448489],[9.85037279,57.03449091]],[[9.85037279,57.03449091],[9.85037042,57.03449693]],[[9.85037042,57.03449693],[9.85036806,57.03450296]],[[9.85036806,57.03450296],[9.85036573,57.03450899]],[[9.85036573,57.03450899],[9.85036342,57.03451502]],[[9.85036342,57.03451502],[9.85036112,57.03452105]],[[9.85036112,57.03452105],[9.85035884,57.03452708]],[[9.85035884,57.03452708],[9.85035657,57.03453311]],[[9.85035657,57.03453311],[9.85035433,57.03453916]],[[9.85035433,57.03453916],[9.85035209,57.0345452]],[[9.85035209,57.0345452],[9.85026946,57.03482917]],[[9.85026946,57.03482917],[9.85022872,57.03511586]],[[9.85022872,57.03511586],[9.85023019,57.03540339]],[[9.85023019,57.03540339],[9.85027382,57.03568994]],[[9.85027382,57.03568994],[9.85035936,57.03597367]],[[9.85035936,57.03597367],[9.85048626,57.03625276]],[[9.85048626,57.03625276],[9.85065368,57.03652542]],[[9.85065368,57.03652542],[9.85065547,57.03652797]],[[9.85065547,57.03652797],[9.85065725,57.03653054]],[[9.85065725,57.03653054],[9.85065905,57.03653309]],[[9.85065905,57.03653309],[9.85066084,57.03653565]],[[9.85066084,57.03653565],[9.85066264,57.0365382]],[[9.85066264,57.0365382],[9.85066444,57.03654076]],[[9.85066444,57.03654076],[9.85066624,57.03654332]],[[9.85066624,57.03654332],[9.85066806,57.03654587]],[[9.85066806,57.03654587],[9.85066986,57.03654842]],[[9.85066986,57.03654842],[9.85067168,57.03655097]],[[9.85067168,57.03655097],[9.8506735,57.03655353]],[[9.8506735,57.03655353],[9.85067532,57.03655608]],[[9.85067532,57.03655608],[9.85067714,57.03655863]],[[9.85067714,57.03655863],[9.85067897,57.03656118]],[[9.85067897,57.03656118],[9.85068079,57.03656374]],[[9.85068079,57.03656374],[9.85068262,57.03656628]],[[9.85068262,57.03656628],[9.85068446,57.03656883]],[[9.85068446,57.03656883],[9.85068629,57.03657137]],[[9.85068629,57.03657137],[9.85068814,57.03657393]],[[9.85068814,57.03657393],[9.85068999,57.03657647]],[[9.85068999,57.03657647],[9.85069183,57.03657901]],[[9.85069183,57.03657901],[9.85069368,57.03658156]],[[9.85069368,57.03658156],[9.85069553,57.03658411]],[[9.85069553,57.03658411],[9.8506974,57.03658665]],[[9.8506974,57.03658665],[9.85069925,57.0365892]],[[9.85069925,57.0365892],[9.85070112,57.03659173]],[[9.85070112,57.03659173],[9.85070298,57.03659428]],[[9.85070298,57.03659428],[9.85070485,57.03659682]],[[9.85070485,57.03659682],[9.85070672,57.03659936]],[[9.85070672,57.03659936],[9.85070859,57.0366019]],[[9.85070859,57.0366019],[9.85071045,57.03660444]],[[9.85071045,57.03660444],[9.85071234,57.03660698]],[[9.85071234,57.03660698],[9.85071421,57.03660952]],[[9.85071421,57.03660952],[9.85071609,57.03661206]],[[9.85071609,57.03661206],[9.85071797,57.0366146]],[[9.85071797,57.0366146],[9.85071986,57.03661713]],[[9.85071986,57.03661713],[9.85072174,57.03661968]],[[9.85072174,57.03661968],[9.85072363,57.03662221]],[[9.85072363,57.03662221],[9.85072553,57.03662475]],[[9.85072553,57.03662475],[9.85072741,57.03662728]],[[9.85072741,57.03662728],[9.85072931,57.03662981]],[[9.85072931,57.03662981],[9.8507312,57.03663236]],[[9.8507312,57.03663236],[9.8507331,57.03663489]],[[9.8507331,57.03663489],[9.850735,57.03663743]],[[9.850735,57.03663743],[9.8507369,57.03663996]],[[9.8507369,57.03663996],[9.8507388,57.0366425]],[[9.8507388,57.0366425],[9.8507407,57.03664503]],[[9.8507407,57.03664503],[9.8507426,57.03664757]],[[9.8507426,57.03664757],[9.8507445,57.03665009]],[[9.8507445,57.03665009],[9.8507464,57.03665263]],[[9.8507464,57.03665263],[9.8507483,57.03665516]],[[9.8507483,57.03665516],[9.85075022,57.0366577]],[[9.85075022,57.0366577],[9.85075212,57.03666023]],[[9.85075212,57.03666023],[9.85075403,57.03666276]],[[9.85075403,57.03666276],[9.85075595,57.03666529]],[[9.85075595,57.03666529],[9.85075785,57.03666782]],[[9.85075785,57.03666782],[9.85075977,57.03667035]],[[9.85075977,57.03667035],[9.85076169,57.03667289]],[[9.85076169,57.03667289],[9.8507636,57.03667541]],[[9.8507636,57.03667541],[9.85076552,57.03667795]],[[9.85076552,57.03667795],[9.85076744,57.03668047]],[[9.85076744,57.03668047],[9.85076935,57.03668301]],[[9.85076935,57.03668301],[9.85077129,57.03668553]],[[9.85077129,57.03668553],[9.8507732,57.03668807]],[[9.8507732,57.03668807],[9.85077512,57.03669059]],[[9.85077512,57.03669059],[9.85077706,57.03669312]],[[9.85077706,57.03669312],[9.85077897,57.03669565]],[[9.85077897,57.03669565],[9.85078091,57.03669818]],[[9.85078091,57.03669818],[9.85078284,57.0367007]],[[9.85078284,57.0367007],[9.85078476,57.03670323]],[[9.85078476,57.03670323],[9.85078669,57.03670576]],[[9.85078669,57.03670576],[9.85078862,57.03670829]],[[9.85078862,57.03670829],[9.85079054,57.03671082]],[[9.85079054,57.03671082],[9.85079247,57.03671334]],[[9.85079247,57.03671334],[9.85079441,57.03671588]],[[9.85079441,57.03671588],[9.85079634,57.0367184]],[[9.85079634,57.0367184],[9.85079826,57.03672093]],[[9.85079826,57.03672093],[9.85080019,57.03672345]],[[9.85080019,57.03672345],[9.85080213,57.03672598]],[[9.85080213,57.03672598],[9.85080406,57.03672851]],[[9.85080406,57.03672851],[9.85080599,57.03673104]],[[9.85080599,57.03673104],[9.85080791,57.03673356]],[[9.85080791,57.03673356],[9.85080791,57.03673356]],[[9.85080791,57.03673356],[9.85080984,57.03673609]],[[9.85080984,57.03673609],[9.85081178,57.03673862]],[[9.85081178,57.03673862],[9.85081371,57.03674115]],[[9.85081371,57.03674115],[9.85081563,57.03674368]],[[9.85081563,57.03674368],[9.85081756,57.0367462]],[[9.85081756,57.0367462],[9.85081948,57.03674874]],[[9.85081948,57.03674874],[9.85082141,57.03675126]],[[9.85082141,57.03675126],[9.85082333,57.03675379]],[[9.85082333,57.03675379],[9.85082526,57.03675632]],[[9.85082526,57.03675632],[9.85082718,57.03675885]],[[9.85082718,57.03675885],[9.8508291,57.03676137]],[[9.8508291,57.03676137],[9.85083101,57.03676391]],[[9.85083101,57.03676391],[9.85083293,57.03676644]],[[9.85083293,57.03676644],[9.85083485,57.03676897]],[[9.85083485,57.03676897],[9.85083676,57.0367715]],[[9.85083676,57.0367715],[9.85083866,57.03677404]],[[9.85083866,57.03677404],[9.85084058,57.03677656]],[[9.85084058,57.03677656],[9.85084248,57.0367791]],[[9.85084248,57.0367791],[9.85084438,57.03678163]],[[9.85084438,57.03678163],[9.85084627,57.03678417]],[[9.85084627,57.03678417],[9.85084817,57.0367867]],[[9.85084817,57.0367867],[9.85085005,57.03678925]],[[9.85085005,57.03678925],[9.85085193,57.03679178]],[[9.85085193,57.03679178],[9.85085382,57.03679432]],[[9.85085382,57.03679432],[9.8508557,57.03679686]],[[9.8508557,57.03679686],[9.85085757,57.0367994]],[[9.85085757,57.0367994],[9.85085944,57.03680194]],[[9.85085944,57.03680194],[9.85086131,57.03680448]],[[9.85086131,57.03680448],[9.85086317,57.03680702]],[[9.85086317,57.03680702],[9.85086502,57.03680957]],[[9.85086502,57.03680957],[9.85086688,57.03681211]],[[9.85086688,57.03681211],[9.85086871,57.03681466]],[[9.85086871,57.03681466],[9.85087054,57.03681721]],[[9.85087054,57.03681721],[9.85087238,57.03681976]],[[9.85087238,57.03681976],[9.85087421,57.03682231]],[[9.85087421,57.03682231],[9.85087603,57.03682486]],[[9.85087603,57.03682486],[9.85087785,57.03682742]],[[9.85087785,57.03682742],[9.85087965,57.03682997]],[[9.85087965,57.03682997],[9.85088145,57.03683252]],[[9.85088145,57.03683252],[9.85088324,57.03683508]],[[9.85088324,57.03683508],[9.85088504,57.03683764]],[[9.85088504,57.03683764],[9.85088681,57.0368402]],[[9.85088681,57.0368402],[9.85088858,57.03684276]],[[9.85088858,57.03684276],[9.85089035,57.03684532]],[[9.85089035,57.03684532],[9.85089211,57.03684789]],[[9.85089211,57.03684789],[9.85089385,57.03685045]],[[9.85089385,57.03685045],[9.8508956,57.03685302]],[[9.8508956,57.03685302],[9.85089734,57.03685559]],[[9.85089734,57.03685559],[9.85089906,57.03685816]],[[9.85089906,57.03685816],[9.85090078,57.03686073]],[[9.85090078,57.03686073],[9.85090248,57.03686331]],[[9.85090248,57.03686331],[9.85090418,57.03686588]],[[9.85090418,57.03686588],[9.85090587,57.03686846]],[[9.85090587,57.03686846],[9.85090755,57.03687104]],[[9.85090755,57.03687104],[9.85090922,57.03687363]],[[9.85090922,57.03687363],[9.85091088,57.03687621]],[[9.85091088,57.03687621],[9.85091253,57.0368788]],[[9.85091253,57.0368788],[9.85091417,57.03688139]],[[9.85091417,57.03688139],[9.8509158,57.03688397]],[[9.8509158,57.03688397],[9.85091742,57.03688656]],[[9.85091742,57.03688656],[9.85091903,57.03688916]],[[9.85091903,57.03688916],[9.85092063,57.03689176]],[[9.85092063,57.03689176],[9.85092222,57.03689435]],[[9.85092222,57.03689435],[9.85092379,57.03689695]],[[9.85092379,57.03689695],[9.85092536,57.03689955]],[[9.85092536,57.03689955],[9.85092692,57.03690215]],[[9.85092692,57.03690215],[9.85092845,57.03690476]],[[9.85092845,57.03690476],[9.85092999,57.03690737]],[[9.85092999,57.03690737],[9.85093151,57.03690998]],[[9.85093151,57.03690998],[9.85093302,57.03691259]],[[9.85093302,57.03691259],[9.85093451,57.0369152]],[[9.85093451,57.0369152],[9.85093598,57.03691782]],[[9.85093598,57.03691782],[9.85093745,57.03692044]],[[9.85093745,57.03692044],[9.85093891,57.03692306]],[[9.85093891,57.03692306],[9.85094034,57.03692568]],[[9.85094034,57.03692568],[9.85094178,57.0369283]],[[9.85094178,57.0369283],[9.85094319,57.03693094]],[[9.85094319,57.03693094],[9.8509446,57.03693356]],[[9.8509446,57.03693356],[9.85094599,57.03693619]],[[9.85094599,57.03693619],[9.85094736,57.03693883]],[[9.85094736,57.03693883],[9.85094872,57.03694147]],[[9.85094872,57.03694147],[9.85095006,57.0369441]],[[9.85095006,57.0369441],[9.85097984,57.03701356]],[[9.85097984,57.03701356],[9.8509994,57.03708409]],[[9.8509994,57.03708409],[9.85100866,57.03715525]],[[9.85100866,57.03715525],[9.85100751,57.03722657]],[[9.85100751,57.03722657],[9.85099598,57.03729764]],[[9.85099598,57.03729764],[9.85097415,57.03736797]],[[9.85097415,57.03736797],[9.85094213,57.03743713]],[[9.85094213,57.03743713],[9.85090016,57.03750469]],[[9.85090016,57.03750469],[9.85084849,57.03757023]],[[9.85084849,57.03757023],[9.85078744,57.03763331]],[[9.85078744,57.03763331],[9.85071737,57.03769357]],[[9.85071737,57.03769357],[9.85066578,57.03773427]],[[9.85098171,57.03712916],[9.85103104,57.03712752]],[[9.85163585,57.03189769],[9.8516835,57.03190482]],[[9.85120021,57.03276371],[9.85124785,57.03277084]],[[9.85076455,57.03362973],[9.8508122,57.03363685]],[[9.85034446,57.03449872],[9.85039279,57.03450432]],[[9.85020477,57.03539451],[9.85025416,57.03539342]],[[9.85047591,57.03628129],[9.85052327,57.03627358]],[[9.86592788,56.99118134],[9.86564034,56.99143605]],[[9.86564034,56.99143605],[9.86535562,56.99169169]],[[9.86535562,56.99169169],[9.8650737,56.99194826]],[[9.8650737,56.99194826],[9.86468205,56.99231358]],[[9.86468205,56.99231358],[9.86430086,56.99268217]],[[9.86430086,56.99268217],[9.86393023,56.99305397]],[[9.86393023,56.99305397],[9.86392791,56.99305635]],[[9.86392791,56.99305635],[9.86392559,56.99305872]],[[9.86392559,56.99305872],[9.86392327,56.9930611]],[[9.86392327,56.9930611],[9.86392094,56.99306348]],[[9.86392094,56.99306348],[9.86391861,56.99306586]],[[9.86391861,56.99306586],[9.8639163,56.99306823]],[[9.8639163,56.99306823],[9.86391397,56.99307061]],[[9.86391397,56.99307061],[9.86391166,56.99307299]],[[9.86391166,56.99307299],[9.86390933,56.99307536]],[[9.86390933,56.99307536],[9.86390702,56.99307774]],[[9.86390702,56.99307774],[9.86390469,56.99308012]],[[9.86390469,56.99308012],[9.86390238,56.9930825]],[[9.86390238,56.9930825],[9.86390005,56.99308487]],[[9.86390005,56.99308487],[9.86389774,56.99308725]],[[9.86389774,56.99308725],[9.86389542,56.99308963]],[[9.86389542,56.99308963],[9.86389309,56.99309201]],[[9.86389309,56.99309201],[9.86389078,56.99309439]],[[9.86389078,56.99309439],[9.86388847,56.99309677]],[[9.86388847,56.99309677],[9.86388616,56.99309915]],[[9.86388616,56.99309915],[9.86388385,56.99310153]],[[9.86388385,56.99310153],[9.86388153,56.99310391]],[[9.86388153,56.99310391],[9.86387922,56.99310629]],[[9.86387922,56.99310629],[9.86387693,56.99310867]],[[9.86387693,56.99310867],[9.86387462,56.99311105]],[[9.86387462,56.99311105],[9.8638723,56.99311344]],[[9.8638723,56.99311344],[9.86387001,56.99311581]],[[9.86387001,56.99311581],[9.8638677,56.9931182]],[[9.8638677,56.9931182],[9.8638654,56.99312058]],[[9.8638654,56.99312058],[9.86386309,56.99312296]],[[9.86386309,56.99312296],[9.86386079,56.99312535]],[[9.86386079,56.99312535],[9.8638585,56.99312773]],[[9.8638585,56.99312773],[9.86385618,56.99313011]],[[9.86385618,56.99313011],[9.86385389,56.9931325]],[[9.86385389,56.9931325],[9.86385159,56.99313488]],[[9.86385159,56.99313488],[9.8638493,56.99313727]],[[9.8638493,56.99313727],[9.86384702,56.99313965]],[[9.86384702,56.99313965],[9.86384472,56.99314203]],[[9.86384472,56.99314203],[9.86384243,56.99314442]],[[9.86384243,56.99314442],[9.86384013,56.99314681]],[[9.86384013,56.99314681],[9.86383785,56.99314919]],[[9.86383785,56.99314919],[9.86383556,56.99315159]],[[9.86383556,56.99315159],[9.86383328,56.99315397]],[[9.86383328,56.99315397],[9.863831,56.99315636]],[[9.863831,56.99315636],[9.86382872,56.99315875]],[[9.86382872,56.99315875],[9.86382642,56.99316113]],[[9.86382642,56.99316113],[9.86382415,56.99316353]],[[9.86382415,56.99316353],[9.86382187,56.99316591]],[[9.86382187,56.99316591],[9.8638196,56.99316831]],[[9.8638196,56.99316831],[9.86381732,56.9931707]],[[9.86381732,56.9931707],[9.86381505,56.99317309]],[[9.86381505,56.99317309],[9.86381278,56.99317548]],[[9.86381278,56.99317548],[9.8638105,56.99317787]],[[9.8638105,56.99317787],[9.86380824,56.99318026]],[[9.86380824,56.99318026],[9.86380598,56.99318265]],[[9.86380598,56.99318265],[9.86380372,56.99318505]],[[9.86380372,56.99318505],[9.86380145,56.99318744]],[[9.86380145,56.99318744],[9.86379919,56.99318984]],[[9.86379919,56.99318984],[9.86379693,56.99319223]],[[9.86379693,56.99319223],[9.86379466,56.99319463]],[[9.86379466,56.99319463],[9.86379242,56.99319703]],[[9.86379242,56.99319703],[9.86379016,56.99319942]],[[9.86379016,56.99319942],[9.86378791,56.99320182]],[[9.86378791,56.99320182],[9.86378566,56.99320422]],[[9.86378566,56.99320422],[9.86378342,56.99320662]],[[9.86378342,56.99320662],[9.86378117,56.99320901]],[[9.86378117,56.99320901],[9.86377892,56.99321141]],[[9.86377892,56.99321141],[9.86377669,56.99321381]],[[9.86377669,56.99321381],[9.86377445,56.99321621]],[[9.86377445,56.99321621],[9.86377222,56.99321862]],[[9.86377222,56.99321862],[9.86376999,56.99322102]],[[9.86376999,56.99322102],[9.86376776,56.99322342]],[[9.86376776,56.99322342],[9.86376553,56.99322582]],[[9.86376553,56.99322582],[9.8637633,56.99322823]],[[9.8637633,56.99322823],[9.86376107,56.99323063]],[[9.86376107,56.99323063],[9.86375886,56.99323303]],[[9.86375886,56.99323303],[9.86375663,56.99323545]],[[9.86375663,56.99323545],[9.86375441,56.99323785]],[[9.86375441,56.99323785],[9.8637522,56.99324026]],[[9.8637522,56.99324026],[9.86374999,56.99324267]],[[9.86374999,56.99324267],[9.86374777,56.99324507]],[[9.86374777,56.99324507],[9.86374558,56.99324749]],[[9.86374558,56.99324749],[9.86374336,56.99324989]],[[9.86374336,56.99324989],[9.86373974,56.99325386]],[[9.86373974,56.99325386],[9.86373613,56.99325782]],[[9.86373613,56.99325782],[9.86373253,56.99326179]],[[9.86373253,56.99326179],[9.86372892,56.99326575]],[[9.86372892,56.99326575],[9.86372534,56.99326972]],[[9.86372534,56.99326972],[9.86372176,56.99327369]],[[9.86372176,56.99327369],[9.86371819,56.99327767]],[[9.86371819,56.99327767],[9.86371462,56.99328164]],[[9.86371462,56.99328164],[9.86371107,56.99328562]],[[9.86371107,56.99328562],[9.86370753,56.99328961]],[[9.86370753,56.99328961],[9.863704,56.99329359]],[[9.863704,56.99329359],[9.86370048,56.99329757]],[[9.86370048,56.99329757],[9.86369696,56.99330157]],[[9.86369696,56.99330157],[9.86369346,56.99330556]],[[9.86369346,56.99330556],[9.86368997,56.99330956]],[[9.86368997,56.99330956],[9.86368648,56.99331355]],[[9.86368648,56.99331355],[9.86368303,56.99331755]],[[9.86368303,56.99331755],[9.86367958,56.99332156]],[[9.86367958,56.99332156],[9.86367612,56.99332557]],[[9.86367612,56.99332557],[9.8636727,56.99332958]],[[9.8636727,56.99332958],[9.86366928,56.9933336]],[[9.86366928,56.9933336],[9.86366588,56.99333761]],[[9.86366588,56.99333761],[9.86366249,56.99334163]],[[9.86366249,56.99334163],[9.86365912,56.99334566]],[[9.86365912,56.99334566],[9.86365577,56.99334969]],[[9.86365577,56.99334969],[9.86365241,56.99335373]],[[9.86365241,56.99335373],[9.86364909,56.99335777]],[[9.86364909,56.99335777],[9.86364577,56.9933618]],[[9.86364577,56.9933618],[9.86364248,56.99336585]],[[9.86364248,56.99336585],[9.86363919,56.9933699]],[[9.86363919,56.9933699],[9.86363594,56.99337395]],[[9.86363594,56.99337395],[9.86363268,56.99337801]],[[9.86363268,56.99337801],[9.86362946,56.99338206]],[[9.86362946,56.99338206],[9.86362623,56.99338613]],[[9.86362623,56.99338613],[9.86362304,56.9933902]],[[9.86362304,56.9933902],[9.86361987,56.99339427]],[[9.86361987,56.99339427],[9.86361671,56.99339835]],[[9.86361671,56.99339835],[9.86361357,56.99340243]],[[9.86361357,56.99340243],[9.86361045,56.99340651]],[[9.86361045,56.99340651],[9.86360736,56.9934106]],[[9.86360736,56.9934106],[9.86360426,56.9934147]],[[9.86360426,56.9934147],[9.86360121,56.99341881]],[[9.86360121,56.99341881],[9.86359816,56.99342291]],[[9.86359816,56.99342291],[9.86359515,56.99342702]],[[9.86359515,56.99342702],[9.86359216,56.99343112]],[[9.86359216,56.99343112],[9.86358918,56.99343524]],[[9.86358918,56.99343524],[9.86358622,56.99343937]],[[9.86358622,56.99343937],[9.8635833,56.9934435]],[[9.8635833,56.9934435],[9.86358039,56.99344763]],[[9.86358039,56.99344763],[9.86357751,56.99345176]],[[9.86357751,56.99345176],[9.86357465,56.99345591]],[[9.86357465,56.99345591],[9.8635718,56.99346005]],[[9.8635718,56.99346005],[9.86356899,56.99346421]],[[9.86356899,56.99346421],[9.86356621,56.99346836]],[[9.86356621,56.99346836],[9.86356345,56.99347253]],[[9.86356345,56.99347253],[9.8635607,56.99347669]],[[9.8635607,56.99347669],[9.86355799,56.99348086]],[[9.86355799,56.99348086],[9.86355531,56.99348504]],[[9.86355531,56.99348504],[9.86355264,56.99348922]],[[9.86355264,56.99348922],[9.86355001,56.99349341]],[[9.86355001,56.99349341],[9.8635474,56.9934976]],[[9.8635474,56.9934976],[9.86354482,56.9935018]],[[9.86354482,56.9935018],[9.86354227,56.993506]],[[9.86354227,56.993506],[9.86353975,56.99351021]],[[9.86353975,56.99351021],[9.86353725,56.99351442]],[[9.86353725,56.99351442],[9.86353478,56.99351864]],[[9.86353478,56.99351864],[9.86353235,56.99352286]],[[9.86353235,56.99352286],[9.86352995,56.99352709]],[[9.86352995,56.99352709],[9.86352756,56.99353132]],[[9.86352756,56.99353132],[9.86352523,56.99353555]],[[9.86352523,56.99353555],[9.86352291,56.9935398]],[[9.86352291,56.9935398],[9.86352062,56.99354404]],[[9.86352062,56.99354404],[9.86351837,56.9935483]],[[9.86351837,56.9935483],[9.86351615,56.99355256]],[[9.86351615,56.99355256],[9.86351396,56.99355682]],[[9.86351396,56.99355682],[9.86351181,56.99356109]],[[9.86351181,56.99356109],[9.86350969,56.99356536]],[[9.86350969,56.99356536],[9.8635076,56.99356964]],[[9.8635076,56.99356964],[9.86350554,56.99357392]],[[9.86350554,56.99357392],[9.86350352,56.9935782]],[[9.86350352,56.9935782],[9.86350153,56.9935825]],[[9.86350153,56.9935825],[9.86349959,56.99358679]],[[9.86349959,56.99358679],[9.86349959,56.99358679]],[[9.86349959,56.99358679],[9.86349908,56.99358791]],[[9.86349908,56.99358791],[9.86349858,56.99358904]],[[9.86349858,56.99358904],[9.86349808,56.99359015]],[[9.86349808,56.99359015],[9.86349758,56.99359127]],[[9.86349758,56.99359127],[9.8634971,56.99359239]],[[9.8634971,56.99359239],[9.8634966,56.99359352]],[[9.8634966,56.99359352],[9.86349612,56.99359464]],[[9.86349612,56.99359464],[9.86349564,56.99359576]],[[9.86349564,56.99359576],[9.86349514,56.99359688]],[[9.86349514,56.99359688],[9.86349468,56.99359799]],[[9.86349468,56.99359799],[9.8634942,56.99359913]],[[9.8634942,56.99359913],[9.86349372,56.99360025]],[[9.86349372,56.99360025],[9.86349325,56.99360137]],[[9.86349325,56.99360137],[9.86349277,56.99360249]],[[9.86349277,56.99360249],[9.86349231,56.99360361]],[[9.86349231,56.99360361],[9.86349184,56.99360474]],[[9.86349184,56.99360474],[9.86349139,56.99360586]],[[9.86349139,56.99360586],[9.86349093,56.99360699]],[[9.86349093,56.99360699],[9.86349046,56.99360811]],[[9.86349046,56.99360811],[9.86349001,56.99360923]],[[9.86349001,56.99360923],[9.86348957,56.99361036]],[[9.86348957,56.99361036],[9.86348912,56.99361149]],[[9.86348912,56.99361149],[9.86348867,56.99361262]],[[9.86348867,56.99361262],[9.86348824,56.99361374]],[[9.86348824,56.99361374],[9.86348779,56.99361487]],[[9.86348779,56.99361487],[9.86348736,56.99361599]],[[9.86348736,56.99361599],[9.86348693,56.99361712]],[[9.86348693,56.99361712],[9.86348649,56.99361824]],[[9.86348649,56.99361824],[9.86348606,56.99361938]],[[9.86348606,56.99361938],[9.86348563,56.99362051]],[[9.86348563,56.99362051],[9.86348521,56.99362164]],[[9.86348521,56.99362164],[9.8634848,56.99362276]],[[9.8634848,56.99362276],[9.86348438,56.99362389]],[[9.86348438,56.99362389],[9.86348397,56.99362502]],[[9.86348397,56.99362502],[9.86348355,56.99362615]],[[9.86348355,56.99362615],[9.86348315,56.99362728]],[[9.86348315,56.99362728],[9.86348274,56.99362842]],[[9.86348274,56.99362842],[9.86348234,56.99362955]],[[9.86348234,56.99362955],[9.86348194,56.99363068]],[[9.86348194,56.99363068],[9.86348154,56.99363181]],[[9.86348154,56.99363181],[9.86348116,56.99363294]],[[9.86348116,56.99363294],[9.86348076,56.99363407]],[[9.86348076,56.99363407],[9.86348038,56.9936352]],[[9.86348038,56.9936352],[9.86347999,56.99363633]],[[9.86347999,56.99363633],[9.86347961,56.99363747]],[[9.86347961,56.99363747],[9.86347925,56.9936386]],[[9.86347925,56.9936386],[9.86347886,56.99363973]],[[9.86347886,56.99363973],[9.8634785,56.99364087]],[[9.8634785,56.99364087],[9.86347813,56.99364201]],[[9.86347813,56.99364201],[9.86347776,56.99364314]],[[9.86347776,56.99364314],[9.8634774,56.99364428]],[[9.8634774,56.99364428],[9.86347705,56.99364541]],[[9.86347705,56.99364541],[9.8634767,56.99364655]],[[9.8634767,56.99364655],[9.86347635,56.99364768]],[[9.86347635,56.99364768],[9.863476,56.99364882]],[[9.863476,56.99364882],[9.86347565,56.99364996]],[[9.86347565,56.99364996],[9.86347532,56.99365109]],[[9.86347532,56.99365109],[9.86347498,56.99365223]],[[9.86347498,56.99365223],[9.86347465,56.99365337]],[[9.86347465,56.99365337],[9.86347432,56.9936545]],[[9.86347432,56.9936545],[9.86347398,56.99365564]],[[9.86347398,56.99365564],[9.86347367,56.99365678]],[[9.86347367,56.99365678],[9.86347335,56.99365792]],[[9.86347335,56.99365792],[9.86347303,56.99365906]],[[9.86347303,56.99365906],[9.86347272,56.9936602]],[[9.86347272,56.9936602],[9.8634724,56.99366134]],[[9.8634724,56.99366134],[9.8634721,56.99366247]],[[9.8634721,56.99366247],[9.8634718,56.99366361]],[[9.8634718,56.99366361],[9.8634715,56.99366476]],[[9.8634715,56.99366476],[9.8634712,56.9936659]],[[9.8634712,56.9936659],[9.86347092,56.99366704]],[[9.86347092,56.99366704],[9.86347063,56.99366818]],[[9.86347063,56.99366818],[9.86347035,56.99366932]],[[9.86347035,56.99366932],[9.86347006,56.99367046]],[[9.86347006,56.99367046],[9.86346978,56.9936716]],[[9.86346978,56.9936716],[9.86346951,56.99367275]],[[9.86346951,56.99367275],[9.86346925,56.99367389]],[[9.86346925,56.99367389],[9.86346898,56.99367503]],[[9.86346898,56.99367503],[9.86346871,56.99367618]],[[9.86346871,56.99367618],[9.86346846,56.99367732]],[[9.86346846,56.99367732],[9.86346821,56.99367846]],[[9.86346821,56.99367846],[9.86346796,56.99367961]],[[9.86346796,56.99367961],[9.86346061,56.99373262]],[[9.86346061,56.99373262],[9.86346148,56.99378579]],[[9.86346148,56.99378579],[9.8634706,56.99383873]],[[9.8634706,56.99383873],[9.86348786,56.99389105]],[[9.86348786,56.99389105],[9.86351318,56.9939424]],[[9.86351318,56.9939424],[9.86354636,56.99399239]],[[9.86354636,56.99399239],[9.86358715,56.99404067]],[[9.86358715,56.99404067],[9.86363527,56.9940869]],[[9.86363527,56.9940869],[9.86369039,56.99413075]],[[9.86369039,56.99413075],[9.86375209,56.99417189]],[[9.86375209,56.99417189],[9.86381993,56.99421004]],[[9.86381993,56.99421004],[9.86389344,56.99424492]],[[9.86389344,56.99424492],[9.86397211,56.9942763]],[[9.86397211,56.9942763],[9.86405534,56.99430392]],[[9.86405534,56.99430392],[9.86414253,56.99432761]],[[9.86414253,56.99432761],[9.8642331,56.9943472]],[[9.8642331,56.9943472],[9.86432638,56.99436253]],[[9.86432638,56.99436253],[9.86442168,56.99437352]],[[9.86442168,56.99437352],[9.86451837,56.99438006]],[[9.86451837,56.99438006],[9.8646157,56.99438211]],[[9.8646157,56.99438211],[9.86471301,56.99437968]],[[9.86471301,56.99437968],[9.86480959,56.99437277]],[[9.86480959,56.99437277],[9.86490476,56.99436142]],[[9.86490476,56.99436142],[9.86499785,56.99434573]],[[9.86499785,56.99434573],[9.86500466,56.99434439]],[[9.86500466,56.99434439],[9.86501146,56.99434302]],[[9.86501146,56.99434302],[9.86501826,56.99434164]],[[9.86501826,56.99434164],[9.86502503,56.99434023]],[[9.86502503,56.99434023],[9.8650318,56.9943388]],[[9.8650318,56.9943388],[9.86503853,56.99433736]],[[9.86503853,56.99433736],[9.86504526,56.99433588]],[[9.86504526,56.99433588],[9.86505197,56.99433439]],[[9.86505197,56.99433439],[9.86505867,56.99433288]],[[9.86505867,56.99433288],[9.86506535,56.99433134]],[[9.86506535,56.99433134],[9.86507201,56.99432979]],[[9.86507201,56.99432979],[9.86507866,56.99432821]],[[9.86507866,56.99432821],[9.86508529,56.99432662]],[[9.86508529,56.99432662],[9.86509191,56.994325]],[[9.86509191,56.994325],[9.86509852,56.99432338]],[[9.86509852,56.99432338],[9.86510511,56.99432172]],[[9.86510511,56.99432172],[9.86511168,56.99432006]],[[9.86511168,56.99432006],[9.86511823,56.99431837]],[[9.86511823,56.99431837],[9.86512477,56.99431667]],[[9.86512477,56.99431667],[9.86513129,56.99431494]],[[9.86513129,56.99431494],[9.86513781,56.99431321]],[[9.86513781,56.99431321],[9.8651443,56.99431146]],[[9.8651443,56.99431146],[9.86515079,56.99430968]],[[9.86515079,56.99430968],[9.86515724,56.99430789]],[[9.86515724,56.99430789],[9.8651637,56.9943061]],[[9.8651637,56.9943061],[9.86517014,56.99430427]],[[9.86517014,56.99430427],[9.86517656,56.99430245]],[[9.86517656,56.99430245],[9.86518297,56.99430059]],[[9.86518297,56.99430059],[9.86518936,56.99429873]],[[9.86518936,56.99429873],[9.86519573,56.99429685]],[[9.86519573,56.99429685],[9.86520211,56.99429497]],[[9.86520211,56.99429497],[9.86520847,56.99429306]],[[9.86520847,56.99429306],[9.86521481,56.99429115]],[[9.86521481,56.99429115],[9.86522113,56.99428921]],[[9.86522113,56.99428921],[9.86522744,56.99428727]],[[9.86522744,56.99428727],[9.86523375,56.99428532]],[[9.86523375,56.99428532],[9.86524002,56.99428335]],[[9.86524002,56.99428335],[9.8652463,56.99428137]],[[9.8652463,56.99428137],[9.86525256,56.99427938]],[[9.86525256,56.99427938],[9.86525882,56.99427737]],[[9.86525882,56.99427737],[9.86526506,56.99427537]],[[9.86526506,56.99427537],[9.86527129,56.99427334]],[[9.86527129,56.99427334],[9.8652775,56.9942713]],[[9.8652775,56.9942713],[9.86528371,56.99426926]],[[9.86528371,56.99426926],[9.8652899,56.99426721]],[[9.8652899,56.99426721],[9.86529608,56.99426515]],[[9.86529608,56.99426515],[9.86530226,56.99426307]],[[9.86530226,56.99426307],[9.86530842,56.99426099]],[[9.86530842,56.99426099],[9.86531456,56.9942589]],[[9.86531456,56.9942589],[9.86532071,56.99425679]],[[9.86532071,56.99425679],[9.86532685,56.99425469]],[[9.86532685,56.99425469],[9.86533296,56.99425258]],[[9.86533296,56.99425258],[9.86533909,56.99425046]],[[9.86533909,56.99425046],[9.86534519,56.99424832]],[[9.86534519,56.99424832],[9.86535128,56.99424619]],[[9.86535128,56.99424619],[9.86535738,56.99424404]],[[9.86535738,56.99424404],[9.86536345,56.99424189]],[[9.86536345,56.99424189],[9.86536953,56.99423973]],[[9.86536953,56.99423973],[9.8653756,56.99423756]],[[9.8653756,56.99423756],[9.86538166,56.9942354]],[[9.86538166,56.9942354],[9.86538772,56.99423322]],[[9.86538772,56.99423322],[9.86539377,56.99423104]],[[9.86539377,56.99423104],[9.8653998,56.99422885]],[[9.8653998,56.99422885],[9.86540584,56.99422667]],[[9.86540584,56.99422667],[9.86541187,56.99422447]],[[9.86541187,56.99422447],[9.86541789,56.99422227]],[[9.86541789,56.99422227],[9.86542391,56.99422007]],[[9.86542391,56.99422007],[9.86542993,56.99421786]],[[9.86542993,56.99421786],[9.86543594,56.99421565]],[[9.86543594,56.99421565],[9.86544194,56.99421343]],[[9.86544194,56.99421343],[9.86544795,56.99421121]],[[9.86544795,56.99421121],[9.86545395,56.99420899]],[[9.86545395,56.99420899],[9.86545994,56.99420677]],[[9.86545994,56.99420677],[9.86546593,56.99420455]],[[9.86546593,56.99420455],[9.86547192,56.99420232]],[[9.86547192,56.99420232],[9.8654779,56.99420009]],[[9.8654779,56.99420009],[9.8654839,56.99419786]],[[9.8654839,56.99419786],[9.86548988,56.99419563]],[[9.86548988,56.99419563],[9.86549586,56.9941934]],[[9.86549586,56.9941934],[9.86550184,56.99419117]],[[9.86550184,56.99419117],[9.86550784,56.99418894]],[[9.86550784,56.99418894],[9.86551382,56.99418671]],[[9.86551382,56.99418671],[9.86551382,56.99418671]],[[9.86551382,56.99418671],[9.86681614,56.9937004]],[[9.86589293,56.99116951],[9.86596283,56.99119318]],[[9.86683937,56.99371893],[9.86679291,56.99368187]],[[9.86364185,56.99331259],[9.86371631,56.99333167]],[[9.8652643,56.99174827],[9.86530658,56.99176216]],[[9.865246,56.99429701],[9.86522152,56.99427362]],[[9.8652643,56.99174827],[9.86530658,56.99176216]],[[9.86443436,56.99252405],[9.86447739,56.99253726]],[[9.8637201,56.9941724],[9.86375751,56.99415483]],[[9.865246,56.99429701],[9.86522152,56.99427362]],[[9.8666105,56.99379351],[9.86658262,56.99377128]]]},"properties":{"id":"official-design-centerlines","name":"Officielle projektlinjer · fase 3 (2025)","kind":"design-centerlines","confidence":"official-design-snapshot","sourceFeatureId":"vvm_e9095_analysedata_linje_projekt_fase_3.10063739","sourceUpdatedAt":"2025-06-11 11:52","sourceFile":"E9095_PRJ_forslag1_f3","sourceUrl":"https://geocloud.vd.dk/geo/vvm/ows","note":"Includes project road centerlines, ramps and local details; not solely the motorway axis. A dated design snapshot, not a survey or the latest 2026 design.","sourceGeometryValid":false,"invalidGeometryComponents":[{"index":521,"bbox":[9.85734806,57.06204517,9.85734806,57.06204517],"reason":"Too few points in geometry component[9.85734806 57.06204517]"},{"index":889,"bbox":[9.88584727,57.08552357,9.88584727,57.08552357],"reason":"Too few points in geometry component[9.88584727 57.08552357]"},{"index":1057,"bbox":[9.88803618,57.08585826,9.88803618,57.08585826],"reason":"Too few points in geometry component[9.88803618 57.08585826]"},{"index":1234,"bbox":[9.88127309,56.97541202,9.88127309,56.97541202],"reason":"Too few points in geometry component[9.88127309 56.97541202]"},{"index":1404,"bbox":[9.88168247,56.97796079,9.88168247,56.97796079],"reason":"Too few points in geometry component[9.88168247 56.97796079]"},{"index":1501,"bbox":[9.85735845,57.00557758,9.85735845,57.00557758],"reason":"Too few points in geometry component[9.85735845 57.00557758]"},{"index":1672,"bbox":[9.86198063,57.0053114,9.86198063,57.0053114],"reason":"Too few points in geometry component[9.86198063 57.0053114]"},{"index":1840,"bbox":[9.86324418,57.00541855,9.86324418,57.00541855],"reason":"Too few points in geometry component[9.86324418 57.00541855]"},{"index":2033,"bbox":[9.85797784,57.03913008,9.85797784,57.03913008],"reason":"Too few points in geometry component[9.85797784 57.03913008]"},{"index":2312,"bbox":[9.86381274,57.06772759,9.86381274,57.06772759],"reason":"Too few points in geometry component[9.86381274 57.06772759]"},{"index":2480,"bbox":[9.86474605,57.06717484,9.86474605,57.06717484],"reason":"Too few points in geometry component[9.86474605 57.06717484]"},{"index":2482,"bbox":[9.86526563,57.06694616,9.86526563,57.06694616],"reason":"Too few points in geometry component[9.86526563 57.06694616]"},{"index":2651,"bbox":[9.86699625,57.06647005,9.86699625,57.06647005],"reason":"Too few points in geometry component[9.86699625 57.06647005]"},{"index":2743,"bbox":[9.86249525,57.01320078,9.86249525,57.01320078],"reason":"Too few points in geometry component[9.86249525 57.01320078]"},{"index":2840,"bbox":[9.83738083,57.03623782,9.83738083,57.03623782],"reason":"Too few points in geometry component[9.83738083 57.03623782]"},{"index":3008,"bbox":[9.84167623,57.03649111,9.84167623,57.03649111],"reason":"Too few points in geometry component[9.84167623 57.03649111]"},{"index":3187,"bbox":[9.85570876,57.04137679,9.85570876,57.04137679],"reason":"Too few points in geometry component[9.85570876 57.04137679]"},{"index":3362,"bbox":[9.86046119,57.04341594,9.86046119,57.04341594],"reason":"Too few points in geometry component[9.86046119 57.04341594]"},{"index":3533,"bbox":[9.86449288,57.0445938,9.86449288,57.0445938],"reason":"Too few points in geometry component[9.86449288 57.0445938]"},{"index":3726,"bbox":[9.87523438,56.97243227,9.87523438,56.97243227],"reason":"Too few points in geometry component[9.87523438 56.97243227]"},{"index":3728,"bbox":[9.8784182,56.97099965,9.8784182,56.97099965],"reason":"Too few points in geometry component[9.8784182 56.97099965]"},{"index":3898,"bbox":[9.88048763,56.97057493,9.88048763,56.97057493],"reason":"Too few points in geometry component[9.88048763 56.97057493]"},{"index":4077,"bbox":[9.86411767,56.99154737,9.86411767,56.99154737],"reason":"Too few points in geometry component[9.86411767 56.99154737]"},{"index":4119,"bbox":[9.87856206,56.97448451,9.87856206,56.97448451],"reason":"Too few points in geometry component[9.87856206 56.97448451]"},{"index":4757,"bbox":[9.86274857,57.06560386,9.86274857,57.06560386],"reason":"Too few points in geometry component[9.86274857 57.06560386]"},{"index":4759,"bbox":[9.89079913,57.08449586,9.89079913,57.08449586],"reason":"Too few points in geometry component[9.89079913 57.08449586]"},{"index":4927,"bbox":[9.91628625,57.09749611,9.91628625,57.09749611],"reason":"Too few points in geometry component[9.91628625 57.09749611]"},{"index":5193,"bbox":[9.94342776,57.12102351,9.94342776,57.12102351],"reason":"Too few points in geometry component[9.94342776 57.12102351]"},{"index":5459,"bbox":[9.87906916,56.97252987,9.87906916,56.97252987],"reason":"Too few points in geometry component[9.87906916 56.97252987]"},{"index":5461,"bbox":[9.87908202,56.97254449,9.87908202,56.97254449],"reason":"Too few points in geometry component[9.87908202 56.97254449]"},{"index":6156,"bbox":[9.91272113,57.09968553,9.91272113,57.09968553],"reason":"Too few points in geometry component[9.91272113 57.09968553]"},{"index":6327,"bbox":[9.91410726,57.09987566,9.91410726,57.09987566],"reason":"Too few points in geometry component[9.91410726 57.09987566]"},{"index":6503,"bbox":[9.91555962,57.10033623,9.91555962,57.10033623],"reason":"Too few points in geometry component[9.91555962 57.10033623]"},{"index":6678,"bbox":[9.91421405,57.09355174,9.91421405,57.09355174],"reason":"Too few points in geometry component[9.91421405 57.09355174]"},{"index":6680,"bbox":[9.91504283,57.09405505,9.91504283,57.09405505],"reason":"Too few points in geometry component[9.91504283 57.09405505]"},{"index":6830,"bbox":[9.87962249,56.98043306,9.87962249,56.98043306],"reason":"Too few points in geometry component[9.87962249 56.98043306]"},{"index":6831,"bbox":[9.87962249,56.98043306,9.87962249,56.98043306],"reason":"Too few points in geometry component[9.87962249 56.98043306]"},{"index":6832,"bbox":[9.87962249,56.98043306,9.87962249,56.98043306],"reason":"Too few points in geometry component[9.87962249 56.98043306]"},{"index":6833,"bbox":[9.87962249,56.98043306,9.87962249,56.98043306],"reason":"Too few points in geometry component[9.87962249 56.98043306]"},{"index":6834,"bbox":[9.87962249,56.98043306,9.87962249,56.98043306],"reason":"Too few points in geometry component[9.87962249 56.98043306]"},{"index":6835,"bbox":[9.87962249,56.98043306,9.87962249,56.98043306],"reason":"Too few points in geometry component[9.87962249 56.98043306]"},{"index":6836,"bbox":[9.87962249,56.98043306,9.87962249,56.98043306],"reason":"Too few points in geometry component[9.87962249 56.98043306]"},{"index":6837,"bbox":[9.87962249,56.98043306,9.87962249,56.98043306],"reason":"Too few points in geometry component[9.87962249 56.98043306]"},{"index":6838,"bbox":[9.87962249,56.98043306,9.87962249,56.98043306],"reason":"Too few points in geometry component[9.87962249 56.98043306]"},{"index":6839,"bbox":[9.87962249,56.98043306,9.87962249,56.98043306],"reason":"Too few points in geometry component[9.87962249 56.98043306]"},{"index":6840,"bbox":[9.87962249,56.98043306,9.87962249,56.98043306],"reason":"Too few points in geometry component[9.87962249 56.98043306]"},{"index":6841,"bbox":[9.87962249,56.98043306,9.87962249,56.98043306],"reason":"Too few points in geometry component[9.87962249 56.98043306]"},{"index":6842,"bbox":[9.87962249,56.98043306,9.87962249,56.98043306],"reason":"Too few points in geometry component[9.87962249 56.98043306]"},{"index":6843,"bbox":[9.87962249,56.98043306,9.87962249,56.98043306],"reason":"Too few points in geometry component[9.87962249 56.98043306]"},{"index":6844,"bbox":[9.87962249,56.98043306,9.87962249,56.98043306],"reason":"Too few points in geometry component[9.87962249 56.98043306]"},{"index":6845,"bbox":[9.87962249,56.98043306,9.87962249,56.98043306],"reason":"Too few points in geometry component[9.87962249 56.98043306]"},{"index":6846,"bbox":[9.87962249,56.98043306,9.87962249,56.98043306],"reason":"Too few points in geometry component[9.87962249 56.98043306]"},{"index":6847,"bbox":[9.87962249,56.98043306,9.87962249,56.98043306],"reason":"Too few points in geometry component[9.87962249 56.98043306]"},{"index":6848,"bbox":[9.87962249,56.98043306,9.87962249,56.98043306],"reason":"Too few points in geometry component[9.87962249 56.98043306]"},{"index":6849,"bbox":[9.87962249,56.98043306,9.87962249,56.98043306],"reason":"Too few points in geometry component[9.87962249 56.98043306]"},{"index":6850,"bbox":[9.87962249,56.98043306,9.87962249,56.98043306],"reason":"Too few points in geometry component[9.87962249 56.98043306]"},{"index":6851,"bbox":[9.87962249,56.98043306,9.87962249,56.98043306],"reason":"Too few points in geometry component[9.87962249 56.98043306]"},{"index":6853,"bbox":[9.87962249,56.98043307,9.87962249,56.98043307],"reason":"Too few points in geometry component[9.87962249 56.98043307]"},{"index":6854,"bbox":[9.87962249,56.98043307,9.87962249,56.98043307],"reason":"Too few points in geometry component[9.87962249 56.98043307]"},{"index":6855,"bbox":[9.87962249,56.98043307,9.87962249,56.98043307],"reason":"Too few points in geometry component[9.87962249 56.98043307]"},{"index":6856,"bbox":[9.87962249,56.98043307,9.87962249,56.98043307],"reason":"Too few points in geometry component[9.87962249 56.98043307]"},{"index":6857,"bbox":[9.87962249,56.98043307,9.87962249,56.98043307],"reason":"Too few points in geometry component[9.87962249 56.98043307]"},{"index":6858,"bbox":[9.87962249,56.98043307,9.87962249,56.98043307],"reason":"Too few points in geometry component[9.87962249 56.98043307]"},{"index":6859,"bbox":[9.87962249,56.98043307,9.87962249,56.98043307],"reason":"Too few points in geometry component[9.87962249 56.98043307]"},{"index":6860,"bbox":[9.87962249,56.98043307,9.87962249,56.98043307],"reason":"Too few points in geometry component[9.87962249 56.98043307]"},{"index":6861,"bbox":[9.87962249,56.98043307,9.87962249,56.98043307],"reason":"Too few points in geometry component[9.87962249 56.98043307]"},{"index":6862,"bbox":[9.87962249,56.98043307,9.87962249,56.98043307],"reason":"Too few points in geometry component[9.87962249 56.98043307]"},{"index":6863,"bbox":[9.87962249,56.98043307,9.87962249,56.98043307],"reason":"Too few points in geometry component[9.87962249 56.98043307]"},{"index":6864,"bbox":[9.87962249,56.98043307,9.87962249,56.98043307],"reason":"Too few points in geometry component[9.87962249 56.98043307]"},{"index":6865,"bbox":[9.87962249,56.98043307,9.87962249,56.98043307],"reason":"Too few points in geometry component[9.87962249 56.98043307]"},{"index":6866,"bbox":[9.87962249,56.98043307,9.87962249,56.98043307],"reason":"Too few points in geometry component[9.87962249 56.98043307]"},{"index":6867,"bbox":[9.87962249,56.98043307,9.87962249,56.98043307],"reason":"Too few points in geometry component[9.87962249 56.98043307]"},{"index":6868,"bbox":[9.87962249,56.98043307,9.87962249,56.98043307],"reason":"Too few points in geometry component[9.87962249 56.98043307]"},{"index":6869,"bbox":[9.87962249,56.98043307,9.87962249,56.98043307],"reason":"Too few points in geometry component[9.87962249 56.98043307]"},{"index":6870,"bbox":[9.87962249,56.98043307,9.87962249,56.98043307],"reason":"Too few points in geometry component[9.87962249 56.98043307]"},{"index":6871,"bbox":[9.87962249,56.98043307,9.87962249,56.98043307],"reason":"Too few points in geometry component[9.87962249 56.98043307]"},{"index":6872,"bbox":[9.87962249,56.98043307,9.87962249,56.98043307],"reason":"Too few points in geometry component[9.87962249 56.98043307]"},{"index":6873,"bbox":[9.87962249,56.98043307,9.87962249,56.98043307],"reason":"Too few points in geometry component[9.87962249 56.98043307]"},{"index":6874,"bbox":[9.87962249,56.98043307,9.87962249,56.98043307],"reason":"Too few points in geometry component[9.87962249 56.98043307]"},{"index":6875,"bbox":[9.87962249,56.98043307,9.87962249,56.98043307],"reason":"Too few points in geometry component[9.87962249 56.98043307]"},{"index":6876,"bbox":[9.87962249,56.98043307,9.87962249,56.98043307],"reason":"Too few points in geometry component[9.87962249 56.98043307]"},{"index":6877,"bbox":[9.87962249,56.98043307,9.87962249,56.98043307],"reason":"Too few points in geometry component[9.87962249 56.98043307]"},{"index":6878,"bbox":[9.87962249,56.98043307,9.87962249,56.98043307],"reason":"Too few points in geometry component[9.87962249 56.98043307]"},{"index":6879,"bbox":[9.87962249,56.98043307,9.87962249,56.98043307],"reason":"Too few points in geometry component[9.87962249 56.98043307]"},{"index":6880,"bbox":[9.87962249,56.98043307,9.87962249,56.98043307],"reason":"Too few points in geometry component[9.87962249 56.98043307]"},{"index":6881,"bbox":[9.87962249,56.98043307,9.87962249,56.98043307],"reason":"Too few points in geometry component[9.87962249 56.98043307]"},{"index":6882,"bbox":[9.87962249,56.98043307,9.87962249,56.98043307],"reason":"Too few points in geometry component[9.87962249 56.98043307]"},{"index":6883,"bbox":[9.87962249,56.98043307,9.87962249,56.98043307],"reason":"Too few points in geometry component[9.87962249 56.98043307]"},{"index":6884,"bbox":[9.87962249,56.98043307,9.87962249,56.98043307],"reason":"Too few points in geometry component[9.87962249 56.98043307]"},{"index":6885,"bbox":[9.87962249,56.98043307,9.87962249,56.98043307],"reason":"Too few points in geometry component[9.87962249 56.98043307]"},{"index":6886,"bbox":[9.87962249,56.98043307,9.87962249,56.98043307],"reason":"Too few points in geometry component[9.87962249 56.98043307]"},{"index":6887,"bbox":[9.87962249,56.98043307,9.87962249,56.98043307],"reason":"Too few points in geometry component[9.87962249 56.98043307]"},{"index":6888,"bbox":[9.87962249,56.98043307,9.87962249,56.98043307],"reason":"Too few points in geometry component[9.87962249 56.98043307]"},{"index":6889,"bbox":[9.87962249,56.98043307,9.87962249,56.98043307],"reason":"Too few points in geometry component[9.87962249 56.98043307]"},{"index":6890,"bbox":[9.87962249,56.98043307,9.87962249,56.98043307],"reason":"Too few points in geometry component[9.87962249 56.98043307]"},{"index":6891,"bbox":[9.87962249,56.98043307,9.87962249,56.98043307],"reason":"Too few points in geometry component[9.87962249 56.98043307]"},{"index":6892,"bbox":[9.87962249,56.98043307,9.87962249,56.98043307],"reason":"Too few points in geometry component[9.87962249 56.98043307]"},{"index":6893,"bbox":[9.87962249,56.98043307,9.87962249,56.98043307],"reason":"Too few points in geometry component[9.87962249 56.98043307]"},{"index":6894,"bbox":[9.87962249,56.98043307,9.87962249,56.98043307],"reason":"Too few points in geometry component[9.87962249 56.98043307]"},{"index":6895,"bbox":[9.87962249,56.98043307,9.87962249,56.98043307],"reason":"Too few points in geometry component[9.87962249 56.98043307]"},{"index":6896,"bbox":[9.87962249,56.98043307,9.87962249,56.98043307],"reason":"Too few points in geometry component[9.87962249 56.98043307]"},{"index":6897,"bbox":[9.87962249,56.98043307,9.87962249,56.98043307],"reason":"Too few points in geometry component[9.87962249 56.98043307]"},{"index":6898,"bbox":[9.87962249,56.98043307,9.87962249,56.98043307],"reason":"Too few points in geometry component[9.87962249 56.98043307]"},{"index":6899,"bbox":[9.87962249,56.98043307,9.87962249,56.98043307],"reason":"Too few points in geometry component[9.87962249 56.98043307]"},{"index":6900,"bbox":[9.87962249,56.98043307,9.87962249,56.98043307],"reason":"Too few points in geometry component[9.87962249 56.98043307]"},{"index":6901,"bbox":[9.87962249,56.98043307,9.87962249,56.98043307],"reason":"Too few points in geometry component[9.87962249 56.98043307]"},{"index":6902,"bbox":[9.87962249,56.98043307,9.87962249,56.98043307],"reason":"Too few points in geometry component[9.87962249 56.98043307]"},{"index":6903,"bbox":[9.87962249,56.98043307,9.87962249,56.98043307],"reason":"Too few points in geometry component[9.87962249 56.98043307]"},{"index":6904,"bbox":[9.87962249,56.98043307,9.87962249,56.98043307],"reason":"Too few points in geometry component[9.87962249 56.98043307]"},{"index":6905,"bbox":[9.87962249,56.98043307,9.87962249,56.98043307],"reason":"Too few points in geometry component[9.87962249 56.98043307]"},{"index":6906,"bbox":[9.87962249,56.98043307,9.87962249,56.98043307],"reason":"Too few points in geometry component[9.87962249 56.98043307]"},{"index":6907,"bbox":[9.87962249,56.98043307,9.87962249,56.98043307],"reason":"Too few points in geometry component[9.87962249 56.98043307]"},{"index":6908,"bbox":[9.87962249,56.98043307,9.87962249,56.98043307],"reason":"Too few points in geometry component[9.87962249 56.98043307]"},{"index":6909,"bbox":[9.87962249,56.98043307,9.87962249,56.98043307],"reason":"Too few points in geometry component[9.87962249 56.98043307]"},{"index":6910,"bbox":[9.87962249,56.98043307,9.87962249,56.98043307],"reason":"Too few points in geometry component[9.87962249 56.98043307]"},{"index":6911,"bbox":[9.87962249,56.98043307,9.87962249,56.98043307],"reason":"Too few points in geometry component[9.87962249 56.98043307]"},{"index":7085,"bbox":[9.8816034,56.98335469,9.8816034,56.98335469],"reason":"Too few points in geometry component[9.8816034 56.98335469]"},{"index":7086,"bbox":[9.8816034,56.98335469,9.8816034,56.98335469],"reason":"Too few points in geometry component[9.8816034 56.98335469]"},{"index":7087,"bbox":[9.8816034,56.98335469,9.8816034,56.98335469],"reason":"Too few points in geometry component[9.8816034 56.98335469]"},{"index":7088,"bbox":[9.8816034,56.98335469,9.8816034,56.98335469],"reason":"Too few points in geometry component[9.8816034 56.98335469]"},{"index":7089,"bbox":[9.8816034,56.98335469,9.8816034,56.98335469],"reason":"Too few points in geometry component[9.8816034 56.98335469]"},{"index":7090,"bbox":[9.8816034,56.98335469,9.8816034,56.98335469],"reason":"Too few points in geometry component[9.8816034 56.98335469]"},{"index":7091,"bbox":[9.8816034,56.98335469,9.8816034,56.98335469],"reason":"Too few points in geometry component[9.8816034 56.98335469]"},{"index":7092,"bbox":[9.8816034,56.98335469,9.8816034,56.98335469],"reason":"Too few points in geometry component[9.8816034 56.98335469]"},{"index":7093,"bbox":[9.8816034,56.98335469,9.8816034,56.98335469],"reason":"Too few points in geometry component[9.8816034 56.98335469]"},{"index":7094,"bbox":[9.8816034,56.98335469,9.8816034,56.98335469],"reason":"Too few points in geometry component[9.8816034 56.98335469]"},{"index":7095,"bbox":[9.8816034,56.98335469,9.8816034,56.98335469],"reason":"Too few points in geometry component[9.8816034 56.98335469]"},{"index":7096,"bbox":[9.8816034,56.98335469,9.8816034,56.98335469],"reason":"Too few points in geometry component[9.8816034 56.98335469]"},{"index":7097,"bbox":[9.8816034,56.98335469,9.8816034,56.98335469],"reason":"Too few points in geometry component[9.8816034 56.98335469]"},{"index":7098,"bbox":[9.8816034,56.98335469,9.8816034,56.98335469],"reason":"Too few points in geometry component[9.8816034 56.98335469]"},{"index":7099,"bbox":[9.8816034,56.98335469,9.8816034,56.98335469],"reason":"Too few points in geometry component[9.8816034 56.98335469]"},{"index":7100,"bbox":[9.8816034,56.98335469,9.8816034,56.98335469],"reason":"Too few points in geometry component[9.8816034 56.98335469]"},{"index":7101,"bbox":[9.8816034,56.98335469,9.8816034,56.98335469],"reason":"Too few points in geometry component[9.8816034 56.98335469]"},{"index":7103,"bbox":[9.8816034,56.9833547,9.8816034,56.9833547],"reason":"Too few points in geometry component[9.8816034 56.9833547]"},{"index":7104,"bbox":[9.8816034,56.9833547,9.8816034,56.9833547],"reason":"Too few points in geometry component[9.8816034 56.9833547]"},{"index":7105,"bbox":[9.8816034,56.9833547,9.8816034,56.9833547],"reason":"Too few points in geometry component[9.8816034 56.9833547]"},{"index":7106,"bbox":[9.8816034,56.9833547,9.8816034,56.9833547],"reason":"Too few points in geometry component[9.8816034 56.9833547]"},{"index":7107,"bbox":[9.8816034,56.9833547,9.8816034,56.9833547],"reason":"Too few points in geometry component[9.8816034 56.9833547]"},{"index":7108,"bbox":[9.8816034,56.9833547,9.8816034,56.9833547],"reason":"Too few points in geometry component[9.8816034 56.9833547]"},{"index":7109,"bbox":[9.8816034,56.9833547,9.8816034,56.9833547],"reason":"Too few points in geometry component[9.8816034 56.9833547]"},{"index":7110,"bbox":[9.8816034,56.9833547,9.8816034,56.9833547],"reason":"Too few points in geometry component[9.8816034 56.9833547]"},{"index":7111,"bbox":[9.8816034,56.9833547,9.8816034,56.9833547],"reason":"Too few points in geometry component[9.8816034 56.9833547]"},{"index":7112,"bbox":[9.8816034,56.9833547,9.8816034,56.9833547],"reason":"Too few points in geometry component[9.8816034 56.9833547]"},{"index":7113,"bbox":[9.8816034,56.9833547,9.8816034,56.9833547],"reason":"Too few points in geometry component[9.8816034 56.9833547]"},{"index":7114,"bbox":[9.8816034,56.9833547,9.8816034,56.9833547],"reason":"Too few points in geometry component[9.8816034 56.9833547]"},{"index":7115,"bbox":[9.8816034,56.9833547,9.8816034,56.9833547],"reason":"Too few points in geometry component[9.8816034 56.9833547]"},{"index":7116,"bbox":[9.8816034,56.9833547,9.8816034,56.9833547],"reason":"Too few points in geometry component[9.8816034 56.9833547]"},{"index":7117,"bbox":[9.8816034,56.9833547,9.8816034,56.9833547],"reason":"Too few points in geometry component[9.8816034 56.9833547]"},{"index":7118,"bbox":[9.8816034,56.9833547,9.8816034,56.9833547],"reason":"Too few points in geometry component[9.8816034 56.9833547]"},{"index":7119,"bbox":[9.8816034,56.9833547,9.8816034,56.9833547],"reason":"Too few points in geometry component[9.8816034 56.9833547]"},{"index":7120,"bbox":[9.8816034,56.9833547,9.8816034,56.9833547],"reason":"Too few points in geometry component[9.8816034 56.9833547]"},{"index":7121,"bbox":[9.8816034,56.9833547,9.8816034,56.9833547],"reason":"Too few points in geometry component[9.8816034 56.9833547]"},{"index":7122,"bbox":[9.8816034,56.9833547,9.8816034,56.9833547],"reason":"Too few points in geometry component[9.8816034 56.9833547]"},{"index":7123,"bbox":[9.8816034,56.9833547,9.8816034,56.9833547],"reason":"Too few points in geometry component[9.8816034 56.9833547]"},{"index":7124,"bbox":[9.8816034,56.9833547,9.8816034,56.9833547],"reason":"Too few points in geometry component[9.8816034 56.9833547]"},{"index":7125,"bbox":[9.8816034,56.9833547,9.8816034,56.9833547],"reason":"Too few points in geometry component[9.8816034 56.9833547]"},{"index":7126,"bbox":[9.8816034,56.9833547,9.8816034,56.9833547],"reason":"Too few points in geometry component[9.8816034 56.9833547]"},{"index":7127,"bbox":[9.8816034,56.9833547,9.8816034,56.9833547],"reason":"Too few points in geometry component[9.8816034 56.9833547]"},{"index":7129,"bbox":[9.88160342,56.9833547,9.88160342,56.9833547],"reason":"Too few points in geometry component[9.88160342 56.9833547]"},{"index":7130,"bbox":[9.88160342,56.9833547,9.88160342,56.9833547],"reason":"Too few points in geometry component[9.88160342 56.9833547]"},{"index":7131,"bbox":[9.88160342,56.9833547,9.88160342,56.9833547],"reason":"Too few points in geometry component[9.88160342 56.9833547]"},{"index":7132,"bbox":[9.88160342,56.9833547,9.88160342,56.9833547],"reason":"Too few points in geometry component[9.88160342 56.9833547]"},{"index":7133,"bbox":[9.88160342,56.9833547,9.88160342,56.9833547],"reason":"Too few points in geometry component[9.88160342 56.9833547]"},{"index":7134,"bbox":[9.88160342,56.9833547,9.88160342,56.9833547],"reason":"Too few points in geometry component[9.88160342 56.9833547]"},{"index":7135,"bbox":[9.88160342,56.9833547,9.88160342,56.9833547],"reason":"Too few points in geometry component[9.88160342 56.9833547]"},{"index":7136,"bbox":[9.88160342,56.9833547,9.88160342,56.9833547],"reason":"Too few points in geometry component[9.88160342 56.9833547]"},{"index":7137,"bbox":[9.88160342,56.9833547,9.88160342,56.9833547],"reason":"Too few points in geometry component[9.88160342 56.9833547]"},{"index":7138,"bbox":[9.88160342,56.9833547,9.88160342,56.9833547],"reason":"Too few points in geometry component[9.88160342 56.9833547]"},{"index":7139,"bbox":[9.88160342,56.9833547,9.88160342,56.9833547],"reason":"Too few points in geometry component[9.88160342 56.9833547]"},{"index":7140,"bbox":[9.88160342,56.9833547,9.88160342,56.9833547],"reason":"Too few points in geometry component[9.88160342 56.9833547]"},{"index":7141,"bbox":[9.88160342,56.9833547,9.88160342,56.9833547],"reason":"Too few points in geometry component[9.88160342 56.9833547]"},{"index":7142,"bbox":[9.88160342,56.9833547,9.88160342,56.9833547],"reason":"Too few points in geometry component[9.88160342 56.9833547]"},{"index":7143,"bbox":[9.88160342,56.9833547,9.88160342,56.9833547],"reason":"Too few points in geometry component[9.88160342 56.9833547]"},{"index":7144,"bbox":[9.88160342,56.9833547,9.88160342,56.9833547],"reason":"Too few points in geometry component[9.88160342 56.9833547]"},{"index":7145,"bbox":[9.88160342,56.9833547,9.88160342,56.9833547],"reason":"Too few points in geometry component[9.88160342 56.9833547]"},{"index":7146,"bbox":[9.88160342,56.9833547,9.88160342,56.9833547],"reason":"Too few points in geometry component[9.88160342 56.9833547]"},{"index":7147,"bbox":[9.88160342,56.9833547,9.88160342,56.9833547],"reason":"Too few points in geometry component[9.88160342 56.9833547]"},{"index":7148,"bbox":[9.88160342,56.9833547,9.88160342,56.9833547],"reason":"Too few points in geometry component[9.88160342 56.9833547]"},{"index":7149,"bbox":[9.88160342,56.9833547,9.88160342,56.9833547],"reason":"Too few points in geometry component[9.88160342 56.9833547]"},{"index":7150,"bbox":[9.88160342,56.9833547,9.88160342,56.9833547],"reason":"Too few points in geometry component[9.88160342 56.9833547]"},{"index":7151,"bbox":[9.88160342,56.9833547,9.88160342,56.9833547],"reason":"Too few points in geometry component[9.88160342 56.9833547]"},{"index":7152,"bbox":[9.88160342,56.9833547,9.88160342,56.9833547],"reason":"Too few points in geometry component[9.88160342 56.9833547]"},{"index":7153,"bbox":[9.88160342,56.9833547,9.88160342,56.9833547],"reason":"Too few points in geometry component[9.88160342 56.9833547]"},{"index":7154,"bbox":[9.88160342,56.9833547,9.88160342,56.9833547],"reason":"Too few points in geometry component[9.88160342 56.9833547]"},{"index":7155,"bbox":[9.88160342,56.9833547,9.88160342,56.9833547],"reason":"Too few points in geometry component[9.88160342 56.9833547]"},{"index":7156,"bbox":[9.88160342,56.9833547,9.88160342,56.9833547],"reason":"Too few points in geometry component[9.88160342 56.9833547]"},{"index":7157,"bbox":[9.88160342,56.9833547,9.88160342,56.9833547],"reason":"Too few points in geometry component[9.88160342 56.9833547]"},{"index":7158,"bbox":[9.88160342,56.9833547,9.88160342,56.9833547],"reason":"Too few points in geometry component[9.88160342 56.9833547]"},{"index":7159,"bbox":[9.88160342,56.9833547,9.88160342,56.9833547],"reason":"Too few points in geometry component[9.88160342 56.9833547]"},{"index":7160,"bbox":[9.88160342,56.9833547,9.88160342,56.9833547],"reason":"Too few points in geometry component[9.88160342 56.9833547]"},{"index":7161,"bbox":[9.88160342,56.9833547,9.88160342,56.9833547],"reason":"Too few points in geometry component[9.88160342 56.9833547]"},{"index":7162,"bbox":[9.88160342,56.9833547,9.88160342,56.9833547],"reason":"Too few points in geometry component[9.88160342 56.9833547]"},{"index":7163,"bbox":[9.88160342,56.9833547,9.88160342,56.9833547],"reason":"Too few points in geometry component[9.88160342 56.9833547]"},{"index":7164,"bbox":[9.88160342,56.9833547,9.88160342,56.9833547],"reason":"Too few points in geometry component[9.88160342 56.9833547]"},{"index":7165,"bbox":[9.88160342,56.9833547,9.88160342,56.9833547],"reason":"Too few points in geometry component[9.88160342 56.9833547]"},{"index":7166,"bbox":[9.88160342,56.9833547,9.88160342,56.9833547],"reason":"Too few points in geometry component[9.88160342 56.9833547]"},{"index":7377,"bbox":[9.85002305,57.03824134,9.85002305,57.03824134],"reason":"Too few points in geometry component[9.85002305 57.03824134]"},{"index":7553,"bbox":[9.85002305,57.03824134,9.85002305,57.03824134],"reason":"Too few points in geometry component[9.85002305 57.03824134]"},{"index":7910,"bbox":[9.85988832,57.01445439,9.85988832,57.01445439],"reason":"Too few points in geometry component[9.85988832 57.01445439]"},{"index":8174,"bbox":[9.90955662,57.09497904,9.90955662,57.09497904],"reason":"Too few points in geometry component[9.90955662 57.09497904]"},{"index":8344,"bbox":[9.9127646,57.09732886,9.9127646,57.09732886],"reason":"Too few points in geometry component[9.9127646 57.09732886]"},{"index":8444,"bbox":[9.85080017,57.03285623,9.85080017,57.03285623],"reason":"Too few points in geometry component[9.85080017 57.03285623]"},{"index":8617,"bbox":[9.84736334,57.03513545,9.84736334,57.03513545],"reason":"Too few points in geometry component[9.84736334 57.03513545]"},{"index":9056,"bbox":[9.85724368,57.01216189,9.85724368,57.01216189],"reason":"Too few points in geometry component[9.85724368 57.01216189]"},{"index":9225,"bbox":[9.85655942,57.01319863,9.85655942,57.01319863],"reason":"Too few points in geometry component[9.85655942 57.01319863]"},{"index":9414,"bbox":[9.89195669,57.08327694,9.89195669,57.08327694],"reason":"Too few points in geometry component[9.89195669 57.08327694]"},{"index":9689,"bbox":[9.86388568,56.99256846,9.86388568,56.99256846],"reason":"Too few points in geometry component[9.86388568 56.99256846]"},{"index":9890,"bbox":[9.86230676,56.99151352,9.86230676,56.99151352],"reason":"Too few points in geometry component[9.86230676 56.99151352]"},{"index":9906,"bbox":[9.89092899,57.08480418,9.89092899,57.08480418],"reason":"Too few points in geometry component[9.89092899 57.08480418]"},{"index":10094,"bbox":[9.88966079,57.08598901,9.88966079,57.08598901],"reason":"Too few points in geometry component[9.88966079 57.08598901]"},{"index":10194,"bbox":[9.91707598,57.09685319,9.91707598,57.09685319],"reason":"Too few points in geometry component[9.91707598 57.09685319]"},{"index":10363,"bbox":[9.9201301,57.09881515,9.9201301,57.09881515],"reason":"Too few points in geometry component[9.9201301 57.09881515]"},{"index":10460,"bbox":[9.8657442,56.99416596,9.8657442,56.99416596],"reason":"Too few points in geometry component[9.8657442 56.99416596]"},{"index":10628,"bbox":[9.8643688,56.99455902,9.8643688,56.99455902],"reason":"Too few points in geometry component[9.8643688 56.99455902]"},{"index":10822,"bbox":[9.85002305,57.03824134,9.85002305,57.03824134],"reason":"Too few points in geometry component[9.85002305 57.03824134]"},{"index":10998,"bbox":[9.86218755,56.99148783,9.86218755,56.99148783],"reason":"Too few points in geometry component[9.86218755 56.99148783]"},{"index":11174,"bbox":[9.86141261,56.99258742,9.86141261,56.99258742],"reason":"Too few points in geometry component[9.86141261 56.99258742]"},{"index":11443,"bbox":[9.88934079,57.08330648,9.88934079,57.08330648],"reason":"Too few points in geometry component[9.88934079 57.08330648]"},{"index":11526,"bbox":[9.88980187,57.08353753,9.88980187,57.08353753],"reason":"Too few points in geometry component[9.88980187 57.08353753]"},{"index":11907,"bbox":[9.89507307,57.08751743,9.89507307,57.08751743],"reason":"Too few points in geometry component[9.89507307 57.08751743]"},{"index":12181,"bbox":[9.9158621,57.09833834,9.9158621,57.09833834],"reason":"Too few points in geometry component[9.9158621 57.09833834]"},{"index":12362,"bbox":[9.85924136,57.00965718,9.85924136,57.00965718],"reason":"Too few points in geometry component[9.85924136 57.00965718]"},{"index":12530,"bbox":[9.86022869,57.01219198,9.86022869,57.01219198],"reason":"Too few points in geometry component[9.86022869 57.01219198]"},{"index":12698,"bbox":[9.86067414,57.01311729,9.86067414,57.01311729],"reason":"Too few points in geometry component[9.86067414 57.01311729]"},{"index":12709,"bbox":[9.84630059,57.03600247,9.84630059,57.03600247],"reason":"Too few points in geometry component[9.84630059 57.03600247]"},{"index":12902,"bbox":[9.84866708,57.03605685,9.84866708,57.03605685],"reason":"Too few points in geometry component[9.84866708 57.03605685]"},{"index":13076,"bbox":[9.85654032,57.01333053,9.85654032,57.01333053],"reason":"Too few points in geometry component[9.85654032 57.01333053]"},{"index":13244,"bbox":[9.85693385,57.01418963,9.85693385,57.01418963],"reason":"Too few points in geometry component[9.85693385 57.01418963]"},{"index":13599,"bbox":[9.85080791,57.03673356,9.85080791,57.03673356],"reason":"Too few points in geometry component[9.85080791 57.03673356]"},{"index":13871,"bbox":[9.86349959,56.99358679,9.86349959,56.99358679],"reason":"Too few points in geometry component[9.86349959 56.99358679]"},{"index":14060,"bbox":[9.86551382,56.99418671,9.86551382,56.99418671],"reason":"Too few points in geometry component[9.86551382 56.99418671]"}]}}]}